{
  "model": "ensemble_with_gnn",
  "selected_by": "val_exact_random_0",
  "epoch": -1,
  "exact_acc": 0.4928151534944481,
  "micro_f1": 0.4928151534944481,
  "relaxed_acc": 0.8339320705421294,
  "within2_acc": 0.939745264532985,
  "macro_f1": 0.22493219121377087,
  "weighted_f1": 0.457087876077509,
  "rare_f1_5_9": 0.07600976140435538,
  "rare_recall_5_9": 0.08159974197710047,
  "rare_precision_5_9": 0.14395480225988702,
  "mse_argmax": 1.4400718484650554,
  "rmse_argmax": 1.200029936487026,
  "mae_argmax": 0.7509797517962117,
  "mse_expected": 1.0478068159797842,
  "rmse_expected": 1.023624352963422,
  "mae_expected": 0.7353279284575825,
  "members": "hybrid_gatv2_composite;hybrid_transformer_relaxed;hybrid_gine_composite;hybrid_transformer_composite",
  "weights": "0.3746;0.0920;0.4381;0.0953",
  "target_exact_met": false,
  "score_exact_mse": 0.42081156107119533
}