{
  "val": {
    "exact_acc": 0.49010002041232903,
    "micro_f1": 0.49010002041232903,
    "relaxed_acc": 0.8364972443355787,
    "within2_acc": 0.9397836293121045,
    "macro_f1": 0.2678095992883132,
    "weighted_f1": 0.4559481747386861,
    "rare_f1_5_9": 0.15979224136968248,
    "rare_recall_5_9": 0.16744552771052804,
    "rare_precision_5_9": 0.36956106040851805,
    "mse_argmax": 1.4211063482343336,
    "rmse_argmax": 1.1921016518042131,
    "mae_argmax": 0.7495407225964482,
    "mse_expected": 1.0824550082952928,
    "rmse_expected": 1.0404109804761255,
    "mae_expected": 0.7533281404267165,
    "confusion_matrix": [
      [
        1166,
        407,
        21,
        2,
        28,
        1,
        0,
        0,
        1,
        0
      ],
      [
        412,
        779,
        59,
        12,
        88,
        2,
        0,
        0,
        0,
        0
      ],
      [
        40,
        378,
        73,
        18,
        136,
        1,
        0,
        1,
        0,
        0
      ],
      [
        11,
        196,
        50,
        22,
        206,
        4,
        0,
        3,
        0,
        0
      ],
      [
        4,
        107,
        37,
        15,
        321,
        15,
        0,
        7,
        2,
        0
      ],
      [
        1,
        10,
        4,
        1,
        118,
        24,
        0,
        7,
        3,
        2
      ],
      [
        1,
        2,
        2,
        0,
        43,
        6,
        2,
        4,
        1,
        1
      ],
      [
        0,
        0,
        0,
        0,
        6,
        6,
        0,
        12,
        5,
        0
      ],
      [
        0,
        0,
        0,
        0,
        3,
        0,
        0,
        3,
        2,
        0
      ],
      [
        0,
        0,
        0,
        0,
        2,
        0,
        0,
        2,
        1,
        0
      ]
    ],
    "per_class": {
      "0": {
        "grade": "6B/6B+",
        "precision": 0.7131498470948012,
        "recall": 0.7170971709717097,
        "f1": 0.7151180619441889,
        "support": 1626
      },
      "1": {
        "grade": "6C/6C+",
        "precision": 0.41458222458754657,
        "recall": 0.5761834319526628,
        "f1": 0.48220365212008665,
        "support": 1352
      },
      "2": {
        "grade": "7A",
        "precision": 0.2967479674796748,
        "recall": 0.11282843894899536,
        "f1": 0.16349384098544234,
        "support": 647
      },
      "3": {
        "grade": "7A+",
        "precision": 0.3142857142857143,
        "recall": 0.044715447154471545,
        "f1": 0.07829181494661921,
        "support": 492
      },
      "4": {
        "grade": "7B/7B+",
        "precision": 0.33753943217665616,
        "recall": 0.6318897637795275,
        "f1": 0.44002741603838247,
        "support": 508
      },
      "5": {
        "grade": "7C",
        "precision": 0.4067796610169492,
        "recall": 0.1411764705882353,
        "f1": 0.2096069868995633,
        "support": 170
      },
      "6": {
        "grade": "7C+",
        "precision": 1.0,
        "recall": 0.03225806451612903,
        "f1": 0.0625,
        "support": 62
      },
      "7": {
        "grade": "8A",
        "precision": 0.3076923076923077,
        "recall": 0.41379310344827586,
        "f1": 0.35294117647058826,
        "support": 29
      },
      "8": {
        "grade": "8A+",
        "precision": 0.13333333333333333,
        "recall": 0.25,
        "f1": 0.17391304347826086,
        "support": 8
      },
      "9": {
        "grade": "8B",
        "precision": 0.0,
        "recall": 0.0,
        "f1": 0.0,
        "support": 5
      }
    }
  },
  "test": {
    "exact_acc": 0.4928151534944481,
    "micro_f1": 0.4928151534944481,
    "relaxed_acc": 0.8339320705421294,
    "within2_acc": 0.939745264532985,
    "macro_f1": 0.22493219121377087,
    "weighted_f1": 0.457087876077509,
    "rare_f1_5_9": 0.07600976140435538,
    "rare_recall_5_9": 0.08159974197710047,
    "rare_precision_5_9": 0.14395480225988702,
    "mse_argmax": 1.4400718484650554,
    "rmse_argmax": 1.200029936487026,
    "mae_argmax": 0.7509797517962117,
    "mse_expected": 1.0478068159797842,
    "rmse_expected": 1.023624352963422,
    "mae_expected": 0.7353279284575825,
    "confusion_matrix": [
      [
        1497,
        467,
        20,
        3,
        41,
        3,
        0,
        1,
        0,
        0
      ],
      [
        483,
        1001,
        79,
        23,
        100,
        3,
        0,
        1,
        1,
        0
      ],
      [
        43,
        474,
        76,
        20,
        193,
        3,
        0,
        0,
        0,
        0
      ],
      [
        11,
        236,
        73,
        27,
        257,
        7,
        0,
        4,
        0,
        0
      ],
      [
        4,
        129,
        59,
        15,
        386,
        29,
        2,
        9,
        2,
        0
      ],
      [
        0,
        16,
        6,
        3,
        153,
        19,
        0,
        15,
        0,
        0
      ],
      [
        1,
        2,
        2,
        2,
        36,
        21,
        1,
        11,
        2,
        0
      ],
      [
        0,
        0,
        0,
        0,
        16,
        6,
        0,
        11,
        3,
        0
      ],
      [
        0,
        0,
        0,
        0,
        3,
        3,
        0,
        4,
        0,
        0
      ],
      [
        0,
        1,
        0,
        0,
        1,
        1,
        0,
        3,
        0,
        0
      ]
    ],
    "per_class": {
      "0": {
        "grade": "6B/6B+",
        "precision": 0.7341834232466895,
        "recall": 0.7367125984251969,
        "f1": 0.735445836403832,
        "support": 2032
      },
      "1": {
        "grade": "6C/6C+",
        "precision": 0.4303525365434222,
        "recall": 0.5919574216439977,
        "f1": 0.49838187702265374,
        "support": 1691
      },
      "2": {
        "grade": "7A",
        "precision": 0.24126984126984127,
        "recall": 0.09394313967861558,
        "f1": 0.13523131672597866,
        "support": 809
      },
      "3": {
        "grade": "7A+",
        "precision": 0.2903225806451613,
        "recall": 0.04390243902439024,
        "f1": 0.07627118644067797,
        "support": 615
      },
      "4": {
        "grade": "7B/7B+",
        "precision": 0.3254637436762226,
        "recall": 0.6078740157480315,
        "f1": 0.42394288852278966,
        "support": 635
      },
      "5": {
        "grade": "7C",
        "precision": 0.2,
        "recall": 0.08962264150943396,
        "f1": 0.1237785016286645,
        "support": 212
      },
      "6": {
        "grade": "7C+",
        "precision": 0.3333333333333333,
        "recall": 0.01282051282051282,
        "f1": 0.024691358024691357,
        "support": 78
      },
      "7": {
        "grade": "8A",
        "precision": 0.1864406779661017,
        "recall": 0.3055555555555556,
        "f1": 0.23157894736842105,
        "support": 36
      },
      "8": {
        "grade": "8A+",
        "precision": 0.0,
        "recall": 0.0,
        "f1": 0.0,
        "support": 10
      },
      "9": {
        "grade": "8B",
        "precision": 0.0,
        "recall": 0.0,
        "f1": 0.0,
        "support": 6
      }
    }
  },
  "members": [
    "hybrid_gatv2_composite",
    "hybrid_transformer_relaxed",
    "hybrid_gine_composite",
    "hybrid_transformer_composite"
  ],
  "weights": [
    0.37457290291786194,
    0.09202264249324799,
    0.4381093382835388,
    0.09529513865709305
  ]
}