{
  "val": {
    "exact_acc": 0.44662175954276384,
    "micro_f1": 0.44662175954276384,
    "relaxed_acc": 0.8546642171871811,
    "within2_acc": 0.9601959583588487,
    "macro_f1": 0.2689980934399656,
    "weighted_f1": 0.45502300288248654,
    "rare_f1_5_9": 0.13351129314439422,
    "rare_recall_5_9": 0.11838873257868218,
    "rare_precision_5_9": 0.18092378092378092,
    "mse_argmax": 1.2800571545213308,
    "rmse_argmax": 1.131396108585022,
    "mae_argmax": 0.7505613390487854,
    "mse_expected": 1.149915495882442,
    "rmse_expected": 1.072341128504564,
    "mae_expected": 0.8109985076744207,
    "confusion_matrix": [
      [
        804,
        706,
        70,
        22,
        20,
        3,
        0,
        0,
        1,
        0
      ],
      [
        143,
        811,
        284,
        66,
        45,
        3,
        0,
        0,
        0,
        0
      ],
      [
        12,
        236,
        226,
        95,
        73,
        5,
        0,
        0,
        0,
        0
      ],
      [
        0,
        81,
        187,
        105,
        105,
        12,
        0,
        2,
        0,
        0
      ],
      [
        0,
        37,
        119,
        106,
        204,
        34,
        1,
        6,
        1,
        0
      ],
      [
        0,
        5,
        14,
        34,
        79,
        27,
        2,
        7,
        1,
        1
      ],
      [
        0,
        1,
        5,
        8,
        30,
        13,
        2,
        1,
        1,
        1
      ],
      [
        0,
        0,
        0,
        1,
        5,
        9,
        4,
        8,
        1,
        1
      ],
      [
        0,
        0,
        1,
        0,
        1,
        3,
        0,
        2,
        1,
        0
      ],
      [
        0,
        0,
        0,
        0,
        1,
        2,
        0,
        1,
        1,
        0
      ]
    ],
    "per_class": {
      "0": {
        "grade": "6B/6B+",
        "precision": 0.8383733055265902,
        "recall": 0.4944649446494465,
        "f1": 0.6220502901353965,
        "support": 1626
      },
      "1": {
        "grade": "6C/6C+",
        "precision": 0.4320724560468833,
        "recall": 0.5998520710059172,
        "f1": 0.5023227005264788,
        "support": 1352
      },
      "2": {
        "grade": "7A",
        "precision": 0.24944812362030905,
        "recall": 0.34930448222565685,
        "f1": 0.2910495814552479,
        "support": 647
      },
      "3": {
        "grade": "7A+",
        "precision": 0.2402745995423341,
        "recall": 0.21341463414634146,
        "f1": 0.22604951560818085,
        "support": 492
      },
      "4": {
        "grade": "7B/7B+",
        "precision": 0.3623445825932504,
        "recall": 0.4015748031496063,
        "f1": 0.38095238095238093,
        "support": 508
      },
      "5": {
        "grade": "7C",
        "precision": 0.24324324324324326,
        "recall": 0.1588235294117647,
        "f1": 0.19217081850533807,
        "support": 170
      },
      "6": {
        "grade": "7C+",
        "precision": 0.2222222222222222,
        "recall": 0.03225806451612903,
        "f1": 0.056338028169014086,
        "support": 62
      },
      "7": {
        "grade": "8A",
        "precision": 0.2962962962962963,
        "recall": 0.27586206896551724,
        "f1": 0.2857142857142857,
        "support": 29
      },
      "8": {
        "grade": "8A+",
        "precision": 0.14285714285714285,
        "recall": 0.125,
        "f1": 0.13333333333333333,
        "support": 8
      },
      "9": {
        "grade": "8B",
        "precision": 0.0,
        "recall": 0.0,
        "f1": 0.0,
        "support": 5
      }
    }
  },
  "test": {
    "exact_acc": 0.4611365120836055,
    "micro_f1": 0.4611365120836055,
    "relaxed_acc": 0.8602220770738079,
    "within2_acc": 0.9635858915741345,
    "macro_f1": 0.24918371075657136,
    "weighted_f1": 0.4711220787127821,
    "rare_f1_5_9": 0.08557881136950904,
    "rare_recall_5_9": 0.07425415255603934,
    "rare_precision_5_9": 0.10955844155844155,
    "mse_argmax": 1.2511430437622468,
    "rmse_argmax": 1.1185450566527246,
    "mae_argmax": 0.72893533638145,
    "mse_expected": 1.113271095398846,
    "rmse_expected": 1.055116626444132,
    "mae_expected": 0.7930546743578717,
    "confusion_matrix": [
      [
        1042,
        829,
        103,
        29,
        22,
        2,
        2,
        3,
        0,
        0
      ],
      [
        134,
        1070,
        355,
        88,
        40,
        3,
        0,
        1,
        0,
        0
      ],
      [
        4,
        283,
        285,
        136,
        94,
        7,
        0,
        0,
        0,
        0
      ],
      [
        1,
        98,
        228,
        133,
        134,
        17,
        2,
        1,
        1,
        0
      ],
      [
        2,
        45,
        145,
        136,
        240,
        56,
        3,
        5,
        1,
        2
      ],
      [
        0,
        5,
        15,
        28,
        107,
        47,
        5,
        5,
        0,
        0
      ],
      [
        0,
        1,
        3,
        6,
        33,
        26,
        3,
        6,
        0,
        0
      ],
      [
        0,
        0,
        1,
        1,
        11,
        12,
        4,
        4,
        2,
        1
      ],
      [
        0,
        0,
        0,
        0,
        2,
        3,
        2,
        3,
        0,
        0
      ],
      [
        0,
        0,
        1,
        0,
        2,
        2,
        1,
        0,
        0,
        0
      ]
    ],
    "per_class": {
      "0": {
        "grade": "6B/6B+",
        "precision": 0.8808114961961115,
        "recall": 0.5127952755905512,
        "f1": 0.6482115085536547,
        "support": 2032
      },
      "1": {
        "grade": "6C/6C+",
        "precision": 0.459030459030459,
        "recall": 0.6327616794795978,
        "f1": 0.5320735952262556,
        "support": 1691
      },
      "2": {
        "grade": "7A",
        "precision": 0.25088028169014087,
        "recall": 0.3522867737948084,
        "f1": 0.2930591259640103,
        "support": 809
      },
      "3": {
        "grade": "7A+",
        "precision": 0.23877917414721722,
        "recall": 0.216260162601626,
        "f1": 0.22696245733788395,
        "support": 615
      },
      "4": {
        "grade": "7B/7B+",
        "precision": 0.35036496350364965,
        "recall": 0.3779527559055118,
        "f1": 0.36363636363636365,
        "support": 635
      },
      "5": {
        "grade": "7C",
        "precision": 0.26857142857142857,
        "recall": 0.22169811320754718,
        "f1": 0.24289405684754523,
        "support": 212
      },
      "6": {
        "grade": "7C+",
        "precision": 0.13636363636363635,
        "recall": 0.038461538461538464,
        "f1": 0.06,
        "support": 78
      },
      "7": {
        "grade": "8A",
        "precision": 0.14285714285714285,
        "recall": 0.1111111111111111,
        "f1": 0.125,
        "support": 36
      },
      "8": {
        "grade": "8A+",
        "precision": 0.0,
        "recall": 0.0,
        "f1": 0.0,
        "support": 10
      },
      "9": {
        "grade": "8B",
        "precision": 0.0,
        "recall": 0.0,
        "f1": 0.0,
        "support": 6
      }
    }
  },
  "epoch": 31
}