{
  "val": {
    "exact_acc": 0.45825678709940804,
    "micro_f1": 0.45825678709940804,
    "relaxed_acc": 0.8438456827924066,
    "within2_acc": 0.9544805062257603,
    "macro_f1": 0.24180736406927594,
    "weighted_f1": 0.45922093451906654,
    "rare_f1_5_9": 0.09290306113147002,
    "rare_recall_5_9": 0.11085388994307402,
    "rare_precision_5_9": 0.08623858447488583,
    "mse_argmax": 1.3598693610941008,
    "rmse_argmax": 1.166134366655104,
    "mae_argmax": 0.7589303939579506,
    "mse_expected": 1.2056983322252206,
    "rmse_expected": 1.098042955546467,
    "mae_expected": 0.8139298663814526,
    "confusion_matrix": [
      [
        1006,
        508,
        79,
        10,
        20,
        1,
        0,
        0,
        2,
        0
      ],
      [
        280,
        710,
        266,
        37,
        53,
        5,
        1,
        0,
        0,
        0
      ],
      [
        30,
        240,
        241,
        42,
        81,
        13,
        0,
        0,
        0,
        0
      ],
      [
        5,
        95,
        189,
        51,
        118,
        30,
        2,
        0,
        1,
        1
      ],
      [
        2,
        50,
        134,
        51,
        181,
        85,
        3,
        0,
        1,
        1
      ],
      [
        1,
        6,
        17,
        8,
        68,
        52,
        9,
        1,
        3,
        5
      ],
      [
        0,
        1,
        4,
        4,
        26,
        22,
        3,
        0,
        1,
        1
      ],
      [
        0,
        0,
        0,
        0,
        7,
        10,
        8,
        0,
        3,
        1
      ],
      [
        0,
        0,
        1,
        0,
        2,
        0,
        5,
        0,
        0,
        0
      ],
      [
        0,
        0,
        0,
        0,
        1,
        1,
        1,
        1,
        0,
        1
      ]
    ],
    "per_class": {
      "0": {
        "grade": "6B/6B+",
        "precision": 0.7598187311178247,
        "recall": 0.6186961869618696,
        "f1": 0.6820338983050848,
        "support": 1626
      },
      "1": {
        "grade": "6C/6C+",
        "precision": 0.4409937888198758,
        "recall": 0.5251479289940828,
        "f1": 0.47940580688723833,
        "support": 1352
      },
      "2": {
        "grade": "7A",
        "precision": 0.2588614393125671,
        "recall": 0.37248840803709427,
        "f1": 0.30544993662864384,
        "support": 647
      },
      "3": {
        "grade": "7A+",
        "precision": 0.2512315270935961,
        "recall": 0.10365853658536585,
        "f1": 0.14676258992805755,
        "support": 492
      },
      "4": {
        "grade": "7B/7B+",
        "precision": 0.3249551166965889,
        "recall": 0.3562992125984252,
        "f1": 0.339906103286385,
        "support": 508
      },
      "5": {
        "grade": "7C",
        "precision": 0.2374429223744292,
        "recall": 0.3058823529411765,
        "f1": 0.26735218508997427,
        "support": 170
      },
      "6": {
        "grade": "7C+",
        "precision": 0.09375,
        "recall": 0.04838709677419355,
        "f1": 0.06382978723404255,
        "support": 62
      },
      "7": {
        "grade": "8A",
        "precision": 0.0,
        "recall": 0.0,
        "f1": 0.0,
        "support": 29
      },
      "8": {
        "grade": "8A+",
        "precision": 0.0,
        "recall": 0.0,
        "f1": 0.0,
        "support": 8
      },
      "9": {
        "grade": "8B",
        "precision": 0.1,
        "recall": 0.2,
        "f1": 0.13333333333333333,
        "support": 5
      }
    }
  },
  "test": {
    "exact_acc": 0.4776290006531679,
    "micro_f1": 0.4776290006531679,
    "relaxed_acc": 0.8527106466361855,
    "within2_acc": 0.9577073807968648,
    "macro_f1": 0.2620732971170618,
    "weighted_f1": 0.47987135990943197,
    "rare_f1_5_9": 0.12037408149632597,
    "rare_recall_5_9": 0.13243831640058054,
    "rare_precision_5_9": 0.1216898954703833,
    "mse_argmax": 1.309111691704768,
    "rmse_argmax": 1.1441641891375416,
    "mae_argmax": 0.7284454604833442,
    "mse_expected": 1.1676070018502926,
    "rmse_expected": 1.0805586526655055,
    "mae_expected": 0.7937127372022149,
    "confusion_matrix": [
      [
        1300,
        582,
        104,
        12,
        22,
        6,
        4,
        0,
        2,
        0
      ],
      [
        302,
        933,
        358,
        37,
        55,
        6,
        0,
        0,
        0,
        0
      ],
      [
        30,
        282,
        322,
        56,
        100,
        19,
        0,
        0,
        0,
        0
      ],
      [
        5,
        100,
        262,
        58,
        153,
        33,
        3,
        0,
        1,
        0
      ],
      [
        2,
        45,
        184,
        54,
        230,
        106,
        7,
        2,
        2,
        3
      ],
      [
        0,
        5,
        31,
        8,
        92,
        67,
        5,
        0,
        2,
        2
      ],
      [
        1,
        1,
        7,
        1,
        17,
        32,
        14,
        1,
        3,
        1
      ],
      [
        0,
        0,
        0,
        0,
        9,
        11,
        10,
        0,
        1,
        5
      ],
      [
        0,
        0,
        0,
        0,
        0,
        6,
        4,
        0,
        0,
        0
      ],
      [
        0,
        0,
        1,
        1,
        0,
        1,
        1,
        0,
        1,
        1
      ]
    ],
    "per_class": {
      "0": {
        "grade": "6B/6B+",
        "precision": 0.7926829268292683,
        "recall": 0.639763779527559,
        "f1": 0.7080610021786492,
        "support": 2032
      },
      "1": {
        "grade": "6C/6C+",
        "precision": 0.47895277207392195,
        "recall": 0.5517445298639858,
        "f1": 0.5127782357790602,
        "support": 1691
      },
      "2": {
        "grade": "7A",
        "precision": 0.25374310480693457,
        "recall": 0.3980222496909765,
        "f1": 0.30991337824831566,
        "support": 809
      },
      "3": {
        "grade": "7A+",
        "precision": 0.2555066079295154,
        "recall": 0.0943089430894309,
        "f1": 0.1377672209026128,
        "support": 615
      },
      "4": {
        "grade": "7B/7B+",
        "precision": 0.3392330383480826,
        "recall": 0.36220472440944884,
        "f1": 0.3503427265803503,
        "support": 635
      },
      "5": {
        "grade": "7C",
        "precision": 0.23344947735191637,
        "recall": 0.3160377358490566,
        "f1": 0.2685370741482966,
        "support": 212
      },
      "6": {
        "grade": "7C+",
        "precision": 0.2916666666666667,
        "recall": 0.1794871794871795,
        "f1": 0.2222222222222222,
        "support": 78
      },
      "7": {
        "grade": "8A",
        "precision": 0.0,
        "recall": 0.0,
        "f1": 0.0,
        "support": 36
      },
      "8": {
        "grade": "8A+",
        "precision": 0.0,
        "recall": 0.0,
        "f1": 0.0,
        "support": 10
      },
      "9": {
        "grade": "8B",
        "precision": 0.08333333333333333,
        "recall": 0.16666666666666666,
        "f1": 0.1111111111111111,
        "support": 6
      }
    }
  },
  "epoch": 28
}