{
  "val": {
    "exact_acc": 0.44682588283323127,
    "micro_f1": 0.44682588283323127,
    "relaxed_acc": 0.8260869565217391,
    "within2_acc": 0.9352929169218208,
    "macro_f1": 0.2817663187669204,
    "weighted_f1": 0.4541627435636288,
    "rare_f1_5_9": 0.17239058877407903,
    "rare_recall_5_9": 0.24577111823594847,
    "rare_precision_5_9": 0.15708843859802493,
    "mse_argmax": 1.5997142273933456,
    "rmse_argmax": 1.264798097481707,
    "mae_argmax": 0.8175137783221066,
    "mse_expected": 1.4510359667896684,
    "rmse_expected": 1.2045895428691336,
    "mae_expected": 0.9129776086340384,
    "confusion_matrix": [
      [
        908,
        582,
        71,
        16,
        44,
        1,
        3,
        0,
        1,
        0
      ],
      [
        222,
        695,
        255,
        51,
        116,
        9,
        2,
        0,
        1,
        1
      ],
      [
        23,
        191,
        210,
        56,
        155,
        6,
        5,
        0,
        1,
        0
      ],
      [
        4,
        69,
        121,
        59,
        197,
        20,
        14,
        3,
        3,
        2
      ],
      [
        2,
        32,
        77,
        50,
        251,
        60,
        25,
        7,
        4,
        0
      ],
      [
        1,
        5,
        7,
        4,
        75,
        39,
        20,
        7,
        12,
        0
      ],
      [
        0,
        1,
        4,
        2,
        23,
        9,
        16,
        2,
        5,
        0
      ],
      [
        0,
        0,
        0,
        0,
        3,
        5,
        7,
        7,
        7,
        0
      ],
      [
        0,
        0,
        0,
        0,
        1,
        2,
        0,
        1,
        4,
        0
      ],
      [
        0,
        0,
        0,
        0,
        0,
        1,
        1,
        0,
        3,
        0
      ]
    ],
    "per_class": {
      "0": {
        "grade": "6B/6B+",
        "precision": 0.7827586206896552,
        "recall": 0.5584255842558425,
        "f1": 0.6518305814788227,
        "support": 1626
      },
      "1": {
        "grade": "6C/6C+",
        "precision": 0.44126984126984126,
        "recall": 0.5140532544378699,
        "f1": 0.47488896481038606,
        "support": 1352
      },
      "2": {
        "grade": "7A",
        "precision": 0.28187919463087246,
        "recall": 0.32457496136012365,
        "f1": 0.3017241379310345,
        "support": 647
      },
      "3": {
        "grade": "7A+",
        "precision": 0.24789915966386555,
        "recall": 0.11991869918699187,
        "f1": 0.16164383561643836,
        "support": 492
      },
      "4": {
        "grade": "7B/7B+",
        "precision": 0.2901734104046243,
        "recall": 0.4940944881889764,
        "f1": 0.36562272396212675,
        "support": 508
      },
      "5": {
        "grade": "7C",
        "precision": 0.2565789473684211,
        "recall": 0.22941176470588234,
        "f1": 0.2422360248447205,
        "support": 170
      },
      "6": {
        "grade": "7C+",
        "precision": 0.17204301075268819,
        "recall": 0.25806451612903225,
        "f1": 0.2064516129032258,
        "support": 62
      },
      "7": {
        "grade": "8A",
        "precision": 0.25925925925925924,
        "recall": 0.2413793103448276,
        "f1": 0.25,
        "support": 29
      },
      "8": {
        "grade": "8A+",
        "precision": 0.0975609756097561,
        "recall": 0.5,
        "f1": 0.16326530612244897,
        "support": 8
      },
      "9": {
        "grade": "8B",
        "precision": 0.0,
        "recall": 0.0,
        "f1": 0.0,
        "support": 5
      }
    }
  },
  "test": {
    "exact_acc": 0.45640104506858264,
    "micro_f1": 0.45640104506858264,
    "relaxed_acc": 0.8200522534291312,
    "within2_acc": 0.9405617243631613,
    "macro_f1": 0.2542196864175174,
    "weighted_f1": 0.4681938608785269,
    "rare_f1_5_9": 0.11330830365817979,
    "rare_recall_5_9": 0.15569101757781004,
    "rare_precision_5_9": 0.0985351274855121,
    "mse_argmax": 1.643370346178968,
    "rmse_argmax": 1.2819400712119766,
    "mae_argmax": 0.8131939908556499,
    "mse_expected": 1.4432082208574424,
    "rmse_expected": 1.2013360149672707,
    "mae_expected": 0.9073649205781147,
    "confusion_matrix": [
      [
        1202,
        648,
        101,
        26,
        35,
        8,
        5,
        4,
        0,
        3
      ],
      [
        207,
        929,
        340,
        64,
        138,
        5,
        3,
        0,
        1,
        4
      ],
      [
        19,
        242,
        230,
        78,
        216,
        15,
        8,
        0,
        0,
        1
      ],
      [
        2,
        94,
        138,
        76,
        246,
        37,
        16,
        1,
        5,
        0
      ],
      [
        2,
        28,
        108,
        65,
        289,
        82,
        43,
        7,
        11,
        0
      ],
      [
        0,
        5,
        9,
        7,
        95,
        42,
        39,
        9,
        6,
        0
      ],
      [
        1,
        0,
        2,
        3,
        21,
        16,
        21,
        8,
        6,
        0
      ],
      [
        0,
        0,
        0,
        0,
        6,
        7,
        6,
        4,
        13,
        0
      ],
      [
        0,
        0,
        0,
        0,
        0,
        2,
        4,
        2,
        2,
        0
      ],
      [
        0,
        0,
        0,
        0,
        2,
        0,
        0,
        2,
        2,
        0
      ]
    ],
    "per_class": {
      "0": {
        "grade": "6B/6B+",
        "precision": 0.8387997208653175,
        "recall": 0.5915354330708661,
        "f1": 0.6937950937950937,
        "support": 2032
      },
      "1": {
        "grade": "6C/6C+",
        "precision": 0.4773895169578623,
        "recall": 0.5493790656416322,
        "f1": 0.5108605993951059,
        "support": 1691
      },
      "2": {
        "grade": "7A",
        "precision": 0.2478448275862069,
        "recall": 0.2843016069221261,
        "f1": 0.26482440990213013,
        "support": 809
      },
      "3": {
        "grade": "7A+",
        "precision": 0.23824451410658307,
        "recall": 0.12357723577235773,
        "f1": 0.16274089935760172,
        "support": 615
      },
      "4": {
        "grade": "7B/7B+",
        "precision": 0.27576335877862596,
        "recall": 0.45511811023622045,
        "f1": 0.3434343434343434,
        "support": 635
      },
      "5": {
        "grade": "7C",
        "precision": 0.19626168224299065,
        "recall": 0.19811320754716982,
        "f1": 0.19718309859154928,
        "support": 212
      },
      "6": {
        "grade": "7C+",
        "precision": 0.14482758620689656,
        "recall": 0.2692307692307692,
        "f1": 0.18834080717488788,
        "support": 78
      },
      "7": {
        "grade": "8A",
        "precision": 0.10810810810810811,
        "recall": 0.1111111111111111,
        "f1": 0.1095890410958904,
        "support": 36
      },
      "8": {
        "grade": "8A+",
        "precision": 0.043478260869565216,
        "recall": 0.2,
        "f1": 0.07142857142857142,
        "support": 10
      },
      "9": {
        "grade": "8B",
        "precision": 0.0,
        "recall": 0.0,
        "f1": 0.0,
        "support": 6
      }
    }
  },
  "epoch": 26
}