{
  "val": {
    "exact_acc": 0.4613186364564197,
    "micro_f1": 0.4613186364564197,
    "relaxed_acc": 0.8416003265972648,
    "within2_acc": 0.9467238211879976,
    "macro_f1": 0.30314847962160013,
    "weighted_f1": 0.46291336911101916,
    "rare_f1_5_9": 0.2091096005776074,
    "rare_recall_5_9": 0.23298632467447492,
    "rare_precision_5_9": 0.21024587284861257,
    "mse_argmax": 1.413962033067973,
    "rmse_argmax": 1.1891013552544514,
    "mae_argmax": 0.7672994488671158,
    "mse_expected": 1.1743783168964235,
    "rmse_expected": 1.0836873704608831,
    "mae_expected": 0.7826747622211029,
    "confusion_matrix": [
      [
        1109,
        401,
        66,
        26,
        16,
        6,
        0,
        1,
        1,
        0
      ],
      [
        365,
        638,
        219,
        61,
        64,
        2,
        2,
        1,
        0,
        0
      ],
      [
        29,
        256,
        178,
        90,
        78,
        13,
        2,
        1,
        0,
        0
      ],
      [
        9,
        102,
        141,
        94,
        113,
        19,
        9,
        5,
        0,
        0
      ],
      [
        5,
        49,
        86,
        99,
        187,
        56,
        14,
        10,
        2,
        0
      ],
      [
        1,
        6,
        9,
        23,
        75,
        32,
        13,
        7,
        3,
        1
      ],
      [
        0,
        2,
        3,
        4,
        23,
        11,
        7,
        10,
        1,
        1
      ],
      [
        0,
        0,
        0,
        0,
        3,
        4,
        5,
        12,
        5,
        0
      ],
      [
        0,
        1,
        0,
        0,
        0,
        2,
        0,
        3,
        2,
        0
      ],
      [
        0,
        0,
        0,
        0,
        0,
        1,
        0,
        2,
        1,
        1
      ]
    ],
    "per_class": {
      "0": {
        "grade": "6B/6B+",
        "precision": 0.730566534914361,
        "recall": 0.6820418204182042,
        "f1": 0.705470737913486,
        "support": 1626
      },
      "1": {
        "grade": "6C/6C+",
        "precision": 0.43848797250859106,
        "recall": 0.4718934911242604,
        "f1": 0.45457784111150695,
        "support": 1352
      },
      "2": {
        "grade": "7A",
        "precision": 0.2535612535612536,
        "recall": 0.2751159196290572,
        "f1": 0.26389918458117123,
        "support": 647
      },
      "3": {
        "grade": "7A+",
        "precision": 0.2367758186397985,
        "recall": 0.1910569105691057,
        "f1": 0.21147356580427445,
        "support": 492
      },
      "4": {
        "grade": "7B/7B+",
        "precision": 0.334525939177102,
        "recall": 0.36811023622047245,
        "f1": 0.35051546391752575,
        "support": 508
      },
      "5": {
        "grade": "7C",
        "precision": 0.2191780821917808,
        "recall": 0.18823529411764706,
        "f1": 0.20253164556962025,
        "support": 170
      },
      "6": {
        "grade": "7C+",
        "precision": 0.1346153846153846,
        "recall": 0.11290322580645161,
        "f1": 0.12280701754385964,
        "support": 62
      },
      "7": {
        "grade": "8A",
        "precision": 0.23076923076923078,
        "recall": 0.41379310344827586,
        "f1": 0.2962962962962963,
        "support": 29
      },
      "8": {
        "grade": "8A+",
        "precision": 0.13333333333333333,
        "recall": 0.25,
        "f1": 0.17391304347826086,
        "support": 8
      },
      "9": {
        "grade": "8B",
        "precision": 0.3333333333333333,
        "recall": 0.2,
        "f1": 0.25,
        "support": 5
      }
    }
  },
  "test": {
    "exact_acc": 0.48269105160026127,
    "micro_f1": 0.48269105160026127,
    "relaxed_acc": 0.8375244937949053,
    "within2_acc": 0.9505225342913128,
    "macro_f1": 0.27133118796180977,
    "weighted_f1": 0.4862592019895749,
    "rare_f1_5_9": 0.12274531865856875,
    "rare_recall_5_9": 0.13969843573617158,
    "rare_precision_5_9": 0.11325316319058495,
    "mse_argmax": 1.4407250163291967,
    "rmse_argmax": 1.20030205212238,
    "mae_argmax": 0.7522860875244938,
    "mse_expected": 1.167403523969329,
    "rmse_expected": 1.080464494543587,
    "mae_expected": 0.7708849436659795,
    "confusion_matrix": [
      [
        1435,
        449,
        88,
        22,
        25,
        4,
        3,
        6,
        0,
        0
      ],
      [
        408,
        844,
        278,
        95,
        51,
        12,
        2,
        1,
        0,
        0
      ],
      [
        28,
        299,
        245,
        107,
        106,
        21,
        2,
        0,
        1,
        0
      ],
      [
        4,
        128,
        159,
        134,
        152,
        20,
        10,
        7,
        0,
        1
      ],
      [
        2,
        53,
        126,
        101,
        235,
        63,
        32,
        19,
        3,
        1
      ],
      [
        1,
        7,
        12,
        22,
        97,
        39,
        17,
        12,
        4,
        1
      ],
      [
        1,
        1,
        3,
        4,
        25,
        18,
        15,
        9,
        2,
        0
      ],
      [
        0,
        0,
        1,
        0,
        9,
        6,
        10,
        8,
        2,
        0
      ],
      [
        0,
        0,
        0,
        0,
        1,
        2,
        2,
        4,
        1,
        0
      ],
      [
        0,
        1,
        1,
        0,
        1,
        2,
        1,
        0,
        0,
        0
      ]
    ],
    "per_class": {
      "0": {
        "grade": "6B/6B+",
        "precision": 0.7637040979244278,
        "recall": 0.7062007874015748,
        "f1": 0.7338276655586806,
        "support": 2032
      },
      "1": {
        "grade": "6C/6C+",
        "precision": 0.47362514029180697,
        "recall": 0.4991129509166174,
        "f1": 0.48603512813129857,
        "support": 1691
      },
      "2": {
        "grade": "7A",
        "precision": 0.2683461117196057,
        "recall": 0.30284301606922126,
        "f1": 0.2845528455284553,
        "support": 809
      },
      "3": {
        "grade": "7A+",
        "precision": 0.27628865979381445,
        "recall": 0.21788617886178863,
        "f1": 0.24363636363636362,
        "support": 615
      },
      "4": {
        "grade": "7B/7B+",
        "precision": 0.33475783475783477,
        "recall": 0.3700787401574803,
        "f1": 0.35153328347045626,
        "support": 635
      },
      "5": {
        "grade": "7C",
        "precision": 0.20855614973262032,
        "recall": 0.18396226415094338,
        "f1": 0.19548872180451127,
        "support": 212
      },
      "6": {
        "grade": "7C+",
        "precision": 0.1595744680851064,
        "recall": 0.19230769230769232,
        "f1": 0.1744186046511628,
        "support": 78
      },
      "7": {
        "grade": "8A",
        "precision": 0.12121212121212122,
        "recall": 0.2222222222222222,
        "f1": 0.1568627450980392,
        "support": 36
      },
      "8": {
        "grade": "8A+",
        "precision": 0.07692307692307693,
        "recall": 0.1,
        "f1": 0.08695652173913043,
        "support": 10
      },
      "9": {
        "grade": "8B",
        "precision": 0.0,
        "recall": 0.0,
        "f1": 0.0,
        "support": 6
      }
    }
  },
  "epoch": 41
}