{
  "val": {
    "exact_acc": 0.46601347213717087,
    "micro_f1": 0.46601347213717087,
    "relaxed_acc": 0.8379261073688508,
    "within2_acc": 0.9475403143498673,
    "macro_f1": 0.2710920831235013,
    "weighted_f1": 0.4638725129417434,
    "rare_f1_5_9": 0.13992662216086388,
    "rare_recall_5_9": 0.14440685729241642,
    "rare_precision_5_9": 0.1461213394855864,
    "mse_argmax": 1.449071239028373,
    "rmse_argmax": 1.203773749102535,
    "mae_argmax": 0.769748928352725,
    "mse_expected": 1.1575147830471435,
    "rmse_expected": 1.0758786098102069,
    "mae_expected": 0.7821025217859146,
    "confusion_matrix": [
      [
        1120,
        405,
        52,
        13,
        29,
        4,
        0,
        2,
        1,
        0
      ],
      [
        391,
        640,
        184,
        70,
        58,
        6,
        1,
        2,
        0,
        0
      ],
      [
        40,
        247,
        161,
        92,
        95,
        8,
        3,
        1,
        0,
        0
      ],
      [
        8,
        118,
        114,
        97,
        131,
        15,
        7,
        2,
        0,
        0
      ],
      [
        7,
        52,
        63,
        108,
        221,
        33,
        17,
        5,
        1,
        1
      ],
      [
        1,
        4,
        10,
        24,
        78,
        29,
        14,
        3,
        4,
        3
      ],
      [
        1,
        0,
        2,
        9,
        32,
        5,
        8,
        4,
        1,
        0
      ],
      [
        0,
        0,
        0,
        0,
        6,
        5,
        9,
        5,
        4,
        0
      ],
      [
        0,
        0,
        0,
        1,
        2,
        1,
        0,
        2,
        2,
        0
      ],
      [
        0,
        0,
        0,
        1,
        1,
        0,
        0,
        2,
        1,
        0
      ]
    ],
    "per_class": {
      "0": {
        "grade": "6B/6B+",
        "precision": 0.7142857142857143,
        "recall": 0.6888068880688807,
        "f1": 0.7013149655604258,
        "support": 1626
      },
      "1": {
        "grade": "6C/6C+",
        "precision": 0.43656207366984995,
        "recall": 0.47337278106508873,
        "f1": 0.45422285308729593,
        "support": 1352
      },
      "2": {
        "grade": "7A",
        "precision": 0.27474402730375425,
        "recall": 0.24884080370942813,
        "f1": 0.2611516626115166,
        "support": 647
      },
      "3": {
        "grade": "7A+",
        "precision": 0.23373493975903614,
        "recall": 0.19715447154471544,
        "f1": 0.21389195148842338,
        "support": 492
      },
      "4": {
        "grade": "7B/7B+",
        "precision": 0.33843797856049007,
        "recall": 0.43503937007874016,
        "f1": 0.3807062876830319,
        "support": 508
      },
      "5": {
        "grade": "7C",
        "precision": 0.27358490566037735,
        "recall": 0.17058823529411765,
        "f1": 0.21014492753623187,
        "support": 170
      },
      "6": {
        "grade": "7C+",
        "precision": 0.13559322033898305,
        "recall": 0.12903225806451613,
        "f1": 0.1322314049586777,
        "support": 62
      },
      "7": {
        "grade": "8A",
        "precision": 0.17857142857142858,
        "recall": 0.1724137931034483,
        "f1": 0.17543859649122806,
        "support": 29
      },
      "8": {
        "grade": "8A+",
        "precision": 0.14285714285714285,
        "recall": 0.25,
        "f1": 0.18181818181818182,
        "support": 8
      },
      "9": {
        "grade": "8B",
        "precision": 0.0,
        "recall": 0.0,
        "f1": 0.0,
        "support": 5
      }
    }
  },
  "test": {
    "exact_acc": 0.4779555845852384,
    "micro_f1": 0.4779555845852384,
    "relaxed_acc": 0.8386675375571522,
    "within2_acc": 0.9485630306988896,
    "macro_f1": 0.26193538841244185,
    "weighted_f1": 0.47675943823825884,
    "rare_f1_5_9": 0.1157555368657135,
    "rare_recall_5_9": 0.1206982744718594,
    "rare_precision_5_9": 0.11736206110351118,
    "mse_argmax": 1.4286414108425864,
    "rmse_argmax": 1.1952578846602882,
    "mae_argmax": 0.7552253429131287,
    "mse_expected": 1.1244392642671472,
    "rmse_expected": 1.0603958054741387,
    "mae_expected": 0.761629703381467,
    "confusion_matrix": [
      [
        1437,
        458,
        70,
        29,
        28,
        2,
        6,
        2,
        0,
        0
      ],
      [
        440,
        856,
        211,
        100,
        77,
        4,
        3,
        0,
        0,
        0
      ],
      [
        44,
        314,
        195,
        128,
        116,
        9,
        1,
        0,
        0,
        2
      ],
      [
        14,
        129,
        152,
        119,
        172,
        15,
        7,
        5,
        0,
        2
      ],
      [
        4,
        56,
        111,
        113,
        265,
        49,
        23,
        11,
        2,
        1
      ],
      [
        0,
        7,
        14,
        18,
        110,
        31,
        20,
        9,
        3,
        0
      ],
      [
        1,
        2,
        3,
        1,
        23,
        18,
        14,
        11,
        3,
        2
      ],
      [
        0,
        0,
        0,
        1,
        7,
        6,
        6,
        10,
        5,
        1
      ],
      [
        0,
        0,
        0,
        0,
        2,
        2,
        4,
        2,
        0,
        0
      ],
      [
        0,
        0,
        1,
        1,
        1,
        0,
        2,
        1,
        0,
        0
      ]
    ],
    "per_class": {
      "0": {
        "grade": "6B/6B+",
        "precision": 0.7407216494845361,
        "recall": 0.7071850393700787,
        "f1": 0.7235649546827795,
        "support": 2032
      },
      "1": {
        "grade": "6C/6C+",
        "precision": 0.4698133918770582,
        "recall": 0.5062093435836783,
        "f1": 0.48733276401935666,
        "support": 1691
      },
      "2": {
        "grade": "7A",
        "precision": 0.2575957727873184,
        "recall": 0.24103831891223734,
        "f1": 0.24904214559386972,
        "support": 809
      },
      "3": {
        "grade": "7A+",
        "precision": 0.23333333333333334,
        "recall": 0.19349593495934958,
        "f1": 0.21155555555555555,
        "support": 615
      },
      "4": {
        "grade": "7B/7B+",
        "precision": 0.33083645443196,
        "recall": 0.41732283464566927,
        "f1": 0.36908077994428967,
        "support": 635
      },
      "5": {
        "grade": "7C",
        "precision": 0.22794117647058823,
        "recall": 0.14622641509433962,
        "f1": 0.1781609195402299,
        "support": 212
      },
      "6": {
        "grade": "7C+",
        "precision": 0.16279069767441862,
        "recall": 0.1794871794871795,
        "f1": 0.17073170731707318,
        "support": 78
      },
      "7": {
        "grade": "8A",
        "precision": 0.19607843137254902,
        "recall": 0.2777777777777778,
        "f1": 0.22988505747126436,
        "support": 36
      },
      "8": {
        "grade": "8A+",
        "precision": 0.0,
        "recall": 0.0,
        "f1": 0.0,
        "support": 10
      },
      "9": {
        "grade": "8B",
        "precision": 0.0,
        "recall": 0.0,
        "f1": 0.0,
        "support": 6
      }
    }
  },
  "epoch": 57
}