{
  "val": {
    "exact_acc": 0.47377015717493365,
    "micro_f1": 0.47377015717493365,
    "relaxed_acc": 0.844049806082874,
    "within2_acc": 0.9503980404164115,
    "macro_f1": 0.27082417612881077,
    "weighted_f1": 0.469896863949276,
    "rare_f1_5_9": 0.13152151344906304,
    "rare_recall_5_9": 0.11869626382254794,
    "rare_precision_5_9": 0.15778878089532775,
    "mse_argmax": 1.3855888956929985,
    "rmse_argmax": 1.1771104008091162,
    "mae_argmax": 0.7495407225964482,
    "mse_expected": 1.1590135357087614,
    "rmse_expected": 1.0765749094739119,
    "mae_expected": 0.7753935161559349,
    "confusion_matrix": [
      [
        1166,
        360,
        55,
        16,
        23,
        1,
        2,
        1,
        1,
        1
      ],
      [
        421,
        596,
        204,
        60,
        70,
        1,
        0,
        0,
        0,
        0
      ],
      [
        37,
        255,
        176,
        71,
        101,
        4,
        3,
        0,
        0,
        0
      ],
      [
        12,
        101,
        119,
        100,
        138,
        16,
        4,
        1,
        0,
        1
      ],
      [
        4,
        48,
        80,
        95,
        234,
        31,
        11,
        3,
        1,
        1
      ],
      [
        1,
        7,
        7,
        15,
        84,
        37,
        6,
        5,
        4,
        4
      ],
      [
        0,
        2,
        3,
        4,
        29,
        14,
        7,
        0,
        2,
        1
      ],
      [
        0,
        0,
        0,
        0,
        5,
        7,
        7,
        4,
        4,
        2
      ],
      [
        0,
        0,
        0,
        0,
        1,
        2,
        0,
        4,
        1,
        0
      ],
      [
        0,
        0,
        0,
        0,
        2,
        1,
        1,
        0,
        1,
        0
      ]
    ],
    "per_class": {
      "0": {
        "grade": "6B/6B+",
        "precision": 0.7105423522242535,
        "recall": 0.7170971709717097,
        "f1": 0.7138047138047138,
        "support": 1626
      },
      "1": {
        "grade": "6C/6C+",
        "precision": 0.435354273192111,
        "recall": 0.4408284023668639,
        "f1": 0.4380742374127159,
        "support": 1352
      },
      "2": {
        "grade": "7A",
        "precision": 0.2732919254658385,
        "recall": 0.27202472952086554,
        "f1": 0.2726568551510457,
        "support": 647
      },
      "3": {
        "grade": "7A+",
        "precision": 0.2770083102493075,
        "recall": 0.2032520325203252,
        "f1": 0.23446658851113716,
        "support": 492
      },
      "4": {
        "grade": "7B/7B+",
        "precision": 0.3406113537117904,
        "recall": 0.46062992125984253,
        "f1": 0.3916317991631799,
        "support": 508
      },
      "5": {
        "grade": "7C",
        "precision": 0.32456140350877194,
        "recall": 0.21764705882352942,
        "f1": 0.2605633802816901,
        "support": 170
      },
      "6": {
        "grade": "7C+",
        "precision": 0.17073170731707318,
        "recall": 0.11290322580645161,
        "f1": 0.13592233009708737,
        "support": 62
      },
      "7": {
        "grade": "8A",
        "precision": 0.2222222222222222,
        "recall": 0.13793103448275862,
        "f1": 0.1702127659574468,
        "support": 29
      },
      "8": {
        "grade": "8A+",
        "precision": 0.07142857142857142,
        "recall": 0.125,
        "f1": 0.09090909090909091,
        "support": 8
      },
      "9": {
        "grade": "8B",
        "precision": 0.0,
        "recall": 0.0,
        "f1": 0.0,
        "support": 5
      }
    }
  },
  "test": {
    "exact_acc": 0.48661005878510777,
    "micro_f1": 0.48661005878510777,
    "relaxed_acc": 0.8512410189418681,
    "within2_acc": 0.9555845852384063,
    "macro_f1": 0.29437076157532743,
    "weighted_f1": 0.4832089158029931,
    "rare_f1_5_9": 0.17195617248248823,
    "rare_recall_5_9": 0.16845186260280598,
    "rare_precision_5_9": 0.1856701218403346,
    "mse_argmax": 1.32527759634226,
    "rmse_argmax": 1.1512070171529794,
    "mae_argmax": 0.7240365774003918,
    "mse_expected": 1.1299520061696777,
    "rmse_expected": 1.0629920066348937,
    "mae_expected": 0.7618386844227213,
    "confusion_matrix": [
      [
        1505,
        405,
        60,
        26,
        24,
        8,
        2,
        0,
        1,
        1
      ],
      [
        498,
        791,
        237,
        91,
        68,
        3,
        1,
        1,
        1,
        0
      ],
      [
        41,
        312,
        196,
        121,
        128,
        10,
        0,
        0,
        0,
        1
      ],
      [
        10,
        115,
        157,
        132,
        174,
        17,
        9,
        1,
        0,
        0
      ],
      [
        4,
        47,
        107,
        108,
        288,
        56,
        19,
        1,
        3,
        2
      ],
      [
        0,
        6,
        13,
        15,
        110,
        50,
        10,
        5,
        0,
        3
      ],
      [
        0,
        1,
        3,
        4,
        26,
        31,
        7,
        5,
        0,
        1
      ],
      [
        0,
        0,
        0,
        1,
        9,
        9,
        3,
        9,
        2,
        3
      ],
      [
        0,
        0,
        0,
        0,
        1,
        4,
        1,
        3,
        1,
        0
      ],
      [
        0,
        0,
        1,
        0,
        1,
        0,
        0,
        2,
        1,
        1
      ]
    ],
    "per_class": {
      "0": {
        "grade": "6B/6B+",
        "precision": 0.7312925170068028,
        "recall": 0.7406496062992126,
        "f1": 0.7359413202933985,
        "support": 2032
      },
      "1": {
        "grade": "6C/6C+",
        "precision": 0.47167561121049495,
        "recall": 0.4677705499704317,
        "f1": 0.46971496437054633,
        "support": 1691
      },
      "2": {
        "grade": "7A",
        "precision": 0.2532299741602067,
        "recall": 0.242274412855377,
        "f1": 0.2476310802274163,
        "support": 809
      },
      "3": {
        "grade": "7A+",
        "precision": 0.26506024096385544,
        "recall": 0.2146341463414634,
        "f1": 0.2371967654986523,
        "support": 615
      },
      "4": {
        "grade": "7B/7B+",
        "precision": 0.3474065138721351,
        "recall": 0.45354330708661417,
        "f1": 0.39344262295081966,
        "support": 635
      },
      "5": {
        "grade": "7C",
        "precision": 0.26595744680851063,
        "recall": 0.2358490566037736,
        "f1": 0.25,
        "support": 212
      },
      "6": {
        "grade": "7C+",
        "precision": 0.1346153846153846,
        "recall": 0.08974358974358974,
        "f1": 0.1076923076923077,
        "support": 78
      },
      "7": {
        "grade": "8A",
        "precision": 0.3333333333333333,
        "recall": 0.25,
        "f1": 0.2857142857142857,
        "support": 36
      },
      "8": {
        "grade": "8A+",
        "precision": 0.1111111111111111,
        "recall": 0.1,
        "f1": 0.10526315789473684,
        "support": 10
      },
      "9": {
        "grade": "8B",
        "precision": 0.08333333333333333,
        "recall": 0.16666666666666666,
        "f1": 0.1111111111111111,
        "support": 6
      }
    }
  },
  "epoch": 25
}