{
  "val": {
    "exact_acc": 0.47724025311288015,
    "micro_f1": 0.47724025311288015,
    "relaxed_acc": 0.8234333537456624,
    "within2_acc": 0.9295774647887324,
    "macro_f1": 0.22563486309070538,
    "weighted_f1": 0.4451951812665578,
    "rare_f1_5_9": 0.07338669114444543,
    "rare_recall_5_9": 0.15393574559968592,
    "rare_precision_5_9": 0.08735632183908046,
    "mse_argmax": 1.5839967340273524,
    "rmse_argmax": 1.258569320310706,
    "mae_argmax": 0.7924066135946112,
    "mse_expected": 1.24268165935368,
    "rmse_expected": 1.114756322858803,
    "mae_expected": 0.8024374732294655,
    "confusion_matrix": [
      [
        1210,
        358,
        9,
        22,
        22,
        0,
        1,
        3,
        1,
        0
      ],
      [
        475,
        706,
        43,
        41,
        83,
        1,
        0,
        3,
        0,
        0
      ],
      [
        55,
        355,
        59,
        51,
        118,
        3,
        2,
        4,
        0,
        0
      ],
      [
        17,
        179,
        47,
        57,
        174,
        5,
        0,
        13,
        0,
        0
      ],
      [
        9,
        106,
        37,
        46,
        279,
        7,
        1,
        22,
        1,
        0
      ],
      [
        2,
        9,
        3,
        11,
        106,
        5,
        5,
        28,
        1,
        0
      ],
      [
        0,
        2,
        2,
        3,
        33,
        7,
        1,
        14,
        0,
        0
      ],
      [
        0,
        0,
        0,
        0,
        5,
        0,
        2,
        21,
        1,
        0
      ],
      [
        0,
        0,
        0,
        1,
        1,
        1,
        0,
        5,
        0,
        0
      ],
      [
        0,
        0,
        0,
        0,
        2,
        0,
        0,
        3,
        0,
        0
      ]
    ],
    "per_class": {
      "0": {
        "grade": "6B/6B+",
        "precision": 0.6843891402714932,
        "recall": 0.7441574415744158,
        "f1": 0.713022981732469,
        "support": 1626
      },
      "1": {
        "grade": "6C/6C+",
        "precision": 0.41166180758017495,
        "recall": 0.522189349112426,
        "f1": 0.4603847407890447,
        "support": 1352
      },
      "2": {
        "grade": "7A",
        "precision": 0.295,
        "recall": 0.09119010819165378,
        "f1": 0.13931523022432113,
        "support": 647
      },
      "3": {
        "grade": "7A+",
        "precision": 0.24568965517241378,
        "recall": 0.11585365853658537,
        "f1": 0.1574585635359116,
        "support": 492
      },
      "4": {
        "grade": "7B/7B+",
        "precision": 0.33900364520048604,
        "recall": 0.5492125984251969,
        "f1": 0.4192336589030804,
        "support": 508
      },
      "5": {
        "grade": "7C",
        "precision": 0.1724137931034483,
        "recall": 0.029411764705882353,
        "f1": 0.05025125628140704,
        "support": 170
      },
      "6": {
        "grade": "7C+",
        "precision": 0.08333333333333333,
        "recall": 0.016129032258064516,
        "f1": 0.02702702702702703,
        "support": 62
      },
      "7": {
        "grade": "8A",
        "precision": 0.1810344827586207,
        "recall": 0.7241379310344828,
        "f1": 0.2896551724137931,
        "support": 29
      },
      "8": {
        "grade": "8A+",
        "precision": 0.0,
        "recall": 0.0,
        "f1": 0.0,
        "support": 8
      },
      "9": {
        "grade": "8B",
        "precision": 0.0,
        "recall": 0.0,
        "f1": 0.0,
        "support": 5
      }
    }
  },
  "test": {
    "exact_acc": 0.4870999346832136,
    "micro_f1": 0.4870999346832136,
    "relaxed_acc": 0.8229915088177662,
    "within2_acc": 0.9323971260613978,
    "macro_f1": 0.22730605112738594,
    "weighted_f1": 0.454882236131172,
    "rare_f1_5_9": 0.07244597701149424,
    "rare_recall_5_9": 0.1187469762941461,
    "rare_precision_5_9": 0.11789982201881515,
    "mse_argmax": 1.5672762900065316,
    "rmse_argmax": 1.2519090582013261,
    "mae_argmax": 0.7802090137165252,
    "mse_expected": 1.182642976537498,
    "rmse_expected": 1.0874938972414963,
    "mae_expected": 0.7767765171694947,
    "confusion_matrix": [
      [
        1568,
        390,
        13,
        20,
        33,
        0,
        0,
        6,
        2,
        0
      ],
      [
        576,
        893,
        60,
        71,
        88,
        2,
        0,
        1,
        0,
        0
      ],
      [
        72,
        432,
        71,
        70,
        159,
        0,
        1,
        4,
        0,
        0
      ],
      [
        16,
        235,
        50,
        70,
        225,
        3,
        1,
        14,
        1,
        0
      ],
      [
        6,
        137,
        35,
        56,
        350,
        14,
        5,
        31,
        1,
        0
      ],
      [
        0,
        14,
        7,
        9,
        139,
        9,
        6,
        28,
        0,
        0
      ],
      [
        1,
        3,
        3,
        3,
        32,
        4,
        4,
        28,
        0,
        0
      ],
      [
        0,
        0,
        0,
        0,
        13,
        4,
        0,
        18,
        1,
        0
      ],
      [
        0,
        0,
        0,
        0,
        2,
        2,
        1,
        5,
        0,
        0
      ],
      [
        0,
        1,
        0,
        0,
        1,
        0,
        0,
        3,
        1,
        0
      ]
    ],
    "per_class": {
      "0": {
        "grade": "6B/6B+",
        "precision": 0.7003126395712371,
        "recall": 0.7716535433070866,
        "f1": 0.7342542730039804,
        "support": 2032
      },
      "1": {
        "grade": "6C/6C+",
        "precision": 0.42422802850356295,
        "recall": 0.5280898876404494,
        "f1": 0.47049525816649107,
        "support": 1691
      },
      "2": {
        "grade": "7A",
        "precision": 0.29707112970711297,
        "recall": 0.08776266996291718,
        "f1": 0.13549618320610687,
        "support": 809
      },
      "3": {
        "grade": "7A+",
        "precision": 0.23411371237458195,
        "recall": 0.11382113821138211,
        "f1": 0.15317286652078774,
        "support": 615
      },
      "4": {
        "grade": "7B/7B+",
        "precision": 0.33589251439539347,
        "recall": 0.5511811023622047,
        "f1": 0.41741204531902204,
        "support": 635
      },
      "5": {
        "grade": "7C",
        "precision": 0.23684210526315788,
        "recall": 0.04245283018867924,
        "f1": 0.072,
        "support": 212
      },
      "6": {
        "grade": "7C+",
        "precision": 0.2222222222222222,
        "recall": 0.05128205128205128,
        "f1": 0.08333333333333333,
        "support": 78
      },
      "7": {
        "grade": "8A",
        "precision": 0.13043478260869565,
        "recall": 0.5,
        "f1": 0.20689655172413793,
        "support": 36
      },
      "8": {
        "grade": "8A+",
        "precision": 0.0,
        "recall": 0.0,
        "f1": 0.0,
        "support": 10
      },
      "9": {
        "grade": "8B",
        "precision": 0.0,
        "recall": 0.0,
        "f1": 0.0,
        "support": 6
      }
    }
  },
  "epoch": 11
}