{
  "val": {
    "exact_acc": 0.4694835680751174,
    "micro_f1": 0.4694835680751174,
    "relaxed_acc": 0.832006531945295,
    "within2_acc": 0.9440702184119208,
    "macro_f1": 0.2012027916419466,
    "weighted_f1": 0.44428406545147053,
    "rare_f1_5_9": 0.021666666666666667,
    "rare_recall_5_9": 0.01351043643263757,
    "rare_precision_5_9": 0.13176470588235295,
    "mse_argmax": 1.432333129210043,
    "rmse_argmax": 1.1968012070557261,
    "mae_argmax": 0.769748928352725,
    "mse_expected": 1.218695522595187,
    "rmse_expected": 1.1039454346095132,
    "mae_expected": 0.8111979917184531,
    "confusion_matrix": [
      [
        1188,
        347,
        57,
        2,
        30,
        0,
        0,
        1,
        1,
        0
      ],
      [
        462,
        604,
        179,
        11,
        95,
        0,
        1,
        0,
        0,
        0
      ],
      [
        48,
        284,
        171,
        6,
        138,
        0,
        0,
        0,
        0,
        0
      ],
      [
        16,
        117,
        143,
        24,
        189,
        0,
        3,
        0,
        0,
        0
      ],
      [
        7,
        58,
        116,
        17,
        305,
        2,
        2,
        1,
        0,
        0
      ],
      [
        2,
        4,
        20,
        2,
        127,
        6,
        9,
        0,
        0,
        0
      ],
      [
        0,
        3,
        3,
        0,
        53,
        1,
        2,
        0,
        0,
        0
      ],
      [
        0,
        0,
        0,
        0,
        18,
        1,
        10,
        0,
        0,
        0
      ],
      [
        0,
        0,
        1,
        0,
        3,
        0,
        4,
        0,
        0,
        0
      ],
      [
        0,
        0,
        0,
        0,
        2,
        0,
        3,
        0,
        0,
        0
      ]
    ],
    "per_class": {
      "0": {
        "grade": "6B/6B+",
        "precision": 0.689495066744051,
        "recall": 0.7306273062730627,
        "f1": 0.7094655120931621,
        "support": 1626
      },
      "1": {
        "grade": "6C/6C+",
        "precision": 0.4262526464361327,
        "recall": 0.4467455621301775,
        "f1": 0.4362585771036475,
        "support": 1352
      },
      "2": {
        "grade": "7A",
        "precision": 0.24782608695652175,
        "recall": 0.2642967542503864,
        "f1": 0.25579655946148094,
        "support": 647
      },
      "3": {
        "grade": "7A+",
        "precision": 0.3870967741935484,
        "recall": 0.04878048780487805,
        "f1": 0.08664259927797834,
        "support": 492
      },
      "4": {
        "grade": "7B/7B+",
        "precision": 0.3177083333333333,
        "recall": 0.6003937007874016,
        "f1": 0.41553133514986373,
        "support": 508
      },
      "5": {
        "grade": "7C",
        "precision": 0.6,
        "recall": 0.03529411764705882,
        "f1": 0.06666666666666667,
        "support": 170
      },
      "6": {
        "grade": "7C+",
        "precision": 0.058823529411764705,
        "recall": 0.03225806451612903,
        "f1": 0.041666666666666664,
        "support": 62
      },
      "7": {
        "grade": "8A",
        "precision": 0.0,
        "recall": 0.0,
        "f1": 0.0,
        "support": 29
      },
      "8": {
        "grade": "8A+",
        "precision": 0.0,
        "recall": 0.0,
        "f1": 0.0,
        "support": 8
      },
      "9": {
        "grade": "8B",
        "precision": 0.0,
        "recall": 0.0,
        "f1": 0.0,
        "support": 5
      }
    }
  },
  "test": {
    "exact_acc": 0.48726322664924887,
    "micro_f1": 0.48726322664924887,
    "relaxed_acc": 0.8345852384062704,
    "within2_acc": 0.9467668190725016,
    "macro_f1": 0.21116843621477854,
    "weighted_f1": 0.4600596378806146,
    "rare_f1_5_9": 0.03175105485232067,
    "rare_recall_5_9": 0.021722302854378324,
    "rare_precision_5_9": 0.07317647058823529,
    "mse_argmax": 1.4002286087524494,
    "rmse_argmax": 1.1833125575064474,
    "mae_argmax": 0.7477139124755062,
    "mse_expected": 1.1456607684257736,
    "rmse_expected": 1.0703554402280457,
    "mae_expected": 0.7811663900769682,
    "confusion_matrix": [
      [
        1540,
        384,
        62,
        3,
        40,
        0,
        1,
        1,
        1,
        0
      ],
      [
        549,
        800,
        226,
        10,
        106,
        0,
        0,
        0,
        0,
        0
      ],
      [
        65,
        314,
        223,
        17,
        190,
        0,
        0,
        0,
        0,
        0
      ],
      [
        12,
        155,
        174,
        24,
        244,
        2,
        3,
        1,
        0,
        0
      ],
      [
        7,
        80,
        130,
        21,
        386,
        5,
        5,
        1,
        0,
        0
      ],
      [
        0,
        10,
        16,
        3,
        173,
        4,
        6,
        0,
        0,
        0
      ],
      [
        1,
        3,
        4,
        0,
        56,
        7,
        7,
        0,
        0,
        0
      ],
      [
        0,
        0,
        0,
        1,
        23,
        5,
        7,
        0,
        0,
        0
      ],
      [
        0,
        0,
        0,
        0,
        6,
        0,
        4,
        0,
        0,
        0
      ],
      [
        0,
        0,
        1,
        0,
        2,
        2,
        1,
        0,
        0,
        0
      ]
    ],
    "per_class": {
      "0": {
        "grade": "6B/6B+",
        "precision": 0.7083716651333947,
        "recall": 0.7578740157480315,
        "f1": 0.7322872087494056,
        "support": 2032
      },
      "1": {
        "grade": "6C/6C+",
        "precision": 0.4581901489117984,
        "recall": 0.47309284447072736,
        "f1": 0.46552225778295026,
        "support": 1691
      },
      "2": {
        "grade": "7A",
        "precision": 0.26674641148325356,
        "recall": 0.27564894932014833,
        "f1": 0.2711246200607903,
        "support": 809
      },
      "3": {
        "grade": "7A+",
        "precision": 0.3037974683544304,
        "recall": 0.03902439024390244,
        "f1": 0.069164265129683,
        "support": 615
      },
      "4": {
        "grade": "7B/7B+",
        "precision": 0.31484502446982054,
        "recall": 0.6078740157480315,
        "f1": 0.41483073616335303,
        "support": 635
      },
      "5": {
        "grade": "7C",
        "precision": 0.16,
        "recall": 0.018867924528301886,
        "f1": 0.03375527426160337,
        "support": 212
      },
      "6": {
        "grade": "7C+",
        "precision": 0.20588235294117646,
        "recall": 0.08974358974358974,
        "f1": 0.125,
        "support": 78
      },
      "7": {
        "grade": "8A",
        "precision": 0.0,
        "recall": 0.0,
        "f1": 0.0,
        "support": 36
      },
      "8": {
        "grade": "8A+",
        "precision": 0.0,
        "recall": 0.0,
        "f1": 0.0,
        "support": 10
      },
      "9": {
        "grade": "8B",
        "precision": 0.0,
        "recall": 0.0,
        "f1": 0.0,
        "support": 6
      }
    }
  },
  "epoch": 10
}