{
  "val": {
    "exact_acc": 0.46540110226576853,
    "micro_f1": 0.46540110226576853,
    "relaxed_acc": 0.851398244539702,
    "within2_acc": 0.9591753419065115,
    "macro_f1": 0.2308782180336101,
    "weighted_f1": 0.46642623825566926,
    "rare_f1_5_9": 0.05070741369552915,
    "rare_recall_5_9": 0.04174573055028463,
    "rare_precision_5_9": 0.06507713884992987,
    "mse_argmax": 1.277811798326189,
    "rmse_argmax": 1.1304033785893375,
    "mae_argmax": 0.7356603388446622,
    "mse_expected": 1.1415229138119487,
    "rmse_expected": 1.0684207569173994,
    "mae_expected": 0.7854642081717921,
    "confusion_matrix": [
      [
        1105,
        410,
        66,
        29,
        10,
        4,
        0,
        0,
        2,
        0
      ],
      [
        370,
        637,
        227,
        83,
        33,
        2,
        0,
        0,
        0,
        0
      ],
      [
        39,
        251,
        194,
        106,
        51,
        6,
        0,
        0,
        0,
        0
      ],
      [
        9,
        89,
        153,
        156,
        70,
        14,
        1,
        0,
        0,
        0
      ],
      [
        4,
        48,
        97,
        175,
        156,
        23,
        4,
        0,
        1,
        0
      ],
      [
        1,
        5,
        8,
        46,
        66,
        30,
        11,
        2,
        0,
        1
      ],
      [
        0,
        1,
        3,
        16,
        20,
        19,
        2,
        0,
        1,
        0
      ],
      [
        0,
        0,
        0,
        0,
        7,
        12,
        10,
        0,
        0,
        0
      ],
      [
        0,
        0,
        0,
        1,
        1,
        3,
        3,
        0,
        0,
        0
      ],
      [
        0,
        0,
        0,
        0,
        2,
        2,
        0,
        1,
        0,
        0
      ]
    ],
    "per_class": {
      "0": {
        "grade": "6B/6B+",
        "precision": 0.7231675392670157,
        "recall": 0.6795817958179582,
        "f1": 0.7006975269499048,
        "support": 1626
      },
      "1": {
        "grade": "6C/6C+",
        "precision": 0.44205412907702984,
        "recall": 0.47115384615384615,
        "f1": 0.45614035087719296,
        "support": 1352
      },
      "2": {
        "grade": "7A",
        "precision": 0.25935828877005346,
        "recall": 0.29984544049459044,
        "f1": 0.27813620071684586,
        "support": 647
      },
      "3": {
        "grade": "7A+",
        "precision": 0.2549019607843137,
        "recall": 0.3170731707317073,
        "f1": 0.2826086956521739,
        "support": 492
      },
      "4": {
        "grade": "7B/7B+",
        "precision": 0.375,
        "recall": 0.30708661417322836,
        "f1": 0.33766233766233766,
        "support": 508
      },
      "5": {
        "grade": "7C",
        "precision": 0.2608695652173913,
        "recall": 0.17647058823529413,
        "f1": 0.21052631578947367,
        "support": 170
      },
      "6": {
        "grade": "7C+",
        "precision": 0.06451612903225806,
        "recall": 0.03225806451612903,
        "f1": 0.043010752688172046,
        "support": 62
      },
      "7": {
        "grade": "8A",
        "precision": 0.0,
        "recall": 0.0,
        "f1": 0.0,
        "support": 29
      },
      "8": {
        "grade": "8A+",
        "precision": 0.0,
        "recall": 0.0,
        "f1": 0.0,
        "support": 8
      },
      "9": {
        "grade": "8B",
        "precision": 0.0,
        "recall": 0.0,
        "f1": 0.0,
        "support": 5
      }
    }
  },
  "test": {
    "exact_acc": 0.4870999346832136,
    "micro_f1": 0.4870999346832136,
    "relaxed_acc": 0.8631613324624429,
    "within2_acc": 0.9634225996080993,
    "macro_f1": 0.2572209819379432,
    "weighted_f1": 0.4897952588640983,
    "rare_f1_5_9": 0.0888857538857539,
    "rare_recall_5_9": 0.0691985163683277,
    "rare_precision_5_9": 0.17403822288409035,
    "mse_argmax": 1.2068909209666885,
    "rmse_argmax": 1.0985858732783198,
    "mae_argmax": 0.6987263226649248,
    "mse_expected": 1.0893530110192056,
    "rmse_expected": 1.0437207533718995,
    "mae_expected": 0.7602607080691471,
    "confusion_matrix": [
      [
        1429,
        472,
        72,
        36,
        15,
        5,
        1,
        0,
        2,
        0
      ],
      [
        408,
        860,
        282,
        104,
        32,
        4,
        1,
        0,
        0,
        0
      ],
      [
        35,
        298,
        243,
        161,
        66,
        6,
        0,
        0,
        0,
        0
      ],
      [
        7,
        105,
        189,
        197,
        100,
        14,
        2,
        0,
        1,
        0
      ],
      [
        4,
        43,
        136,
        206,
        201,
        40,
        2,
        1,
        2,
        0
      ],
      [
        0,
        6,
        18,
        33,
        103,
        43,
        7,
        1,
        1,
        0
      ],
      [
        1,
        0,
        3,
        9,
        28,
        27,
        9,
        0,
        1,
        0
      ],
      [
        0,
        0,
        0,
        1,
        12,
        13,
        7,
        1,
        2,
        0
      ],
      [
        0,
        0,
        0,
        0,
        2,
        4,
        4,
        0,
        0,
        0
      ],
      [
        0,
        0,
        1,
        1,
        0,
        2,
        1,
        0,
        1,
        0
      ]
    ],
    "per_class": {
      "0": {
        "grade": "6B/6B+",
        "precision": 0.7584925690021231,
        "recall": 0.703248031496063,
        "f1": 0.7298263534218591,
        "support": 2032
      },
      "1": {
        "grade": "6C/6C+",
        "precision": 0.4820627802690583,
        "recall": 0.5085748078060319,
        "f1": 0.4949640287769784,
        "support": 1691
      },
      "2": {
        "grade": "7A",
        "precision": 0.2574152542372881,
        "recall": 0.3003708281829419,
        "f1": 0.2772390188248717,
        "support": 809
      },
      "3": {
        "grade": "7A+",
        "precision": 0.26336898395721925,
        "recall": 0.3203252032520325,
        "f1": 0.289068231841526,
        "support": 615
      },
      "4": {
        "grade": "7B/7B+",
        "precision": 0.3595706618962433,
        "recall": 0.3165354330708661,
        "f1": 0.33668341708542715,
        "support": 635
      },
      "5": {
        "grade": "7C",
        "precision": 0.2721518987341772,
        "recall": 0.2028301886792453,
        "f1": 0.23243243243243245,
        "support": 212
      },
      "6": {
        "grade": "7C+",
        "precision": 0.2647058823529412,
        "recall": 0.11538461538461539,
        "f1": 0.16071428571428573,
        "support": 78
      },
      "7": {
        "grade": "8A",
        "precision": 0.3333333333333333,
        "recall": 0.027777777777777776,
        "f1": 0.05128205128205128,
        "support": 36
      },
      "8": {
        "grade": "8A+",
        "precision": 0.0,
        "recall": 0.0,
        "f1": 0.0,
        "support": 10
      },
      "9": {
        "grade": "8B",
        "precision": 0.0,
        "recall": 0.0,
        "f1": 0.0,
        "support": 6
      }
    }
  },
  "epoch": 16
}