{
  "val": {
    "exact_acc": 0.4805062257603593,
    "micro_f1": 0.4805062257603593,
    "relaxed_acc": 0.8211879975505205,
    "within2_acc": 0.9318228209838743,
    "macro_f1": 0.2290343408402682,
    "weighted_f1": 0.43594281566158816,
    "rare_f1_5_9": 0.09276467068512428,
    "rare_recall_5_9": 0.11216089772950337,
    "rare_precision_5_9": 0.1322222222222222,
    "mse_argmax": 1.5466421718718106,
    "rmse_argmax": 1.2436406924316246,
    "mae_argmax": 0.7856705450091855,
    "mse_expected": 1.1381392237799715,
    "rmse_expected": 1.0668360810264956,
    "mae_expected": 0.7646044683679281,
    "confusion_matrix": [
      [
        1296,
        266,
        15,
        11,
        35,
        0,
        1,
        0,
        1,
        1
      ],
      [
        555,
        623,
        53,
        17,
        104,
        0,
        0,
        0,
        0,
        0
      ],
      [
        68,
        339,
        56,
        16,
        166,
        0,
        0,
        2,
        0,
        0
      ],
      [
        24,
        165,
        52,
        33,
        215,
        1,
        1,
        1,
        0,
        0
      ],
      [
        13,
        93,
        33,
        26,
        331,
        5,
        0,
        6,
        1,
        0
      ],
      [
        2,
        7,
        4,
        5,
        130,
        1,
        1,
        18,
        2,
        0
      ],
      [
        0,
        3,
        1,
        2,
        47,
        2,
        1,
        3,
        2,
        1
      ],
      [
        0,
        0,
        0,
        0,
        13,
        0,
        0,
        12,
        3,
        1
      ],
      [
        0,
        0,
        0,
        1,
        2,
        0,
        1,
        3,
        1,
        0
      ],
      [
        0,
        0,
        0,
        0,
        2,
        0,
        0,
        3,
        0,
        0
      ]
    ],
    "per_class": {
      "0": {
        "grade": "6B/6B+",
        "precision": 0.6618998978549541,
        "recall": 0.7970479704797048,
        "f1": 0.7232142857142857,
        "support": 1626
      },
      "1": {
        "grade": "6C/6C+",
        "precision": 0.4164438502673797,
        "recall": 0.46079881656804733,
        "f1": 0.4375,
        "support": 1352
      },
      "2": {
        "grade": "7A",
        "precision": 0.2616822429906542,
        "recall": 0.0865533230293663,
        "f1": 0.13008130081300814,
        "support": 647
      },
      "3": {
        "grade": "7A+",
        "precision": 0.2972972972972973,
        "recall": 0.06707317073170732,
        "f1": 0.10945273631840796,
        "support": 492
      },
      "4": {
        "grade": "7B/7B+",
        "precision": 0.3167464114832536,
        "recall": 0.6515748031496063,
        "f1": 0.42627173213135866,
        "support": 508
      },
      "5": {
        "grade": "7C",
        "precision": 0.1111111111111111,
        "recall": 0.0058823529411764705,
        "f1": 0.0111731843575419,
        "support": 170
      },
      "6": {
        "grade": "7C+",
        "precision": 0.2,
        "recall": 0.016129032258064516,
        "f1": 0.029850746268656716,
        "support": 62
      },
      "7": {
        "grade": "8A",
        "precision": 0.25,
        "recall": 0.41379310344827586,
        "f1": 0.3116883116883117,
        "support": 29
      },
      "8": {
        "grade": "8A+",
        "precision": 0.1,
        "recall": 0.125,
        "f1": 0.1111111111111111,
        "support": 8
      },
      "9": {
        "grade": "8B",
        "precision": 0.0,
        "recall": 0.0,
        "f1": 0.0,
        "support": 5
      }
    }
  },
  "test": {
    "exact_acc": 0.4808948399738733,
    "micro_f1": 0.4808948399738733,
    "relaxed_acc": 0.8215218811234487,
    "within2_acc": 0.9328870019595036,
    "macro_f1": 0.21495436226639203,
    "weighted_f1": 0.43748708407668213,
    "rare_f1_5_9": 0.06676714090507194,
    "rare_recall_5_9": 0.06873407514916949,
    "rare_precision_5_9": 0.13656565656565658,
    "mse_argmax": 1.5486610058785109,
    "rmse_argmax": 1.2444520906320624,
    "mae_argmax": 0.7847811887655127,
    "mse_expected": 1.1018537165355358,
    "rmse_expected": 1.0496922008548677,
    "mae_expected": 0.7461167906300232,
    "confusion_matrix": [
      [
        1639,
        323,
        15,
        7,
        42,
        0,
        1,
        2,
        3,
        0
      ],
      [
        681,
        771,
        87,
        18,
        133,
        1,
        0,
        0,
        0,
        0
      ],
      [
        83,
        409,
        74,
        28,
        215,
        0,
        0,
        0,
        0,
        0
      ],
      [
        17,
        218,
        66,
        33,
        271,
        3,
        0,
        7,
        0,
        0
      ],
      [
        7,
        122,
        56,
        19,
        413,
        4,
        1,
        8,
        3,
        2
      ],
      [
        0,
        12,
        5,
        1,
        169,
        5,
        5,
        13,
        0,
        2
      ],
      [
        1,
        2,
        1,
        2,
        51,
        4,
        2,
        12,
        1,
        2
      ],
      [
        0,
        0,
        0,
        0,
        21,
        3,
        0,
        7,
        3,
        2
      ],
      [
        0,
        0,
        0,
        0,
        5,
        0,
        0,
        4,
        1,
        0
      ],
      [
        0,
        0,
        0,
        0,
        3,
        0,
        0,
        2,
        1,
        0
      ]
    ],
    "per_class": {
      "0": {
        "grade": "6B/6B+",
        "precision": 0.6750411861614497,
        "recall": 0.8065944881889764,
        "f1": 0.7349775784753363,
        "support": 2032
      },
      "1": {
        "grade": "6C/6C+",
        "precision": 0.41518578352180935,
        "recall": 0.4559432288586635,
        "f1": 0.4346110484780158,
        "support": 1691
      },
      "2": {
        "grade": "7A",
        "precision": 0.24342105263157895,
        "recall": 0.09147095179233622,
        "f1": 0.132973944294699,
        "support": 809
      },
      "3": {
        "grade": "7A+",
        "precision": 0.3055555555555556,
        "recall": 0.05365853658536585,
        "f1": 0.0912863070539419,
        "support": 615
      },
      "4": {
        "grade": "7B/7B+",
        "precision": 0.31216931216931215,
        "recall": 0.6503937007874016,
        "f1": 0.4218590398365679,
        "support": 635
      },
      "5": {
        "grade": "7C",
        "precision": 0.25,
        "recall": 0.02358490566037736,
        "f1": 0.04310344827586207,
        "support": 212
      },
      "6": {
        "grade": "7C+",
        "precision": 0.2222222222222222,
        "recall": 0.02564102564102564,
        "f1": 0.04597701149425287,
        "support": 78
      },
      "7": {
        "grade": "8A",
        "precision": 0.12727272727272726,
        "recall": 0.19444444444444445,
        "f1": 0.15384615384615385,
        "support": 36
      },
      "8": {
        "grade": "8A+",
        "precision": 0.08333333333333333,
        "recall": 0.1,
        "f1": 0.09090909090909091,
        "support": 10
      },
      "9": {
        "grade": "8B",
        "precision": 0.0,
        "recall": 0.0,
        "f1": 0.0,
        "support": 6
      }
    }
  },
  "epoch": 14
}