{
  "val": {
    "exact_acc": 0.4523372116758522,
    "micro_f1": 0.4523372116758522,
    "relaxed_acc": 0.8132271892222903,
    "within2_acc": 0.9310063278220045,
    "macro_f1": 0.26509749121955084,
    "weighted_f1": 0.4489715468256422,
    "rare_f1_5_9": 0.14877373262869448,
    "rare_recall_5_9": 0.167785447883269,
    "rare_precision_5_9": 0.1885504557554247,
    "mse_argmax": 1.6433966115533782,
    "rmse_argmax": 1.2819503155557075,
    "mae_argmax": 0.8281281894264135,
    "mse_expected": 1.302896000163444,
    "rmse_expected": 1.1414446986882212,
    "mae_expected": 0.8475952996984717,
    "confusion_matrix": [
      [
        1041,
        486,
        37,
        25,
        34,
        0,
        2,
        0,
        1,
        0
      ],
      [
        340,
        700,
        109,
        90,
        104,
        5,
        4,
        0,
        0,
        0
      ],
      [
        38,
        274,
        99,
        94,
        127,
        6,
        9,
        0,
        0,
        0
      ],
      [
        5,
        122,
        67,
        87,
        174,
        19,
        11,
        1,
        2,
        4
      ],
      [
        3,
        66,
        52,
        78,
        244,
        21,
        35,
        2,
        1,
        6
      ],
      [
        1,
        7,
        2,
        19,
        88,
        28,
        13,
        0,
        9,
        3
      ],
      [
        0,
        0,
        4,
        7,
        29,
        8,
        10,
        1,
        3,
        0
      ],
      [
        0,
        0,
        0,
        0,
        8,
        4,
        11,
        4,
        2,
        0
      ],
      [
        0,
        0,
        0,
        1,
        1,
        1,
        1,
        1,
        3,
        0
      ],
      [
        0,
        0,
        0,
        0,
        1,
        0,
        2,
        1,
        1,
        0
      ]
    ],
    "per_class": {
      "0": {
        "grade": "6B/6B+",
        "precision": 0.7289915966386554,
        "recall": 0.6402214022140221,
        "f1": 0.6817288801571709,
        "support": 1626
      },
      "1": {
        "grade": "6C/6C+",
        "precision": 0.4229607250755287,
        "recall": 0.5177514792899408,
        "f1": 0.4655803126039242,
        "support": 1352
      },
      "2": {
        "grade": "7A",
        "precision": 0.26756756756756755,
        "recall": 0.15301391035548687,
        "f1": 0.19469026548672566,
        "support": 647
      },
      "3": {
        "grade": "7A+",
        "precision": 0.2169576059850374,
        "recall": 0.17682926829268292,
        "f1": 0.1948488241881299,
        "support": 492
      },
      "4": {
        "grade": "7B/7B+",
        "precision": 0.3012345679012346,
        "recall": 0.48031496062992124,
        "f1": 0.37025796661608495,
        "support": 508
      },
      "5": {
        "grade": "7C",
        "precision": 0.30434782608695654,
        "recall": 0.16470588235294117,
        "f1": 0.21374045801526717,
        "support": 170
      },
      "6": {
        "grade": "7C+",
        "precision": 0.10204081632653061,
        "recall": 0.16129032258064516,
        "f1": 0.125,
        "support": 62
      },
      "7": {
        "grade": "8A",
        "precision": 0.4,
        "recall": 0.13793103448275862,
        "f1": 0.20512820512820512,
        "support": 29
      },
      "8": {
        "grade": "8A+",
        "precision": 0.13636363636363635,
        "recall": 0.375,
        "f1": 0.2,
        "support": 8
      },
      "9": {
        "grade": "8B",
        "precision": 0.0,
        "recall": 0.0,
        "f1": 0.0,
        "support": 5
      }
    }
  },
  "test": {
    "exact_acc": 0.4715871979098628,
    "micro_f1": 0.4715871979098628,
    "relaxed_acc": 0.8207054212932724,
    "within2_acc": 0.9364794252122796,
    "macro_f1": 0.24397568806035105,
    "weighted_f1": 0.4670521043961083,
    "rare_f1_5_9": 0.09160872096749341,
    "rare_recall_5_9": 0.09075149169488791,
    "rare_precision_5_9": 0.11183756972188448,
    "mse_argmax": 1.5911169170476813,
    "rmse_argmax": 1.2613948299591533,
    "mae_argmax": 0.7971913781841934,
    "mse_expected": 1.2435538670565969,
    "rmse_expected": 1.115147464264972,
    "mae_expected": 0.8176214971408068,
    "confusion_matrix": [
      [
        1357,
        548,
        44,
        34,
        38,
        4,
        5,
        0,
        2,
        0
      ],
      [
        371,
        942,
        138,
        121,
        109,
        5,
        5,
        0,
        0,
        0
      ],
      [
        40,
        328,
        117,
        125,
        186,
        5,
        6,
        1,
        0,
        1
      ],
      [
        9,
        146,
        83,
        119,
        224,
        14,
        15,
        2,
        1,
        2
      ],
      [
        5,
        73,
        54,
        103,
        309,
        31,
        46,
        5,
        5,
        4
      ],
      [
        0,
        9,
        5,
        17,
        125,
        21,
        27,
        1,
        5,
        2
      ],
      [
        1,
        1,
        3,
        5,
        25,
        14,
        19,
        4,
        5,
        1
      ],
      [
        0,
        0,
        0,
        0,
        11,
        4,
        7,
        4,
        8,
        2
      ],
      [
        0,
        0,
        0,
        0,
        3,
        1,
        4,
        2,
        0,
        0
      ],
      [
        0,
        1,
        0,
        0,
        2,
        2,
        1,
        0,
        0,
        0
      ]
    ],
    "per_class": {
      "0": {
        "grade": "6B/6B+",
        "precision": 0.7610768367919237,
        "recall": 0.6678149606299213,
        "f1": 0.7114023591087811,
        "support": 2032
      },
      "1": {
        "grade": "6C/6C+",
        "precision": 0.4599609375,
        "recall": 0.5570668243642815,
        "f1": 0.503878042257288,
        "support": 1691
      },
      "2": {
        "grade": "7A",
        "precision": 0.2635135135135135,
        "recall": 0.1446229913473424,
        "f1": 0.18675179569034317,
        "support": 809
      },
      "3": {
        "grade": "7A+",
        "precision": 0.22709923664122136,
        "recall": 0.19349593495934958,
        "f1": 0.208955223880597,
        "support": 615
      },
      "4": {
        "grade": "7B/7B+",
        "precision": 0.29941860465116277,
        "recall": 0.48661417322834644,
        "f1": 0.3707258548290342,
        "support": 635
      },
      "5": {
        "grade": "7C",
        "precision": 0.2079207920792079,
        "recall": 0.09905660377358491,
        "f1": 0.134185303514377,
        "support": 212
      },
      "6": {
        "grade": "7C+",
        "precision": 0.14074074074074075,
        "recall": 0.24358974358974358,
        "f1": 0.1784037558685446,
        "support": 78
      },
      "7": {
        "grade": "8A",
        "precision": 0.21052631578947367,
        "recall": 0.1111111111111111,
        "f1": 0.14545454545454545,
        "support": 36
      },
      "8": {
        "grade": "8A+",
        "precision": 0.0,
        "recall": 0.0,
        "f1": 0.0,
        "support": 10
      },
      "9": {
        "grade": "8B",
        "precision": 0.0,
        "recall": 0.0,
        "f1": 0.0,
        "support": 6
      }
    }
  },
  "epoch": 78
}