{
  "val": {
    "exact_acc": 0.4647887323943662,
    "micro_f1": 0.4647887323943662,
    "relaxed_acc": 0.8134313125127577,
    "within2_acc": 0.9254949989793836,
    "macro_f1": 0.23732968115405018,
    "weighted_f1": 0.4427294713323439,
    "rare_f1_5_9": 0.10858881476260702,
    "rare_recall_5_9": 0.13035954982660472,
    "rare_precision_5_9": 0.13553005579534688,
    "mse_argmax": 1.6780975709328434,
    "rmse_argmax": 1.2954140538580101,
    "mae_argmax": 0.8232292304551949,
    "mse_expected": 1.3090865144748458,
    "rmse_expected": 1.1441531866296777,
    "mae_expected": 0.8393041288044253,
    "confusion_matrix": [
      [
        1142,
        394,
        31,
        8,
        46,
        1,
        2,
        0,
        2,
        0
      ],
      [
        412,
        669,
        109,
        26,
        129,
        3,
        3,
        1,
        0,
        0
      ],
      [
        45,
        298,
        101,
        19,
        176,
        5,
        3,
        0,
        0,
        0
      ],
      [
        14,
        127,
        90,
        22,
        214,
        14,
        7,
        1,
        1,
        2
      ],
      [
        6,
        70,
        64,
        16,
        310,
        18,
        17,
        2,
        2,
        3
      ],
      [
        2,
        7,
        9,
        3,
        107,
        22,
        10,
        1,
        7,
        2
      ],
      [
        0,
        4,
        1,
        3,
        37,
        7,
        7,
        0,
        3,
        0
      ],
      [
        0,
        0,
        0,
        0,
        12,
        4,
        8,
        1,
        4,
        0
      ],
      [
        0,
        0,
        1,
        0,
        0,
        2,
        1,
        1,
        3,
        0
      ],
      [
        0,
        0,
        0,
        0,
        2,
        1,
        1,
        0,
        1,
        0
      ]
    ],
    "per_class": {
      "0": {
        "grade": "6B/6B+",
        "precision": 0.7045033929673041,
        "recall": 0.7023370233702337,
        "f1": 0.7034185401909455,
        "support": 1626
      },
      "1": {
        "grade": "6C/6C+",
        "precision": 0.42638623326959846,
        "recall": 0.4948224852071006,
        "f1": 0.4580623074289627,
        "support": 1352
      },
      "2": {
        "grade": "7A",
        "precision": 0.24876847290640394,
        "recall": 0.1561051004636785,
        "f1": 0.19183285849952517,
        "support": 647
      },
      "3": {
        "grade": "7A+",
        "precision": 0.2268041237113402,
        "recall": 0.044715447154471545,
        "f1": 0.07470288624787776,
        "support": 492
      },
      "4": {
        "grade": "7B/7B+",
        "precision": 0.30009680542110356,
        "recall": 0.610236220472441,
        "f1": 0.4023361453601557,
        "support": 508
      },
      "5": {
        "grade": "7C",
        "precision": 0.2857142857142857,
        "recall": 0.12941176470588237,
        "f1": 0.17813765182186234,
        "support": 170
      },
      "6": {
        "grade": "7C+",
        "precision": 0.11864406779661017,
        "recall": 0.11290322580645161,
        "f1": 0.11570247933884298,
        "support": 62
      },
      "7": {
        "grade": "8A",
        "precision": 0.14285714285714285,
        "recall": 0.034482758620689655,
        "f1": 0.05555555555555555,
        "support": 29
      },
      "8": {
        "grade": "8A+",
        "precision": 0.13043478260869565,
        "recall": 0.375,
        "f1": 0.1935483870967742,
        "support": 8
      },
      "9": {
        "grade": "8B",
        "precision": 0.0,
        "recall": 0.0,
        "f1": 0.0,
        "support": 5
      }
    }
  },
  "test": {
    "exact_acc": 0.4779555845852384,
    "micro_f1": 0.4779555845852384,
    "relaxed_acc": 0.8171129980404964,
    "within2_acc": 0.9307642064010451,
    "macro_f1": 0.22682923661620227,
    "weighted_f1": 0.4544103975731038,
    "rare_f1_5_9": 0.0805513535217712,
    "rare_recall_5_9": 0.08380906305434607,
    "rare_precision_5_9": 0.09906862745098038,
    "mse_argmax": 1.6046701502286087,
    "rmse_argmax": 1.2667557579220268,
    "mae_argmax": 0.7980078380143697,
    "mse_expected": 1.2335777922217577,
    "rmse_expected": 1.1106654726882248,
    "mae_expected": 0.8051865443467618,
    "confusion_matrix": [
      [
        1478,
        446,
        43,
        10,
        48,
        2,
        4,
        0,
        0,
        1
      ],
      [
        477,
        884,
        144,
        27,
        156,
        1,
        2,
        0,
        0,
        0
      ],
      [
        63,
        340,
        138,
        24,
        235,
        5,
        3,
        0,
        0,
        1
      ],
      [
        13,
        170,
        109,
        20,
        284,
        9,
        7,
        0,
        1,
        2
      ],
      [
        5,
        94,
        71,
        26,
        378,
        22,
        29,
        2,
        4,
        4
      ],
      [
        0,
        13,
        7,
        1,
        151,
        15,
        18,
        1,
        4,
        2
      ],
      [
        1,
        2,
        5,
        1,
        34,
        14,
        12,
        5,
        3,
        1
      ],
      [
        0,
        0,
        0,
        0,
        13,
        8,
        7,
        1,
        7,
        0
      ],
      [
        0,
        0,
        0,
        0,
        3,
        2,
        2,
        3,
        0,
        0
      ],
      [
        0,
        1,
        0,
        0,
        1,
        2,
        1,
        0,
        0,
        1
      ]
    ],
    "per_class": {
      "0": {
        "grade": "6B/6B+",
        "precision": 0.7255768286696122,
        "recall": 0.7273622047244095,
        "f1": 0.7264684197591545,
        "support": 2032
      },
      "1": {
        "grade": "6C/6C+",
        "precision": 0.4533333333333333,
        "recall": 0.5227675931401538,
        "f1": 0.48558088437242514,
        "support": 1691
      },
      "2": {
        "grade": "7A",
        "precision": 0.26692456479690524,
        "recall": 0.17058096415327564,
        "f1": 0.2081447963800905,
        "support": 809
      },
      "3": {
        "grade": "7A+",
        "precision": 0.1834862385321101,
        "recall": 0.032520325203252036,
        "f1": 0.055248618784530384,
        "support": 615
      },
      "4": {
        "grade": "7B/7B+",
        "precision": 0.2900997697620875,
        "recall": 0.5952755905511811,
        "f1": 0.39009287925696595,
        "support": 635
      },
      "5": {
        "grade": "7C",
        "precision": 0.1875,
        "recall": 0.07075471698113207,
        "f1": 0.10273972602739725,
        "support": 212
      },
      "6": {
        "grade": "7C+",
        "precision": 0.1411764705882353,
        "recall": 0.15384615384615385,
        "f1": 0.147239263803681,
        "support": 78
      },
      "7": {
        "grade": "8A",
        "precision": 0.08333333333333333,
        "recall": 0.027777777777777776,
        "f1": 0.041666666666666664,
        "support": 36
      },
      "8": {
        "grade": "8A+",
        "precision": 0.0,
        "recall": 0.0,
        "f1": 0.0,
        "support": 10
      },
      "9": {
        "grade": "8B",
        "precision": 0.08333333333333333,
        "recall": 0.16666666666666666,
        "f1": 0.1111111111111111,
        "support": 6
      }
    }
  },
  "epoch": 64
}