{
  "val": {
    "exact_acc": 0.4625433761992243,
    "micro_f1": 0.4625433761992243,
    "relaxed_acc": 0.8238416003265973,
    "within2_acc": 0.9385588895692999,
    "macro_f1": 0.25915144468909723,
    "weighted_f1": 0.4556389102830155,
    "rare_f1_5_9": 0.13199812213819007,
    "rare_recall_5_9": 0.15271249100307532,
    "rare_precision_5_9": 0.17599567099567098,
    "mse_argmax": 1.5641967748520107,
    "rmse_argmax": 1.2506785257819095,
    "mae_argmax": 0.7991426821800367,
    "mse_expected": 1.280939855236323,
    "rmse_expected": 1.1317861349373046,
    "mae_expected": 0.83480601535523,
    "confusion_matrix": [
      [
        1138,
        373,
        75,
        7,
        28,
        3,
        0,
        0,
        2,
        0
      ],
      [
        407,
        586,
        224,
        35,
        93,
        6,
        0,
        0,
        0,
        1
      ],
      [
        46,
        224,
        207,
        35,
        120,
        10,
        4,
        0,
        1,
        0
      ],
      [
        11,
        90,
        157,
        43,
        157,
        25,
        4,
        1,
        2,
        2
      ],
      [
        6,
        49,
        105,
        58,
        240,
        31,
        11,
        0,
        3,
        5
      ],
      [
        2,
        4,
        17,
        9,
        83,
        41,
        3,
        0,
        7,
        4
      ],
      [
        0,
        1,
        5,
        5,
        31,
        10,
        7,
        0,
        2,
        1
      ],
      [
        0,
        0,
        0,
        0,
        10,
        12,
        3,
        1,
        3,
        0
      ],
      [
        0,
        0,
        0,
        1,
        1,
        2,
        0,
        1,
        3,
        0
      ],
      [
        0,
        0,
        0,
        0,
        2,
        0,
        1,
        1,
        1,
        0
      ]
    ],
    "per_class": {
      "0": {
        "grade": "6B/6B+",
        "precision": 0.7068322981366459,
        "recall": 0.6998769987699877,
        "f1": 0.7033374536464772,
        "support": 1626
      },
      "1": {
        "grade": "6C/6C+",
        "precision": 0.44159758854559156,
        "recall": 0.4334319526627219,
        "f1": 0.43747667039940275,
        "support": 1352
      },
      "2": {
        "grade": "7A",
        "precision": 0.2620253164556962,
        "recall": 0.31993817619783615,
        "f1": 0.2881002087682672,
        "support": 647
      },
      "3": {
        "grade": "7A+",
        "precision": 0.22279792746113988,
        "recall": 0.08739837398373984,
        "f1": 0.12554744525547445,
        "support": 492
      },
      "4": {
        "grade": "7B/7B+",
        "precision": 0.3137254901960784,
        "recall": 0.47244094488188976,
        "f1": 0.3770620581304006,
        "support": 508
      },
      "5": {
        "grade": "7C",
        "precision": 0.29285714285714287,
        "recall": 0.2411764705882353,
        "f1": 0.2645161290322581,
        "support": 170
      },
      "6": {
        "grade": "7C+",
        "precision": 0.21212121212121213,
        "recall": 0.11290322580645161,
        "f1": 0.14736842105263157,
        "support": 62
      },
      "7": {
        "grade": "8A",
        "precision": 0.25,
        "recall": 0.034482758620689655,
        "f1": 0.06060606060606061,
        "support": 29
      },
      "8": {
        "grade": "8A+",
        "precision": 0.125,
        "recall": 0.375,
        "f1": 0.1875,
        "support": 8
      },
      "9": {
        "grade": "8B",
        "precision": 0.0,
        "recall": 0.0,
        "f1": 0.0,
        "support": 5
      }
    }
  },
  "test": {
    "exact_acc": 0.46962769431743956,
    "micro_f1": 0.46962769431743956,
    "relaxed_acc": 0.8241345525800131,
    "within2_acc": 0.9425212279555846,
    "macro_f1": 0.22564757167060226,
    "weighted_f1": 0.4633235006119989,
    "rare_f1_5_9": 0.057853405443433134,
    "rare_recall_5_9": 0.04897597161748105,
    "rare_precision_5_9": 0.07875368803294101,
    "mse_argmax": 1.542782495101241,
    "rmse_argmax": 1.2420879578762694,
    "mae_argmax": 0.7890267798824298,
    "mse_expected": 1.2129289601959996,
    "rmse_expected": 1.101330540844119,
    "mae_expected": 0.7999770852841606,
    "confusion_matrix": [
      [
        1479,
        405,
        92,
        10,
        38,
        4,
        3,
        0,
        1,
        0
      ],
      [
        474,
        763,
        299,
        44,
        100,
        8,
        3,
        0,
        0,
        0
      ],
      [
        61,
        267,
        242,
        61,
        164,
        10,
        1,
        0,
        2,
        1
      ],
      [
        13,
        116,
        196,
        59,
        198,
        23,
        9,
        0,
        1,
        0
      ],
      [
        8,
        52,
        136,
        57,
        298,
        45,
        25,
        1,
        6,
        7
      ],
      [
        0,
        9,
        16,
        16,
        124,
        27,
        11,
        2,
        4,
        3
      ],
      [
        1,
        1,
        8,
        2,
        26,
        18,
        7,
        4,
        5,
        6
      ],
      [
        0,
        0,
        1,
        0,
        12,
        9,
        5,
        1,
        6,
        2
      ],
      [
        0,
        0,
        0,
        0,
        3,
        2,
        4,
        1,
        0,
        0
      ],
      [
        0,
        1,
        0,
        0,
        1,
        3,
        1,
        0,
        0,
        0
      ]
    ],
    "per_class": {
      "0": {
        "grade": "6B/6B+",
        "precision": 0.7264243614931237,
        "recall": 0.7278543307086615,
        "f1": 0.7271386430678466,
        "support": 2032
      },
      "1": {
        "grade": "6C/6C+",
        "precision": 0.47273853779429986,
        "recall": 0.4512123004139562,
        "f1": 0.4617246596066566,
        "support": 1691
      },
      "2": {
        "grade": "7A",
        "precision": 0.24444444444444444,
        "recall": 0.29913473423980225,
        "f1": 0.26903835464146747,
        "support": 809
      },
      "3": {
        "grade": "7A+",
        "precision": 0.23694779116465864,
        "recall": 0.0959349593495935,
        "f1": 0.13657407407407407,
        "support": 615
      },
      "4": {
        "grade": "7B/7B+",
        "precision": 0.3091286307053942,
        "recall": 0.4692913385826772,
        "f1": 0.37273295809881174,
        "support": 635
      },
      "5": {
        "grade": "7C",
        "precision": 0.18120805369127516,
        "recall": 0.12735849056603774,
        "f1": 0.14958448753462603,
        "support": 212
      },
      "6": {
        "grade": "7C+",
        "precision": 0.10144927536231885,
        "recall": 0.08974358974358974,
        "f1": 0.09523809523809523,
        "support": 78
      },
      "7": {
        "grade": "8A",
        "precision": 0.1111111111111111,
        "recall": 0.027777777777777776,
        "f1": 0.044444444444444446,
        "support": 36
      },
      "8": {
        "grade": "8A+",
        "precision": 0.0,
        "recall": 0.0,
        "f1": 0.0,
        "support": 10
      },
      "9": {
        "grade": "8B",
        "precision": 0.0,
        "recall": 0.0,
        "f1": 0.0,
        "support": 6
      }
    }
  },
  "epoch": 68
}