{
  "val": {
    "exact_acc": 0.44682588283323127,
    "micro_f1": 0.44682588283323127,
    "relaxed_acc": 0.8346601347213717,
    "within2_acc": 0.9454990814451929,
    "macro_f1": 0.21721930493176309,
    "weighted_f1": 0.4469225419856975,
    "rare_f1_5_9": 0.05,
    "rare_recall_5_9": 0.05529411764705883,
    "rare_precision_5_9": 0.04563106796116505,
    "mse_argmax": 1.4190651153296592,
    "rmse_argmax": 1.1912451953018148,
    "mae_argmax": 0.7862829148805879,
    "mse_expected": 1.3110807681900536,
    "rmse_expected": 1.145024352662446,
    "mae_expected": 0.8512831286398516,
    "confusion_matrix": [
      [
        1079,
        427,
        67,
        26,
        23,
        4,
        0,
        0,
        0,
        0
      ],
      [
        364,
        585,
        241,
        77,
        79,
        6,
        0,
        0,
        0,
        0
      ],
      [
        41,
        219,
        188,
        86,
        99,
        14,
        0,
        0,
        0,
        0
      ],
      [
        13,
        70,
        153,
        78,
        150,
        28,
        0,
        0,
        0,
        0
      ],
      [
        3,
        49,
        87,
        99,
        212,
        57,
        0,
        0,
        1,
        0
      ],
      [
        2,
        4,
        12,
        22,
        82,
        47,
        0,
        0,
        1,
        0
      ],
      [
        0,
        2,
        4,
        5,
        31,
        20,
        0,
        0,
        0,
        0
      ],
      [
        0,
        0,
        0,
        0,
        7,
        21,
        0,
        0,
        1,
        0
      ],
      [
        0,
        0,
        0,
        1,
        0,
        7,
        0,
        0,
        0,
        0
      ],
      [
        0,
        0,
        0,
        0,
        2,
        2,
        0,
        0,
        1,
        0
      ]
    ],
    "per_class": {
      "0": {
        "grade": "6B/6B+",
        "precision": 0.7183754993342211,
        "recall": 0.6635916359163592,
        "f1": 0.6898976982097187,
        "support": 1626
      },
      "1": {
        "grade": "6C/6C+",
        "precision": 0.4314159292035398,
        "recall": 0.4326923076923077,
        "f1": 0.4320531757754801,
        "support": 1352
      },
      "2": {
        "grade": "7A",
        "precision": 0.25,
        "recall": 0.29057187017001546,
        "f1": 0.2687634024303074,
        "support": 647
      },
      "3": {
        "grade": "7A+",
        "precision": 0.19796954314720813,
        "recall": 0.15853658536585366,
        "f1": 0.17607223476297967,
        "support": 492
      },
      "4": {
        "grade": "7B/7B+",
        "precision": 0.3094890510948905,
        "recall": 0.41732283464566927,
        "f1": 0.355406538139145,
        "support": 508
      },
      "5": {
        "grade": "7C",
        "precision": 0.22815533980582525,
        "recall": 0.27647058823529413,
        "f1": 0.25,
        "support": 170
      },
      "6": {
        "grade": "7C+",
        "precision": 0.0,
        "recall": 0.0,
        "f1": 0.0,
        "support": 62
      },
      "7": {
        "grade": "8A",
        "precision": 0.0,
        "recall": 0.0,
        "f1": 0.0,
        "support": 29
      },
      "8": {
        "grade": "8A+",
        "precision": 0.0,
        "recall": 0.0,
        "f1": 0.0,
        "support": 8
      },
      "9": {
        "grade": "8B",
        "precision": 0.0,
        "recall": 0.0,
        "f1": 0.0,
        "support": 5
      }
    }
  },
  "test": {
    "exact_acc": 0.4648922273024167,
    "micro_f1": 0.4648922273024167,
    "relaxed_acc": 0.8354016982364467,
    "within2_acc": 0.952971913781842,
    "macro_f1": 0.23535942868760945,
    "weighted_f1": 0.464163799022281,
    "rare_f1_5_9": 0.07233794043215884,
    "rare_recall_5_9": 0.05962264150943397,
    "rare_precision_5_9": 0.23294117647058826,
    "mse_argmax": 1.3772044415414761,
    "rmse_argmax": 1.1735435405392831,
    "mae_argmax": 0.7612671456564337,
    "mse_expected": 1.2176955133573482,
    "rmse_expected": 1.1034924165382145,
    "mae_expected": 0.8131316644808729,
    "confusion_matrix": [
      [
        1426,
        451,
        93,
        24,
        30,
        7,
        0,
        0,
        0,
        1
      ],
      [
        438,
        773,
        294,
        95,
        85,
        6,
        0,
        0,
        0,
        0
      ],
      [
        53,
        252,
        228,
        118,
        147,
        11,
        0,
        0,
        0,
        0
      ],
      [
        12,
        103,
        161,
        102,
        208,
        29,
        0,
        0,
        0,
        0
      ],
      [
        6,
        44,
        126,
        98,
        275,
        86,
        0,
        0,
        0,
        0
      ],
      [
        0,
        7,
        16,
        23,
        124,
        42,
        0,
        0,
        0,
        0
      ],
      [
        1,
        0,
        3,
        7,
        28,
        39,
        0,
        0,
        0,
        0
      ],
      [
        0,
        0,
        1,
        0,
        12,
        23,
        0,
        0,
        0,
        0
      ],
      [
        0,
        0,
        0,
        0,
        1,
        8,
        0,
        0,
        1,
        0
      ],
      [
        0,
        0,
        1,
        1,
        0,
        4,
        0,
        0,
        0,
        0
      ]
    ],
    "per_class": {
      "0": {
        "grade": "6B/6B+",
        "precision": 0.7365702479338843,
        "recall": 0.7017716535433071,
        "f1": 0.71875,
        "support": 2032
      },
      "1": {
        "grade": "6C/6C+",
        "precision": 0.4742331288343558,
        "recall": 0.4571259609698403,
        "f1": 0.46552243300210777,
        "support": 1691
      },
      "2": {
        "grade": "7A",
        "precision": 0.24702058504875407,
        "recall": 0.28182941903584674,
        "f1": 0.2632794457274827,
        "support": 809
      },
      "3": {
        "grade": "7A+",
        "precision": 0.21794871794871795,
        "recall": 0.16585365853658537,
        "f1": 0.1883656509695291,
        "support": 615
      },
      "4": {
        "grade": "7B/7B+",
        "precision": 0.3021978021978022,
        "recall": 0.4330708661417323,
        "f1": 0.3559870550161812,
        "support": 635
      },
      "5": {
        "grade": "7C",
        "precision": 0.16470588235294117,
        "recall": 0.19811320754716982,
        "f1": 0.17987152034261242,
        "support": 212
      },
      "6": {
        "grade": "7C+",
        "precision": 0.0,
        "recall": 0.0,
        "f1": 0.0,
        "support": 78
      },
      "7": {
        "grade": "8A",
        "precision": 0.0,
        "recall": 0.0,
        "f1": 0.0,
        "support": 36
      },
      "8": {
        "grade": "8A+",
        "precision": 1.0,
        "recall": 0.1,
        "f1": 0.18181818181818182,
        "support": 10
      },
      "9": {
        "grade": "8B",
        "precision": 0.0,
        "recall": 0.0,
        "f1": 0.0,
        "support": 6
      }
    }
  },
  "epoch": 13
}