{
  "model": "val_meta_C0.35",
  "exact_acc": 0.53314826910516,
  "micro_f1": 0.53314826910516,
  "relaxed_acc": 0.8775310254735467,
  "within2_acc": 0.9653821032005225,
  "macro_f1": 0.2615640873661377,
  "weighted_f1": 0.515888395731343,
  "mse_argmax": 1.1053233180927498,
  "mae_argmax": 0.6360222077073808,
  "rare_f1_5_9": 0.07075002516862981,
  "rare_recall_5_9": 0.05004031607805193,
  "rare_precision_5_9": 0.17443502824858756,
  "mse_expected": 0.8851306160307857,
  "mae_expected": 0.6623356716803688,
  "epoch": NaN,
  "val_exact": 0.5543988569095734
}