{
  "config": {
    "dataset": "all",
    "max_samples": 25096,
    "split_mode": "fixed_size",
    "feature_set": "difficulty_direction",
    "edge_mode": "spatial",
    "order_mode": "source",
    "model": "gat",
    "train_size": 20157,
    "val_size": 2442,
    "test_size": 2497,
    "reach_threshold": 0.4,
    "epochs": 20,
    "batch_size": 128,
    "hidden": 64,
    "lr": 0.005,
    "seed": 471,
    "class_weight_mode": "balanced"
  },
  "runtime_seconds": 184.86509025099986,
  "split_sizes": {
    "train": 20157,
    "val": 2442,
    "test": 2497
  },
  "num_problems": 25096,
  "label_distribution": {
    "0": 8335,
    "1": 6905,
    "2": 3311,
    "3": 2532,
    "4": 2625,
    "5": 877,
    "6": 305,
    "7": 141,
    "8": 41,
    "9": 24
  },
  "node_features": 9,
  "class_weight_mode": "balanced",
  "class_weights": [
    0.30107542872428894,
    0.36345112323760986,
    0.7580669522285461,
    0.9910029768943787,
    0.956214427947998,
    2.8591489791870117,
    8.227347373962402,
    17.83805274963379,
    61.081817626953125,
    106.08946990966797
  ],
  "majority_baseline": {
    "exact_acc": 0.3319983980776932,
    "relaxed_acc": 0.6071285542651181,
    "macro_f1": 0.049849669272399276
  },
  "test_metrics": {
    "exact_acc": 0.37725270324389265,
    "relaxed_acc": 0.8005606728073689,
    "macro_f1": 0.1793379207608831
  },
  "moonboardrnn_reported_baseline": {
    "source": "MoonBoardRNN/model/GradeNet.ipynb saved outputs",
    "train_size": 20157,
    "dev_size": 2442,
    "test_size": 2497,
    "test_exact_acc": 0.46655987184621545,
    "test_plus_minus_1_acc": 0.8474169002803364,
    "test_macro_f1": 0.2546
  }
}