{
  "thresholds": [
    0.5141296982765198,
    2.1516666412353516,
    3.162196636199951,
    3.254163980484009,
    4.803045272827148,
    5.534193992614746,
    5.55419397354126,
    7.5079240798950195,
    8.477897644042969
  ],
  "test": {
    "exact_acc": 0.49559111691704766,
    "micro_f1": 0.49559111691704766,
    "relaxed_acc": 0.8319725669497061,
    "within2_acc": 0.9381123448726323,
    "macro_f1": 0.2125741895959196,
    "weighted_f1": 0.4581102039891269,
    "rare_f1_5_9": 0.04781609195402299,
    "rare_recall_5_9": 0.029769392033542973,
    "rare_precision_5_9": 0.12154195011337868,
    "mse_argmax": 1.4257021554539517,
    "rmse_argmax": 1.194027702967545,
    "mae_argmax": 0.7490202482037883,
    "mse_expected": 1.1938457646329363,
    "rmse_expected": 1.0926324929421312,
    "mae_expected": 0.743944617394678,
    "confusion_matrix": [
      [
        1483,
        484,
        25,
        2,
        35,
        2,
        0,
        1,
        0,
        0
      ],
      [
        470,
        1029,
        85,
        10,
        96,
        1,
        0,
        0,
        0,
        0
      ],
      [
        51,
        462,
        119,
        7,
        170,
        0,
        0,
        0,
        0,
        0
      ],
      [
        14,
        239,
        111,
        14,
        236,
        1,
        0,
        0,
        0,
        0
      ],
      [
        8,
        141,
        86,
        9,
        378,
        10,
        0,
        3,
        0,
        0
      ],
      [
        0,
        14,
        15,
        2,
        173,
        8,
        0,
        0,
        0,
        0
      ],
      [
        1,
        2,
        3,
        2,
        58,
        12,
        0,
        0,
        0,
        0
      ],
      [
        0,
        0,
        0,
        0,
        24,
        8,
        0,
        4,
        0,
        0
      ],
      [
        0,
        0,
        0,
        0,
        6,
        3,
        0,
        1,
        0,
        0
      ],
      [
        0,
        0,
        0,
        0,
        2,
        4,
        0,
        0,
        0,
        0
      ]
    ]
  }
}