{
  "thresholds": [
    0.26572877168655396,
    1.8260776996612549,
    2.027064085006714,
    3.1076276302337646,
    4.987120628356934,
    6.110182285308838,
    6.1758904457092285,
    7.7560505867004395,
    8.344247817993164
  ],
  "test": {
    "exact_acc": 0.4931417374265186,
    "micro_f1": 0.4931417374265186,
    "relaxed_acc": 0.8440561724363161,
    "within2_acc": 0.9464402351404311,
    "macro_f1": 0.2132274119569404,
    "weighted_f1": 0.467037934302426,
    "rare_f1_5_9": 0.03161094224924012,
    "rare_recall_5_9": 0.024528301886792454,
    "rare_precision_5_9": 0.04444444444444444,
    "mse_argmax": 1.3438928804702808,
    "rmse_argmax": 1.159263939088196,
    "mae_argmax": 0.7299150881776617,
    "mse_expected": 1.190552853080963,
    "rmse_expected": 1.0911245818333317,
    "mae_expected": 0.7437857791715577,
    "confusion_matrix": [
      [
        1379,
        578,
        8,
        32,
        30,
        4,
        0,
        1,
        0,
        0
      ],
      [
        370,
        1097,
        39,
        117,
        66,
        2,
        0,
        0,
        0,
        0
      ],
      [
        30,
        448,
        40,
        153,
        137,
        1,
        0,
        0,
        0,
        0
      ],
      [
        4,
        229,
        31,
        134,
        208,
        9,
        0,
        0,
        0,
        0
      ],
      [
        2,
        126,
        16,
        122,
        344,
        25,
        0,
        0,
        0,
        0
      ],
      [
        0,
        13,
        2,
        22,
        149,
        26,
        0,
        0,
        0,
        0
      ],
      [
        1,
        3,
        1,
        3,
        44,
        26,
        0,
        0,
        0,
        0
      ],
      [
        0,
        0,
        0,
        0,
        21,
        15,
        0,
        0,
        0,
        0
      ],
      [
        0,
        0,
        0,
        0,
        5,
        5,
        0,
        0,
        0,
        0
      ],
      [
        0,
        0,
        0,
        1,
        1,
        4,
        0,
        0,
        0,
        0
      ]
    ]
  }
}