{
  "val": {
    "exact_acc": 0.48581343131251276,
    "micro_f1": 0.48581343131251276,
    "relaxed_acc": 0.8340477648499693,
    "within2_acc": 0.9383547662788324,
    "macro_f1": 0.23087068385546106,
    "weighted_f1": 0.454130733672738,
    "rare_f1_5_9": 0.08172651712075993,
    "rare_recall_5_9": 0.05403781979977753,
    "rare_precision_5_9": 0.19897435897435897,
    "mse_argmax": 1.437436211471729,
    "rmse_argmax": 1.1989312788778717,
    "mae_argmax": 0.7577056542151459,
    "mse_expected": 1.2125465969498768,
    "rmse_expected": 1.1011569356589808,
    "mae_expected": 0.7599697776453416,
    "confusion_matrix": [
      [
        1138,
        433,
        16,
        2,
        35,
        2,
        0,
        0,
        0,
        0
      ],
      [
        393,
        777,
        75,
        8,
        98,
        1,
        0,
        0,
        0,
        0
      ],
      [
        40,
        351,
        91,
        12,
        151,
        2,
        0,
        0,
        0,
        0
      ],
      [
        9,
        187,
        65,
        23,
        205,
        3,
        0,
        0,
        0,
        0
      ],
      [
        6,
        101,
        43,
        14,
        328,
        14,
        2,
        0,
        0,
        0
      ],
      [
        1,
        10,
        6,
        1,
        132,
        17,
        0,
        3,
        0,
        0
      ],
      [
        0,
        3,
        2,
        2,
        44,
        8,
        2,
        1,
        0,
        0
      ],
      [
        0,
        0,
        0,
        0,
        11,
        12,
        2,
        4,
        0,
        0
      ],
      [
        0,
        1,
        0,
        0,
        2,
        4,
        0,
        1,
        0,
        0
      ],
      [
        0,
        0,
        0,
        0,
        2,
        2,
        0,
        1,
        0,
        0
      ]
    ]
  },
  "test": {
    "exact_acc": 0.4931417374265186,
    "micro_f1": 0.4931417374265186,
    "relaxed_acc": 0.8354016982364467,
    "within2_acc": 0.9408883082952318,
    "macro_f1": 0.2124227637912856,
    "weighted_f1": 0.4573280789985229,
    "rare_f1_5_9": 0.051186269560827856,
    "rare_recall_5_9": 0.037316561844863726,
    "rare_precision_5_9": 0.08507042253521127,
    "mse_argmax": 1.4124755062050947,
    "rmse_argmax": 1.1884761277388345,
    "mae_argmax": 0.7462442847811888,
    "mse_expected": 1.1556330186365507,
    "rmse_expected": 1.075003729591926,
    "mae_expected": 0.7314797158483747,
    "confusion_matrix": [
      [
        1458,
        508,
        21,
        5,
        35,
        4,
        0,
        1,
        0,
        0
      ],
      [
        435,
        1024,
        103,
        13,
        115,
        1,
        0,
        0,
        0,
        0
      ],
      [
        38,
        452,
        91,
        14,
        213,
        1,
        0,
        0,
        0,
        0
      ],
      [
        10,
        224,
        82,
        17,
        274,
        7,
        1,
        0,
        0,
        0
      ],
      [
        9,
        115,
        61,
        20,
        410,
        15,
        0,
        5,
        0,
        0
      ],
      [
        0,
        15,
        3,
        1,
        171,
        16,
        2,
        4,
        0,
        0
      ],
      [
        1,
        3,
        1,
        2,
        54,
        13,
        0,
        4,
        0,
        0
      ],
      [
        0,
        0,
        0,
        0,
        22,
        9,
        1,
        4,
        0,
        0
      ],
      [
        0,
        0,
        0,
        0,
        4,
        3,
        1,
        2,
        0,
        0
      ],
      [
        0,
        0,
        0,
        0,
        4,
        2,
        0,
        0,
        0,
        0
      ]
    ]
  },
  "bias": [
    0.3125,
    0.0,
    0.0,
    0.0,
    0.0,
    0.0,
    0.0,
    0.0,
    0.0,
    0.0
  ]
}