{
  "val": {
    "exact_acc": 0.4827515819555011,
    "micro_f1": 0.4827515819555011,
    "relaxed_acc": 0.8203715043886507,
    "within2_acc": 0.9287609716268627,
    "macro_f1": 0.19459497511669738,
    "weighted_f1": 0.43513457102338127,
    "rare_f1_5_9": 0.033704078193461405,
    "rare_recall_5_9": 0.020872865275142316,
    "rare_precision_5_9": 0.09523809523809523,
    "mse_argmax": 1.5388854868340478,
    "rmse_argmax": 1.2405182331727527,
    "mae_argmax": 0.7856705450091855,
    "mse_expected": 1.2377094423078094,
    "rmse_expected": 1.112523906398334,
    "mae_expected": 0.7661870000257084,
    "confusion_matrix": [
      [
        1157,
        420,
        2,
        5,
        41,
        1,
        0,
        0,
        0,
        0
      ],
      [
        411,
        789,
        18,
        20,
        113,
        1,
        0,
        0,
        0,
        0
      ],
      [
        59,
        370,
        22,
        30,
        166,
        0,
        0,
        0,
        0,
        0
      ],
      [
        18,
        211,
        16,
        26,
        219,
        2,
        0,
        0,
        0,
        0
      ],
      [
        8,
        112,
        11,
        13,
        355,
        9,
        0,
        0,
        0,
        0
      ],
      [
        1,
        11,
        0,
        5,
        137,
        15,
        1,
        0,
        0,
        0
      ],
      [
        1,
        2,
        2,
        2,
        47,
        7,
        1,
        0,
        0,
        0
      ],
      [
        0,
        0,
        0,
        0,
        19,
        7,
        3,
        0,
        0,
        0
      ],
      [
        0,
        0,
        0,
        0,
        6,
        1,
        1,
        0,
        0,
        0
      ],
      [
        0,
        0,
        0,
        0,
        2,
        2,
        1,
        0,
        0,
        0
      ]
    ]
  },
  "test": {
    "exact_acc": 0.49052906596995427,
    "micro_f1": 0.49052906596995427,
    "relaxed_acc": 0.8236446766819072,
    "within2_acc": 0.9296211626387981,
    "macro_f1": 0.1870990192758777,
    "weighted_f1": 0.4419219992832389,
    "rare_f1_5_9": 0.01918819188191882,
    "rare_recall_5_9": 0.012264150943396227,
    "rare_precision_5_9": 0.04406779661016949,
    "mse_argmax": 1.5181254082299152,
    "rmse_argmax": 1.2321223186964496,
    "mae_argmax": 0.773514043109079,
    "mse_expected": 1.1938457646329363,
    "rmse_expected": 1.0926324929421312,
    "mae_expected": 0.743944617394678,
    "confusion_matrix": [
      [
        1484,
        483,
        4,
        8,
        50,
        2,
        0,
        0,
        1,
        0
      ],
      [
        471,
        1034,
        16,
        31,
        138,
        1,
        0,
        0,
        0,
        0
      ],
      [
        59,
        470,
        19,
        35,
        226,
        0,
        0,
        0,
        0,
        0
      ],
      [
        17,
        239,
        20,
        32,
        305,
        2,
        0,
        0,
        0,
        0
      ],
      [
        10,
        146,
        9,
        32,
        422,
        12,
        4,
        0,
        0,
        0
      ],
      [
        1,
        13,
        2,
        2,
        181,
        13,
        0,
        0,
        0,
        0
      ],
      [
        1,
        2,
        0,
        1,
        62,
        12,
        0,
        0,
        0,
        0
      ],
      [
        0,
        0,
        0,
        0,
        23,
        10,
        3,
        0,
        0,
        0
      ],
      [
        0,
        0,
        0,
        0,
        6,
        3,
        1,
        0,
        0,
        0
      ],
      [
        0,
        0,
        0,
        0,
        2,
        4,
        0,
        0,
        0,
        0
      ]
    ]
  },
  "bias": [
    0.0,
    0.0,
    0.0,
    0.0,
    0.0,
    -0.0625,
    0.0,
    0.0,
    0.0,
    0.0
  ]
}