{
  "val": {
    "exact_acc": 0.47764849969381507,
    "micro_f1": 0.47764849969381507,
    "relaxed_acc": 0.8434374362114717,
    "within2_acc": 0.9448867115737906,
    "macro_f1": 0.22346841936789996,
    "weighted_f1": 0.4555794219142757,
    "rare_f1_5_9": 0.0563719862227325,
    "rare_recall_5_9": 0.0450709939148073,
    "rare_precision_5_9": 0.10154277699859748,
    "mse_argmax": 1.3543580322514799,
    "rmse_argmax": 1.1637688912543933,
    "mae_argmax": 0.7460706266585018,
    "mse_expected": 1.1083279929732592,
    "rmse_expected": 1.0527715768262644,
    "mae_expected": 0.7660396303795122,
    "confusion_matrix": [
      [
        1153,
        405,
        31,
        9,
        28,
        0,
        0,
        0,
        0,
        0
      ],
      [
        415,
        723,
        120,
        25,
        69,
        0,
        0,
        0,
        0,
        0
      ],
      [
        38,
        342,
        123,
        37,
        106,
        1,
        0,
        0,
        0,
        0
      ],
      [
        9,
        162,
        99,
        47,
        171,
        3,
        0,
        1,
        0,
        0
      ],
      [
        4,
        90,
        61,
        60,
        280,
        10,
        0,
        3,
        0,
        0
      ],
      [
        2,
        7,
        11,
        11,
        124,
        9,
        0,
        6,
        0,
        0
      ],
      [
        0,
        1,
        2,
        6,
        47,
        3,
        0,
        3,
        0,
        0
      ],
      [
        0,
        0,
        0,
        0,
        19,
        5,
        0,
        5,
        0,
        0
      ],
      [
        0,
        0,
        0,
        0,
        5,
        0,
        0,
        3,
        0,
        0
      ],
      [
        0,
        0,
        0,
        0,
        3,
        0,
        0,
        2,
        0,
        0
      ]
    ],
    "per_class": {
      "0": {
        "grade": "6B/6B+",
        "precision": 0.7112893275755706,
        "recall": 0.7091020910209103,
        "f1": 0.7101940252540807,
        "support": 1626
      },
      "1": {
        "grade": "6C/6C+",
        "precision": 0.41791907514450866,
        "recall": 0.5347633136094675,
        "f1": 0.4691758598312784,
        "support": 1352
      },
      "2": {
        "grade": "7A",
        "precision": 0.2751677852348993,
        "recall": 0.1901081916537867,
        "f1": 0.22486288848263253,
        "support": 647
      },
      "3": {
        "grade": "7A+",
        "precision": 0.24102564102564103,
        "recall": 0.09552845528455285,
        "f1": 0.13682678311499272,
        "support": 492
      },
      "4": {
        "grade": "7B/7B+",
        "precision": 0.3286384976525822,
        "recall": 0.5511811023622047,
        "f1": 0.4117647058823529,
        "support": 508
      },
      "5": {
        "grade": "7C",
        "precision": 0.2903225806451613,
        "recall": 0.052941176470588235,
        "f1": 0.08955223880597014,
        "support": 170
      },
      "6": {
        "grade": "7C+",
        "precision": 0.0,
        "recall": 0.0,
        "f1": 0.0,
        "support": 62
      },
      "7": {
        "grade": "8A",
        "precision": 0.21739130434782608,
        "recall": 0.1724137931034483,
        "f1": 0.19230769230769232,
        "support": 29
      },
      "8": {
        "grade": "8A+",
        "precision": 0.0,
        "recall": 0.0,
        "f1": 0.0,
        "support": 8
      },
      "9": {
        "grade": "8B",
        "precision": 0.0,
        "recall": 0.0,
        "f1": 0.0,
        "support": 5
      }
    }
  },
  "test": {
    "exact_acc": 0.49461136512083603,
    "micro_f1": 0.49461136512083603,
    "relaxed_acc": 0.8489549314173742,
    "within2_acc": 0.9472566949706075,
    "macro_f1": 0.230848727142099,
    "weighted_f1": 0.4732108898458347,
    "rare_f1_5_9": 0.05421355338834708,
    "rare_recall_5_9": 0.04276729559748428,
    "rare_precision_5_9": 0.08963210702341137,
    "mse_argmax": 1.3389941214892227,
    "rmse_argmax": 1.1571491353707277,
    "mae_argmax": 0.724689745264533,
    "mse_expected": 1.076292672735311,
    "rmse_expected": 1.0374452625248771,
    "mae_expected": 0.745782431542138,
    "confusion_matrix": [
      [
        1481,
        458,
        38,
        17,
        34,
        3,
        0,
        1,
        0,
        0
      ],
      [
        473,
        943,
        163,
        37,
        75,
        0,
        0,
        0,
        0,
        0
      ],
      [
        44,
        411,
        151,
        65,
        136,
        2,
        0,
        0,
        0,
        0
      ],
      [
        7,
        187,
        136,
        72,
        208,
        5,
        0,
        0,
        0,
        0
      ],
      [
        5,
        101,
        89,
        63,
        366,
        8,
        0,
        3,
        0,
        0
      ],
      [
        0,
        15,
        12,
        7,
        163,
        10,
        0,
        5,
        0,
        0
      ],
      [
        1,
        1,
        4,
        4,
        49,
        11,
        0,
        8,
        0,
        0
      ],
      [
        0,
        0,
        1,
        1,
        23,
        5,
        0,
        6,
        0,
        0
      ],
      [
        0,
        0,
        0,
        0,
        5,
        2,
        0,
        3,
        0,
        0
      ],
      [
        0,
        0,
        1,
        0,
        5,
        0,
        0,
        0,
        0,
        0
      ]
    ],
    "per_class": {
      "0": {
        "grade": "6B/6B+",
        "precision": 0.7364495275982098,
        "recall": 0.7288385826771654,
        "f1": 0.7326242888943854,
        "support": 2032
      },
      "1": {
        "grade": "6C/6C+",
        "precision": 0.44565217391304346,
        "recall": 0.5576581904198699,
        "f1": 0.49540320462306275,
        "support": 1691
      },
      "2": {
        "grade": "7A",
        "precision": 0.253781512605042,
        "recall": 0.18665018541409148,
        "f1": 0.2150997150997151,
        "support": 809
      },
      "3": {
        "grade": "7A+",
        "precision": 0.2706766917293233,
        "recall": 0.11707317073170732,
        "f1": 0.16345062429057888,
        "support": 615
      },
      "4": {
        "grade": "7B/7B+",
        "precision": 0.34398496240601506,
        "recall": 0.5763779527559055,
        "f1": 0.43084167157151265,
        "support": 635
      },
      "5": {
        "grade": "7C",
        "precision": 0.21739130434782608,
        "recall": 0.04716981132075472,
        "f1": 0.07751937984496124,
        "support": 212
      },
      "6": {
        "grade": "7C+",
        "precision": 0.0,
        "recall": 0.0,
        "f1": 0.0,
        "support": 78
      },
      "7": {
        "grade": "8A",
        "precision": 0.23076923076923078,
        "recall": 0.16666666666666666,
        "f1": 0.1935483870967742,
        "support": 36
      },
      "8": {
        "grade": "8A+",
        "precision": 0.0,
        "recall": 0.0,
        "f1": 0.0,
        "support": 10
      },
      "9": {
        "grade": "8B",
        "precision": 0.0,
        "recall": 0.0,
        "f1": 0.0,
        "support": 6
      }
    }
  },
  "epoch": 27
}