{
  "val": {
    "exact_acc": 0.4492753623188406,
    "micro_f1": 0.4492753623188406,
    "relaxed_acc": 0.8091447234129414,
    "within2_acc": 0.9328434374362115,
    "macro_f1": 0.2766296335706287,
    "weighted_f1": 0.4419109252449937,
    "rare_f1_5_9": 0.18035412746658946,
    "rare_recall_5_9": 0.1527834849178826,
    "rare_precision_5_9": 0.22238517060367452,
    "mse_argmax": 1.6919779546846294,
    "rmse_argmax": 1.3007605293383673,
    "mae_argmax": 0.8383343539497856,
    "mse_expected": 1.5238312943001875,
    "rmse_expected": 1.234435617721794,
    "mae_expected": 0.8327608965356201,
    "confusion_matrix": [
      [
        1024,
        475,
        55,
        35,
        30,
        5,
        0,
        1,
        1,
        0
      ],
      [
        348,
        743,
        99,
        96,
        59,
        7,
        0,
        0,
        0,
        0
      ],
      [
        38,
        322,
        76,
        98,
        103,
        10,
        0,
        0,
        0,
        0
      ],
      [
        10,
        165,
        59,
        98,
        135,
        19,
        3,
        3,
        0,
        0
      ],
      [
        10,
        78,
        68,
        91,
        212,
        38,
        7,
        3,
        1,
        0
      ],
      [
        7,
        15,
        18,
        19,
        70,
        33,
        4,
        3,
        0,
        1
      ],
      [
        2,
        3,
        7,
        6,
        25,
        10,
        7,
        2,
        0,
        0
      ],
      [
        2,
        0,
        1,
        1,
        4,
        5,
        9,
        6,
        1,
        0
      ],
      [
        0,
        1,
        1,
        1,
        0,
        0,
        2,
        1,
        2,
        0
      ],
      [
        0,
        0,
        0,
        0,
        3,
        0,
        0,
        1,
        1,
        0
      ]
    ]
  },
  "test": {
    "exact_acc": 0.45738079686479427,
    "micro_f1": 0.45738079686479427,
    "relaxed_acc": 0.8001306335728282,
    "within2_acc": 0.922273024167211,
    "macro_f1": 0.23689762739710746,
    "weighted_f1": 0.44845670235846014,
    "rare_f1_5_9": 0.0984786529538915,
    "rare_recall_5_9": 0.0875584583131753,
    "rare_precision_5_9": 0.11875,
    "mse_argmax": 1.7532658393207055,
    "rmse_argmax": 1.3241094514127998,
    "mae_argmax": 0.8486283474853037,
    "mse_expected": 1.5514001670934388,
    "rmse_expected": 1.2455521535019876,
    "mae_expected": 0.8337075883768619,
    "confusion_matrix": [
      [
        1318,
        540,
        73,
        55,
        39,
        4,
        3,
        0,
        0,
        0
      ],
      [
        385,
        960,
        124,
        117,
        96,
        9,
        0,
        0,
        0,
        0
      ],
      [
        46,
        384,
        73,
        142,
        153,
        10,
        1,
        0,
        0,
        0
      ],
      [
        19,
        200,
        61,
        137,
        174,
        21,
        1,
        2,
        0,
        0
      ],
      [
        9,
        125,
        62,
        105,
        263,
        54,
        5,
        12,
        0,
        0
      ],
      [
        3,
        19,
        14,
        24,
        96,
        38,
        10,
        7,
        1,
        0
      ],
      [
        1,
        8,
        7,
        7,
        28,
        14,
        5,
        7,
        1,
        0
      ],
      [
        3,
        2,
        3,
        1,
        10,
        7,
        3,
        7,
        0,
        0
      ],
      [
        0,
        0,
        0,
        0,
        4,
        2,
        4,
        0,
        0,
        0
      ],
      [
        0,
        0,
        1,
        4,
        0,
        1,
        0,
        0,
        0,
        0
      ]
    ]
  },
  "bias": [
    0.5,
    0.5,
    -1.1875,
    0.0,
    0.0,
    0.0,
    0.0,
    0.0,
    0.0,
    0.0
  ]
}