{
  "val": {
    "exact_acc": 0.4876505409267197,
    "micro_f1": 0.4876505409267197,
    "relaxed_acc": 0.8395590936925903,
    "within2_acc": 0.9448867115737906,
    "macro_f1": 0.24418021465630071,
    "weighted_f1": 0.4637183955972094,
    "rare_f1_5_9": 0.09323978171288562,
    "rare_recall_5_9": 0.06373225152129817,
    "rare_precision_5_9": 0.17755102040816326,
    "mse_argmax": 1.3804858134313125,
    "rmse_argmax": 1.17494077018006,
    "mae_argmax": 0.7428046540110227,
    "mse_expected": 1.1518831087412837,
    "rmse_expected": 1.0732581743184086,
    "mae_expected": 0.7380317405610196,
    "confusion_matrix": [
      [
        1126,
        436,
        28,
        4,
        30,
        1,
        0,
        1,
        0,
        0
      ],
      [
        378,
        767,
        106,
        16,
        84,
        1,
        0,
        0,
        0,
        0
      ],
      [
        37,
        345,
        124,
        18,
        123,
        0,
        0,
        0,
        0,
        0
      ],
      [
        9,
        168,
        101,
        36,
        177,
        1,
        0,
        0,
        0,
        0
      ],
      [
        5,
        81,
        79,
        20,
        311,
        12,
        0,
        0,
        0,
        0
      ],
      [
        2,
        9,
        11,
        4,
        124,
        19,
        0,
        1,
        0,
        0
      ],
      [
        0,
        2,
        1,
        4,
        50,
        4,
        0,
        1,
        0,
        0
      ],
      [
        0,
        0,
        0,
        0,
        15,
        8,
        0,
        6,
        0,
        0
      ],
      [
        0,
        0,
        1,
        0,
        3,
        2,
        0,
        2,
        0,
        0
      ],
      [
        0,
        0,
        0,
        0,
        3,
        1,
        0,
        1,
        0,
        0
      ]
    ]
  },
  "test": {
    "exact_acc": 0.49869366427171785,
    "micro_f1": 0.49869366427171785,
    "relaxed_acc": 0.8481384715871979,
    "within2_acc": 0.9490529065969955,
    "macro_f1": 0.22562222060212625,
    "weighted_f1": 0.4717025194062438,
    "rare_f1_5_9": 0.053759398496240604,
    "rare_recall_5_9": 0.039098532494758906,
    "rare_precision_5_9": 0.09444444444444444,
    "mse_argmax": 1.3130306988896145,
    "rmse_argmax": 1.1458755163147585,
    "mae_argmax": 0.7176681907250163,
    "mse_expected": 1.0993779544581241,
    "rmse_expected": 1.048512257657546,
    "mae_expected": 0.7091374758045776,
    "confusion_matrix": [
      [
        1444,
        507,
        34,
        7,
        37,
        2,
        0,
        1,
        0,
        0
      ],
      [
        423,
        1014,
        152,
        13,
        88,
        1,
        0,
        0,
        0,
        0
      ],
      [
        42,
        420,
        156,
        29,
        162,
        0,
        0,
        0,
        0,
        0
      ],
      [
        10,
        194,
        133,
        32,
        245,
        1,
        0,
        0,
        0,
        0
      ],
      [
        4,
        97,
        102,
        25,
        391,
        13,
        0,
        3,
        0,
        0
      ],
      [
        0,
        11,
        10,
        4,
        172,
        12,
        0,
        3,
        0,
        0
      ],
      [
        1,
        1,
        2,
        3,
        54,
        14,
        0,
        3,
        0,
        0
      ],
      [
        0,
        0,
        0,
        0,
        23,
        8,
        0,
        5,
        0,
        0
      ],
      [
        0,
        0,
        0,
        0,
        5,
        1,
        0,
        4,
        0,
        0
      ],
      [
        0,
        0,
        1,
        0,
        2,
        2,
        0,
        1,
        0,
        0
      ]
    ]
  },
  "bias": [
    0.0,
    0.0,
    0.0,
    0.0,
    0.0,
    0.0,
    0.0,
    0.0,
    0.0,
    0.0
  ]
}