{
  "thresholds": [
    0.6700000762939453,
    2.1620001792907715,
    3.2673332691192627,
    3.555920124053955,
    4.4666666984558105,
    6.099999904632568,
    6.119999885559082,
    7.5,
    8.5
  ],
  "test": {
    "exact_acc": 0.4924885695623775,
    "micro_f1": 0.4924885695623775,
    "relaxed_acc": 0.8411169170476812,
    "within2_acc": 0.9477465708687133,
    "macro_f1": 0.2273369205635091,
    "weighted_f1": 0.46483338029047666,
    "rare_f1_5_9": 0.06813294232649073,
    "rare_recall_5_9": 0.052515723270440254,
    "rare_precision_5_9": 0.12250000000000001,
    "mse_argmax": 1.3528739386022208,
    "rmse_argmax": 1.1631310926126173,
    "mae_argmax": 0.7330176355323318,
    "mse_expected": 1.1556330264100871,
    "rmse_expected": 1.0750037332075117,
    "mae_expected": 0.7314797191283056,
    "confusion_matrix": [
      [
        1568,
        409,
        22,
        5,
        22,
        6,
        0,
        0,
        0,
        0
      ],
      [
        574,
        947,
        101,
        23,
        44,
        2,
        0,
        0,
        0,
        0
      ],
      [
        61,
        468,
        129,
        40,
        106,
        5,
        0,
        0,
        0,
        0
      ],
      [
        13,
        245,
        128,
        51,
        164,
        14,
        0,
        0,
        0,
        0
      ],
      [
        8,
        137,
        118,
        51,
        280,
        38,
        0,
        3,
        0,
        0
      ],
      [
        0,
        15,
        18,
        12,
        128,
        38,
        1,
        0,
        0,
        0
      ],
      [
        1,
        3,
        6,
        2,
        34,
        31,
        0,
        1,
        0,
        0
      ],
      [
        0,
        0,
        0,
        1,
        15,
        17,
        0,
        3,
        0,
        0
      ],
      [
        0,
        0,
        0,
        0,
        1,
        7,
        1,
        1,
        0,
        0
      ],
      [
        0,
        0,
        1,
        0,
        3,
        2,
        0,
        0,
        0,
        0
      ]
    ]
  }
}