{
  "val": {
    "exact_acc": 0.48336395182690345,
    "micro_f1": 0.48336395182690345,
    "relaxed_acc": 0.8242498469075321,
    "within2_acc": 0.9291692182077975,
    "macro_f1": 0.195917547260813,
    "weighted_f1": 0.4283210315206214,
    "rare_f1_5_9": 0.04489237277591141,
    "rare_recall_5_9": 0.035659229208924954,
    "rare_precision_5_9": 0.25555555555555554,
    "mse_argmax": 1.510920596040008,
    "rmse_argmax": 1.2291951008851312,
    "mae_argmax": 0.7789344764237599,
    "mse_expected": 1.2000573812053803,
    "rmse_expected": 1.09547130551438,
    "mae_expected": 0.7522970434869242,
    "confusion_matrix": [
      [
        1166,
        418,
        3,
        2,
        37,
        0,
        0,
        0,
        0,
        0
      ],
      [
        424,
        805,
        20,
        2,
        101,
        0,
        0,
        0,
        0,
        0
      ],
      [
        39,
        423,
        31,
        2,
        152,
        0,
        0,
        0,
        0,
        0
      ],
      [
        11,
        243,
        14,
        5,
        218,
        0,
        0,
        1,
        0,
        0
      ],
      [
        5,
        132,
        14,
        1,
        355,
        0,
        0,
        1,
        0,
        0
      ],
      [
        2,
        14,
        4,
        0,
        145,
        1,
        0,
        4,
        0,
        0
      ],
      [
        0,
        2,
        1,
        2,
        55,
        0,
        0,
        2,
        0,
        0
      ],
      [
        0,
        0,
        0,
        0,
        24,
        0,
        0,
        5,
        0,
        0
      ],
      [
        0,
        0,
        0,
        0,
        5,
        0,
        0,
        3,
        0,
        0
      ],
      [
        0,
        0,
        0,
        0,
        3,
        0,
        0,
        2,
        0,
        0
      ]
    ]
  },
  "test": {
    "exact_acc": 0.4910189418680601,
    "micro_f1": 0.4910189418680601,
    "relaxed_acc": 0.821685173089484,
    "within2_acc": 0.9292945787067276,
    "macro_f1": 0.1934734467217314,
    "weighted_f1": 0.4345345950684233,
    "rare_f1_5_9": 0.041222196567382435,
    "rare_recall_5_9": 0.03427672955974843,
    "rare_precision_5_9": 0.248,
    "mse_argmax": 1.5429457870672763,
    "rmse_argmax": 1.2421536889883136,
    "mae_argmax": 0.7774330502939255,
    "mse_expected": 1.1714682001483911,
    "rmse_expected": 1.0823438456185683,
    "mae_expected": 0.73099835863581,
    "confusion_matrix": [
      [
        1498,
        472,
        7,
        0,
        54,
        0,
        0,
        1,
        0,
        0
      ],
      [
        502,
        1031,
        36,
        4,
        118,
        0,
        0,
        0,
        0,
        0
      ],
      [
        48,
        506,
        33,
        3,
        219,
        0,
        0,
        0,
        0,
        0
      ],
      [
        9,
        291,
        24,
        2,
        289,
        0,
        0,
        0,
        0,
        0
      ],
      [
        5,
        169,
        19,
        2,
        436,
        0,
        0,
        4,
        0,
        0
      ],
      [
        0,
        21,
        3,
        0,
        182,
        1,
        0,
        5,
        0,
        0
      ],
      [
        1,
        5,
        0,
        0,
        66,
        0,
        0,
        6,
        0,
        0
      ],
      [
        0,
        0,
        0,
        0,
        30,
        0,
        0,
        6,
        0,
        0
      ],
      [
        0,
        0,
        0,
        0,
        7,
        0,
        0,
        3,
        0,
        0
      ],
      [
        0,
        1,
        0,
        0,
        5,
        0,
        0,
        0,
        0,
        0
      ]
    ]
  },
  "bias": [
    0.0,
    0.0,
    0.0,
    0.0,
    0.0,
    0.0,
    0.0,
    0.0,
    0.0,
    0.0
  ]
}