{
  "thresholds": [
    0.5345641374588013,
    1.6174026727676392,
    2.6523165702819824,
    3.345336437225342,
    5.119146347045898,
    6.188546180725098,
    6.350870609283447,
    7.511937141418457,
    8.510794639587402
  ],
  "test": {
    "exact_acc": 0.4990202482037884,
    "micro_f1": 0.4990202482037884,
    "relaxed_acc": 0.8577726975832789,
    "within2_acc": 0.9586871325930765,
    "macro_f1": 0.22358705176418053,
    "weighted_f1": 0.48604622310669005,
    "rare_f1_5_9": 0.021479624988396916,
    "rare_recall_5_9": 0.0129414610546686,
    "rare_precision_5_9": 0.1074074074074074,
    "mse_argmax": 1.222893533638145,
    "rmse_argmax": 1.1058451671179583,
    "mae_argmax": 0.6961136512083606,
    "mse_expected": 1.0993779544581241,
    "rmse_expected": 1.048512257657546,
    "mae_expected": 0.7091374758045776,
    "confusion_matrix": [
      [
        1463,
        477,
        45,
        20,
        24,
        2,
        0,
        1,
        0,
        0
      ],
      [
        430,
        963,
        194,
        62,
        41,
        1,
        0,
        0,
        0,
        0
      ],
      [
        41,
        381,
        185,
        110,
        92,
        0,
        0,
        0,
        0,
        0
      ],
      [
        9,
        163,
        159,
        119,
        164,
        1,
        0,
        0,
        0,
        0
      ],
      [
        4,
        77,
        123,
        106,
        314,
        11,
        0,
        0,
        0,
        0
      ],
      [
        0,
        8,
        13,
        28,
        152,
        11,
        0,
        0,
        0,
        0
      ],
      [
        1,
        0,
        3,
        9,
        52,
        12,
        1,
        0,
        0,
        0
      ],
      [
        0,
        0,
        1,
        0,
        24,
        10,
        1,
        0,
        0,
        0
      ],
      [
        0,
        0,
        0,
        0,
        5,
        4,
        1,
        0,
        0,
        0
      ],
      [
        0,
        0,
        1,
        1,
        2,
        2,
        0,
        0,
        0,
        0
      ]
    ]
  }
}