{
  "val": {
    "exact_acc": 0.45866503368034295,
    "micro_f1": 0.45866503368034295,
    "relaxed_acc": 0.8503776280873647,
    "within2_acc": 0.9550928760971626,
    "macro_f1": 0.21385110096147075,
    "weighted_f1": 0.454836176490092,
    "rare_f1_5_9": 0.030278884462151396,
    "rare_recall_5_9": 0.02235294117647059,
    "rare_precision_5_9": 0.046913580246913576,
    "mse_argmax": 1.310063278220045,
    "rmse_argmax": 1.144579957110924,
    "mae_argmax": 0.7491324760155134,
    "mse_expected": 1.1317935999408844,
    "rmse_expected": 1.0638578852181735,
    "mae_expected": 0.7959523192431684,
    "confusion_matrix": [
      [
        960,
        563,
        61,
        8,
        32,
        2,
        0,
        0,
        0,
        0
      ],
      [
        254,
        741,
        242,
        45,
        69,
        1,
        0,
        0,
        0,
        0
      ],
      [
        27,
        246,
        201,
        61,
        112,
        0,
        0,
        0,
        0,
        0
      ],
      [
        3,
        99,
        160,
        55,
        172,
        3,
        0,
        0,
        0,
        0
      ],
      [
        4,
        46,
        103,
        68,
        271,
        16,
        0,
        0,
        0,
        0
      ],
      [
        1,
        5,
        11,
        14,
        119,
        19,
        1,
        0,
        0,
        0
      ],
      [
        0,
        1,
        5,
        5,
        34,
        17,
        0,
        0,
        0,
        0
      ],
      [
        0,
        0,
        0,
        0,
        14,
        15,
        0,
        0,
        0,
        0
      ],
      [
        0,
        0,
        0,
        0,
        3,
        5,
        0,
        0,
        0,
        0
      ],
      [
        0,
        0,
        0,
        0,
        2,
        3,
        0,
        0,
        0,
        0
      ]
    ],
    "per_class": {
      "0": {
        "grade": "6B/6B+",
        "precision": 0.7686148919135308,
        "recall": 0.5904059040590406,
        "f1": 0.6678260869565218,
        "support": 1626
      },
      "1": {
        "grade": "6C/6C+",
        "precision": 0.43562610229276894,
        "recall": 0.5480769230769231,
        "f1": 0.4854241729446446,
        "support": 1352
      },
      "2": {
        "grade": "7A",
        "precision": 0.2567049808429119,
        "recall": 0.3106646058732612,
        "f1": 0.2811188811188811,
        "support": 647
      },
      "3": {
        "grade": "7A+",
        "precision": 0.21484375,
        "recall": 0.11178861788617886,
        "f1": 0.14705882352941177,
        "support": 492
      },
      "4": {
        "grade": "7B/7B+",
        "precision": 0.3272946859903382,
        "recall": 0.5334645669291339,
        "f1": 0.405688622754491,
        "support": 508
      },
      "5": {
        "grade": "7C",
        "precision": 0.2345679012345679,
        "recall": 0.11176470588235295,
        "f1": 0.15139442231075698,
        "support": 170
      },
      "6": {
        "grade": "7C+",
        "precision": 0.0,
        "recall": 0.0,
        "f1": 0.0,
        "support": 62
      },
      "7": {
        "grade": "8A",
        "precision": 0.0,
        "recall": 0.0,
        "f1": 0.0,
        "support": 29
      },
      "8": {
        "grade": "8A+",
        "precision": 0.0,
        "recall": 0.0,
        "f1": 0.0,
        "support": 8
      },
      "9": {
        "grade": "8B",
        "precision": 0.0,
        "recall": 0.0,
        "f1": 0.0,
        "support": 5
      }
    }
  },
  "test": {
    "exact_acc": 0.4812214239059438,
    "micro_f1": 0.4812214239059438,
    "relaxed_acc": 0.8515676028739386,
    "within2_acc": 0.9555845852384063,
    "macro_f1": 0.22542994575077033,
    "weighted_f1": 0.4807235527430768,
    "rare_f1_5_9": 0.03270440251572327,
    "rare_recall_5_9": 0.024528301886792454,
    "rare_precision_5_9": 0.04905660377358491,
    "mse_argmax": 1.2803723056825604,
    "rmse_argmax": 1.1315353753562283,
    "mae_argmax": 0.7241998693664272,
    "mse_expected": 1.0996317589764628,
    "rmse_expected": 1.0486332814556587,
    "mae_expected": 0.7767818006919925,
    "confusion_matrix": [
      [
        1260,
        634,
        78,
        21,
        34,
        4,
        0,
        0,
        1,
        0
      ],
      [
        239,
        982,
        323,
        54,
        92,
        1,
        0,
        0,
        0,
        0
      ],
      [
        20,
        304,
        246,
        83,
        154,
        2,
        0,
        0,
        0,
        0
      ],
      [
        8,
        108,
        189,
        90,
        215,
        5,
        0,
        0,
        0,
        0
      ],
      [
        4,
        46,
        135,
        82,
        343,
        25,
        0,
        0,
        0,
        0
      ],
      [
        0,
        7,
        10,
        14,
        155,
        26,
        0,
        0,
        0,
        0
      ],
      [
        1,
        0,
        2,
        2,
        54,
        19,
        0,
        0,
        0,
        0
      ],
      [
        0,
        0,
        0,
        0,
        21,
        15,
        0,
        0,
        0,
        0
      ],
      [
        0,
        0,
        0,
        0,
        5,
        5,
        0,
        0,
        0,
        0
      ],
      [
        0,
        0,
        0,
        0,
        2,
        4,
        0,
        0,
        0,
        0
      ]
    ],
    "per_class": {
      "0": {
        "grade": "6B/6B+",
        "precision": 0.8224543080939948,
        "recall": 0.6200787401574803,
        "f1": 0.7070707070707071,
        "support": 2032
      },
      "1": {
        "grade": "6C/6C+",
        "precision": 0.4718885151369534,
        "recall": 0.5807214665878179,
        "f1": 0.5206786850477201,
        "support": 1691
      },
      "2": {
        "grade": "7A",
        "precision": 0.25025432349949134,
        "recall": 0.30407911001236093,
        "f1": 0.27455357142857145,
        "support": 809
      },
      "3": {
        "grade": "7A+",
        "precision": 0.26011560693641617,
        "recall": 0.14634146341463414,
        "f1": 0.18730489073881373,
        "support": 615
      },
      "4": {
        "grade": "7B/7B+",
        "precision": 0.31906976744186044,
        "recall": 0.5401574803149606,
        "f1": 0.40116959064327484,
        "support": 635
      },
      "5": {
        "grade": "7C",
        "precision": 0.24528301886792453,
        "recall": 0.12264150943396226,
        "f1": 0.16352201257861634,
        "support": 212
      },
      "6": {
        "grade": "7C+",
        "precision": 0.0,
        "recall": 0.0,
        "f1": 0.0,
        "support": 78
      },
      "7": {
        "grade": "8A",
        "precision": 0.0,
        "recall": 0.0,
        "f1": 0.0,
        "support": 36
      },
      "8": {
        "grade": "8A+",
        "precision": 0.0,
        "recall": 0.0,
        "f1": 0.0,
        "support": 10
      },
      "9": {
        "grade": "8B",
        "precision": 0.0,
        "recall": 0.0,
        "f1": 0.0,
        "support": 6
      }
    }
  },
  "epoch": 18
}