{
  "val": {
    "exact_acc": 0.4800979791794244,
    "micro_f1": 0.4800979791794244,
    "relaxed_acc": 0.842212696468667,
    "within2_acc": 0.9489691773831395,
    "macro_f1": 0.21873435459778343,
    "weighted_f1": 0.4636822679937906,
    "rare_f1_5_9": 0.03607843137254902,
    "rare_recall_5_9": 0.027058823529411764,
    "rare_precision_5_9": 0.05411764705882353,
    "mse_argmax": 1.348846703408859,
    "rmse_argmax": 1.161398597988158,
    "mae_argmax": 0.7421922841396204,
    "mse_expected": 1.1182060045508566,
    "rmse_expected": 1.0574526015622907,
    "mae_expected": 0.7648316015927876,
    "confusion_matrix": [
      [
        1135,
        422,
        31,
        14,
        24,
        0,
        0,
        0,
        0,
        0
      ],
      [
        393,
        749,
        119,
        36,
        53,
        2,
        0,
        0,
        0,
        0
      ],
      [
        38,
        348,
        118,
        53,
        88,
        2,
        0,
        0,
        0,
        0
      ],
      [
        6,
        170,
        96,
        76,
        137,
        7,
        0,
        0,
        0,
        0
      ],
      [
        4,
        86,
        81,
        64,
        251,
        21,
        0,
        0,
        1,
        0
      ],
      [
        2,
        8,
        11,
        13,
        113,
        23,
        0,
        0,
        0,
        0
      ],
      [
        1,
        1,
        4,
        4,
        44,
        8,
        0,
        0,
        0,
        0
      ],
      [
        0,
        0,
        0,
        0,
        14,
        15,
        0,
        0,
        0,
        0
      ],
      [
        0,
        0,
        0,
        1,
        2,
        5,
        0,
        0,
        0,
        0
      ],
      [
        0,
        0,
        1,
        0,
        2,
        2,
        0,
        0,
        0,
        0
      ]
    ],
    "per_class": {
      "0": {
        "grade": "6B/6B+",
        "precision": 0.7188093730208993,
        "recall": 0.6980319803198032,
        "f1": 0.7082683307332294,
        "support": 1626
      },
      "1": {
        "grade": "6C/6C+",
        "precision": 0.4198430493273543,
        "recall": 0.5539940828402367,
        "f1": 0.47767857142857145,
        "support": 1352
      },
      "2": {
        "grade": "7A",
        "precision": 0.2559652928416486,
        "recall": 0.18238021638330756,
        "f1": 0.21299638989169675,
        "support": 647
      },
      "3": {
        "grade": "7A+",
        "precision": 0.29118773946360155,
        "recall": 0.15447154471544716,
        "f1": 0.20185922974767595,
        "support": 492
      },
      "4": {
        "grade": "7B/7B+",
        "precision": 0.3447802197802198,
        "recall": 0.4940944881889764,
        "f1": 0.40614886731391586,
        "support": 508
      },
      "5": {
        "grade": "7C",
        "precision": 0.27058823529411763,
        "recall": 0.13529411764705881,
        "f1": 0.1803921568627451,
        "support": 170
      },
      "6": {
        "grade": "7C+",
        "precision": 0.0,
        "recall": 0.0,
        "f1": 0.0,
        "support": 62
      },
      "7": {
        "grade": "8A",
        "precision": 0.0,
        "recall": 0.0,
        "f1": 0.0,
        "support": 29
      },
      "8": {
        "grade": "8A+",
        "precision": 0.0,
        "recall": 0.0,
        "f1": 0.0,
        "support": 8
      },
      "9": {
        "grade": "8B",
        "precision": 0.0,
        "recall": 0.0,
        "f1": 0.0,
        "support": 5
      }
    }
  },
  "test": {
    "exact_acc": 0.49118223383409537,
    "micro_f1": 0.49118223383409537,
    "relaxed_acc": 0.8491182233834096,
    "within2_acc": 0.9480731548007838,
    "macro_f1": 0.22232512989084746,
    "weighted_f1": 0.47416838834246144,
    "rare_f1_5_9": 0.03809523809523809,
    "rare_recall_5_9": 0.03018867924528302,
    "rare_precision_5_9": 0.05161290322580645,
    "mse_argmax": 1.3303396472893534,
    "rmse_argmax": 1.1534035058423193,
    "mae_argmax": 0.7261593729588505,
    "mse_expected": 1.0903131703451547,
    "rmse_expected": 1.0441806215139002,
    "mae_expected": 0.7473774401758141,
    "confusion_matrix": [
      [
        1458,
        486,
        38,
        16,
        30,
        4,
        0,
        0,
        0,
        0
      ],
      [
        459,
        962,
        153,
        50,
        67,
        0,
        0,
        0,
        0,
        0
      ],
      [
        48,
        418,
        142,
        78,
        119,
        4,
        0,
        0,
        0,
        0
      ],
      [
        11,
        180,
        156,
        88,
        172,
        8,
        0,
        0,
        0,
        0
      ],
      [
        4,
        106,
        99,
        75,
        326,
        24,
        0,
        0,
        1,
        0
      ],
      [
        0,
        13,
        15,
        11,
        141,
        32,
        0,
        0,
        0,
        0
      ],
      [
        1,
        4,
        2,
        3,
        38,
        30,
        0,
        0,
        0,
        0
      ],
      [
        0,
        0,
        1,
        0,
        20,
        15,
        0,
        0,
        0,
        0
      ],
      [
        0,
        0,
        0,
        0,
        5,
        5,
        0,
        0,
        0,
        0
      ],
      [
        0,
        0,
        1,
        1,
        2,
        2,
        0,
        0,
        0,
        0
      ]
    ],
    "per_class": {
      "0": {
        "grade": "6B/6B+",
        "precision": 0.7359919232710752,
        "recall": 0.71751968503937,
        "f1": 0.7266384251183653,
        "support": 2032
      },
      "1": {
        "grade": "6C/6C+",
        "precision": 0.44352236053480865,
        "recall": 0.5688941454760497,
        "f1": 0.49844559585492226,
        "support": 1691
      },
      "2": {
        "grade": "7A",
        "precision": 0.23393739703459637,
        "recall": 0.17552533992583436,
        "f1": 0.20056497175141244,
        "support": 809
      },
      "3": {
        "grade": "7A+",
        "precision": 0.2732919254658385,
        "recall": 0.14308943089430895,
        "f1": 0.18783351120597652,
        "support": 615
      },
      "4": {
        "grade": "7B/7B+",
        "precision": 0.35434782608695653,
        "recall": 0.5133858267716536,
        "f1": 0.4192926045016077,
        "support": 635
      },
      "5": {
        "grade": "7C",
        "precision": 0.25806451612903225,
        "recall": 0.1509433962264151,
        "f1": 0.19047619047619047,
        "support": 212
      },
      "6": {
        "grade": "7C+",
        "precision": 0.0,
        "recall": 0.0,
        "f1": 0.0,
        "support": 78
      },
      "7": {
        "grade": "8A",
        "precision": 0.0,
        "recall": 0.0,
        "f1": 0.0,
        "support": 36
      },
      "8": {
        "grade": "8A+",
        "precision": 0.0,
        "recall": 0.0,
        "f1": 0.0,
        "support": 10
      },
      "9": {
        "grade": "8B",
        "precision": 0.0,
        "recall": 0.0,
        "f1": 0.0,
        "support": 6
      }
    }
  },
  "epoch": 24
}