{
  "val": {
    "exact_acc": 0.48683404776484995,
    "micro_f1": 0.48683404776484995,
    "relaxed_acc": 0.833843641559502,
    "within2_acc": 0.9393753827311696,
    "macro_f1": 0.21135054367088318,
    "weighted_f1": 0.4569087393079813,
    "rare_f1_5_9": 0.03524229074889868,
    "rare_recall_5_9": 0.023529411764705882,
    "rare_precision_5_9": 0.07017543859649122,
    "mse_argmax": 1.4202898550724639,
    "rmse_argmax": 1.191759143062248,
    "mae_argmax": 0.7544396815676668,
    "mse_expected": 1.2000270478545914,
    "rmse_expected": 1.0954574605408425,
    "mae_expected": 0.7530057675853581,
    "confusion_matrix": [
      [
        1135,
        431,
        19,
        10,
        31,
        0,
        0,
        0,
        0,
        0
      ],
      [
        393,
        785,
        67,
        26,
        81,
        0,
        0,
        0,
        0,
        0
      ],
      [
        38,
        366,
        87,
        28,
        127,
        1,
        0,
        0,
        0,
        0
      ],
      [
        6,
        191,
        64,
        37,
        191,
        3,
        0,
        0,
        0,
        0
      ],
      [
        4,
        108,
        44,
        20,
        321,
        10,
        0,
        0,
        1,
        0
      ],
      [
        2,
        9,
        7,
        7,
        125,
        20,
        0,
        0,
        0,
        0
      ],
      [
        1,
        1,
        4,
        2,
        49,
        5,
        0,
        0,
        0,
        0
      ],
      [
        0,
        0,
        0,
        0,
        16,
        13,
        0,
        0,
        0,
        0
      ],
      [
        0,
        0,
        0,
        0,
        4,
        4,
        0,
        0,
        0,
        0
      ],
      [
        0,
        0,
        0,
        0,
        4,
        1,
        0,
        0,
        0,
        0
      ]
    ]
  },
  "test": {
    "exact_acc": 0.4900391900718485,
    "micro_f1": 0.4900391900718485,
    "relaxed_acc": 0.8388308295231874,
    "within2_acc": 0.9371325930764206,
    "macro_f1": 0.19998023139401,
    "weighted_f1": 0.4565774099460533,
    "rare_f1_5_9": 0.019718309859154928,
    "rare_recall_5_9": 0.013207547169811321,
    "rare_precision_5_9": 0.03888888888888889,
    "mse_argmax": 1.4333768778576095,
    "rmse_argmax": 1.1972371852968857,
    "mae_argmax": 0.7508164598301763,
    "mse_expected": 1.174119529630025,
    "rmse_expected": 1.0835679626262604,
    "mae_expected": 0.7359550861853104,
    "confusion_matrix": [
      [
        1458,
        495,
        26,
        6,
        44,
        3,
        0,
        0,
        0,
        0
      ],
      [
        459,
        1008,
        99,
        24,
        101,
        0,
        0,
        0,
        0,
        0
      ],
      [
        48,
        456,
        87,
        47,
        169,
        2,
        0,
        0,
        0,
        0
      ],
      [
        11,
        216,
        100,
        37,
        247,
        4,
        0,
        0,
        0,
        0
      ],
      [
        4,
        135,
        53,
        31,
        397,
        14,
        0,
        0,
        1,
        0
      ],
      [
        0,
        17,
        10,
        2,
        169,
        14,
        0,
        0,
        0,
        0
      ],
      [
        1,
        4,
        1,
        3,
        50,
        19,
        0,
        0,
        0,
        0
      ],
      [
        0,
        0,
        0,
        0,
        26,
        10,
        0,
        0,
        0,
        0
      ],
      [
        0,
        0,
        0,
        0,
        5,
        5,
        0,
        0,
        0,
        0
      ],
      [
        0,
        1,
        0,
        0,
        4,
        1,
        0,
        0,
        0,
        0
      ]
    ]
  },
  "bias": [
    0.0,
    0.0,
    0.0,
    0.0,
    0.0,
    0.0,
    0.0,
    0.0,
    0.0,
    0.0
  ]
}