{
  "thresholds": [
    0.4766666889190674,
    2.1600000858306885,
    3.3336668014526367,
    3.7927000522613525,
    4.9534735679626465,
    5.572741508483887,
    5.849999904632568,
    6.75,
    8.5
  ],
  "test": {
    "exact_acc": 0.4751796211626388,
    "micro_f1": 0.4751796211626388,
    "relaxed_acc": 0.8303396472893534,
    "within2_acc": 0.9410516002612671,
    "macro_f1": 0.23143421490650887,
    "weighted_f1": 0.45556538358725857,
    "rare_f1_5_9": 0.08373758736680967,
    "rare_recall_5_9": 0.07295436219964521,
    "rare_precision_5_9": 0.14243697478991596,
    "mse_argmax": 1.485630306988896,
    "rmse_argmax": 1.2188643513487858,
    "mae_argmax": 0.7740039190071848,
    "mse_expected": 1.367612378640234,
    "rmse_expected": 1.1694496050023848,
    "mae_expected": 0.7844163984918155,
    "confusion_matrix": [
      [
        1342,
        607,
        35,
        18,
        24,
        4,
        2,
        0,
        0,
        0
      ],
      [
        371,
        1086,
        115,
        56,
        62,
        0,
        1,
        0,
        0,
        0
      ],
      [
        43,
        478,
        116,
        48,
        123,
        0,
        0,
        0,
        1,
        0
      ],
      [
        16,
        223,
        129,
        56,
        180,
        6,
        1,
        1,
        3,
        0
      ],
      [
        4,
        127,
        107,
        85,
        288,
        15,
        5,
        3,
        1,
        0
      ],
      [
        2,
        20,
        17,
        24,
        124,
        15,
        4,
        4,
        2,
        0
      ],
      [
        0,
        5,
        6,
        6,
        44,
        8,
        3,
        5,
        1,
        0
      ],
      [
        0,
        1,
        3,
        2,
        16,
        7,
        1,
        2,
        4,
        0
      ],
      [
        0,
        0,
        0,
        0,
        7,
        0,
        0,
        1,
        2,
        0
      ],
      [
        0,
        0,
        1,
        0,
        4,
        1,
        0,
        0,
        0,
        0
      ]
    ]
  }
}