{
  "thresholds": [
    0.48000001907348633,
    2.0,
    2.784133195877075,
    3.2266666889190674,
    5.810000419616699,
    6.02133321762085,
    6.081622123718262,
    8.0,
    8.5
  ],
  "test": {
    "exact_acc": 0.47028086218158066,
    "micro_f1": 0.47028086218158066,
    "relaxed_acc": 0.8149902024820379,
    "within2_acc": 0.9281515349444808,
    "macro_f1": 0.2031631952080219,
    "weighted_f1": 0.43916872478585306,
    "rare_f1_5_9": 0.0352858547548813,
    "rare_recall_5_9": 0.029664570230607968,
    "rare_precision_5_9": 0.0656084656084656,
    "mse_argmax": 1.6436969301110385,
    "rmse_argmax": 1.282067443667079,
    "mae_argmax": 0.8125408229915089,
    "mse_expected": 1.4663035902483486,
    "rmse_expected": 1.2109102321181155,
    "mae_expected": 0.818823167955125,
    "confusion_matrix": [
      [
        1483,
        451,
        33,
        14,
        49,
        0,
        0,
        2,
        0,
        0
      ],
      [
        553,
        872,
        123,
        39,
        103,
        0,
        0,
        1,
        0,
        0
      ],
      [
        69,
        411,
        104,
        39,
        185,
        0,
        0,
        1,
        0,
        0
      ],
      [
        24,
        217,
        88,
        48,
        236,
        2,
        0,
        0,
        0,
        0
      ],
      [
        20,
        124,
        73,
        40,
        366,
        5,
        1,
        6,
        0,
        0
      ],
      [
        0,
        21,
        18,
        13,
        154,
        2,
        1,
        3,
        0,
        0
      ],
      [
        1,
        9,
        4,
        1,
        55,
        2,
        0,
        6,
        0,
        0
      ],
      [
        0,
        2,
        2,
        0,
        25,
        2,
        0,
        5,
        0,
        0
      ],
      [
        0,
        0,
        0,
        0,
        7,
        1,
        0,
        2,
        0,
        0
      ],
      [
        1,
        0,
        0,
        0,
        4,
        0,
        0,
        1,
        0,
        0
      ]
    ]
  }
}