{
  "val": {
    "exact_acc": 0.48336395182690345,
    "micro_f1": 0.48336395182690345,
    "relaxed_acc": 0.8318024086548275,
    "within2_acc": 0.9365176566646254,
    "macro_f1": 0.22242504759656173,
    "weighted_f1": 0.45405282741403,
    "rare_f1_5_9": 0.058443854995579136,
    "rare_recall_5_9": 0.039675456389452336,
    "rare_precision_5_9": 0.1109677419354839,
    "mse_argmax": 1.4470300061236987,
    "rmse_argmax": 1.2029256029047262,
    "mae_argmax": 0.762808736476832,
    "mse_expected": 1.126002795916299,
    "rmse_expected": 1.061132789011959,
    "mae_expected": 0.7656882371158474,
    "confusion_matrix": [
      [
        1213,
        350,
        19,
        9,
        34,
        0,
        0,
        0,
        1,
        0
      ],
      [
        465,
        681,
        72,
        39,
        94,
        1,
        0,
        0,
        0,
        0
      ],
      [
        59,
        328,
        76,
        48,
        134,
        2,
        0,
        0,
        0,
        0
      ],
      [
        18,
        155,
        63,
        56,
        198,
        1,
        0,
        1,
        0,
        0
      ],
      [
        8,
        92,
        38,
        37,
        318,
        13,
        0,
        1,
        1,
        0
      ],
      [
        2,
        6,
        9,
        7,
        121,
        22,
        1,
        2,
        0,
        0
      ],
      [
        1,
        0,
        0,
        5,
        47,
        8,
        0,
        1,
        0,
        0
      ],
      [
        0,
        0,
        0,
        0,
        16,
        10,
        1,
        2,
        0,
        0
      ],
      [
        0,
        0,
        0,
        0,
        3,
        4,
        0,
        1,
        0,
        0
      ],
      [
        0,
        0,
        0,
        0,
        2,
        1,
        0,
        2,
        0,
        0
      ]
    ],
    "per_class": {
      "0": {
        "grade": "6B/6B+",
        "precision": 0.6868629671574179,
        "recall": 0.7460024600246002,
        "f1": 0.7152122641509434,
        "support": 1626
      },
      "1": {
        "grade": "6C/6C+",
        "precision": 0.42245657568238215,
        "recall": 0.503698224852071,
        "f1": 0.45951417004048584,
        "support": 1352
      },
      "2": {
        "grade": "7A",
        "precision": 0.2743682310469314,
        "recall": 0.11746522411128284,
        "f1": 0.1645021645021645,
        "support": 647
      },
      "3": {
        "grade": "7A+",
        "precision": 0.27860696517412936,
        "recall": 0.11382113821138211,
        "f1": 0.16161616161616163,
        "support": 492
      },
      "4": {
        "grade": "7B/7B+",
        "precision": 0.32885211995863495,
        "recall": 0.6259842519685039,
        "f1": 0.4311864406779661,
        "support": 508
      },
      "5": {
        "grade": "7C",
        "precision": 0.3548387096774194,
        "recall": 0.12941176470588237,
        "f1": 0.1896551724137931,
        "support": 170
      },
      "6": {
        "grade": "7C+",
        "precision": 0.0,
        "recall": 0.0,
        "f1": 0.0,
        "support": 62
      },
      "7": {
        "grade": "8A",
        "precision": 0.2,
        "recall": 0.06896551724137931,
        "f1": 0.10256410256410256,
        "support": 29
      },
      "8": {
        "grade": "8A+",
        "precision": 0.0,
        "recall": 0.0,
        "f1": 0.0,
        "support": 8
      },
      "9": {
        "grade": "8B",
        "precision": 0.0,
        "recall": 0.0,
        "f1": 0.0,
        "support": 5
      }
    }
  },
  "test": {
    "exact_acc": 0.49167210973220116,
    "micro_f1": 0.49167210973220116,
    "relaxed_acc": 0.8378510777269759,
    "within2_acc": 0.9405617243631613,
    "macro_f1": 0.2249975864906691,
    "weighted_f1": 0.4612523038793366,
    "rare_f1_5_9": 0.05870703248186693,
    "rare_recall_5_9": 0.037832607643928394,
    "rare_precision_5_9": 0.17111111111111107,
    "mse_argmax": 1.420476812540823,
    "rmse_argmax": 1.1918375780872252,
    "mae_argmax": 0.7467341606792945,
    "mse_expected": 1.0749480914262672,
    "rmse_expected": 1.0367970348271003,
    "mae_expected": 0.7397245963856074,
    "confusion_matrix": [
      [
        1564,
        385,
        29,
        8,
        41,
        4,
        0,
        0,
        1,
        0
      ],
      [
        568,
        858,
        109,
        47,
        109,
        0,
        0,
        0,
        0,
        0
      ],
      [
        59,
        404,
        101,
        65,
        179,
        1,
        0,
        0,
        0,
        0
      ],
      [
        20,
        191,
        81,
        62,
        253,
        8,
        0,
        0,
        0,
        0
      ],
      [
        7,
        112,
        49,
        39,
        404,
        21,
        1,
        1,
        1,
        0
      ],
      [
        0,
        12,
        8,
        2,
        170,
        17,
        1,
        2,
        0,
        0
      ],
      [
        1,
        4,
        1,
        2,
        47,
        20,
        2,
        1,
        0,
        0
      ],
      [
        0,
        0,
        0,
        0,
        18,
        14,
        1,
        3,
        0,
        0
      ],
      [
        0,
        0,
        0,
        0,
        5,
        2,
        1,
        2,
        0,
        0
      ],
      [
        0,
        1,
        0,
        0,
        2,
        3,
        0,
        0,
        0,
        0
      ]
    ],
    "per_class": {
      "0": {
        "grade": "6B/6B+",
        "precision": 0.7048219918882379,
        "recall": 0.7696850393700787,
        "f1": 0.7358268642672312,
        "support": 2032
      },
      "1": {
        "grade": "6C/6C+",
        "precision": 0.4361972547025928,
        "recall": 0.5073920756948551,
        "f1": 0.4691088026243849,
        "support": 1691
      },
      "2": {
        "grade": "7A",
        "precision": 0.2671957671957672,
        "recall": 0.12484548825710753,
        "f1": 0.17017691659646167,
        "support": 809
      },
      "3": {
        "grade": "7A+",
        "precision": 0.27555555555555555,
        "recall": 0.1008130081300813,
        "f1": 0.14761904761904762,
        "support": 615
      },
      "4": {
        "grade": "7B/7B+",
        "precision": 0.3289902280130293,
        "recall": 0.6362204724409449,
        "f1": 0.4337090713902308,
        "support": 635
      },
      "5": {
        "grade": "7C",
        "precision": 0.18888888888888888,
        "recall": 0.08018867924528301,
        "f1": 0.11258278145695365,
        "support": 212
      },
      "6": {
        "grade": "7C+",
        "precision": 0.3333333333333333,
        "recall": 0.02564102564102564,
        "f1": 0.047619047619047616,
        "support": 78
      },
      "7": {
        "grade": "8A",
        "precision": 0.3333333333333333,
        "recall": 0.08333333333333333,
        "f1": 0.13333333333333333,
        "support": 36
      },
      "8": {
        "grade": "8A+",
        "precision": 0.0,
        "recall": 0.0,
        "f1": 0.0,
        "support": 10
      },
      "9": {
        "grade": "8B",
        "precision": 0.0,
        "recall": 0.0,
        "f1": 0.0,
        "support": 6
      }
    }
  },
  "epoch": 30
}