{
  "val": {
    "exact_acc": 0.48479281486017556,
    "micro_f1": 0.48479281486017556,
    "relaxed_acc": 0.8364972443355787,
    "within2_acc": 0.9428454786691162,
    "macro_f1": 0.21401886430560557,
    "weighted_f1": 0.4571281982547624,
    "rare_f1_5_9": 0.041379310344827586,
    "rare_recall_5_9": 0.03176470588235294,
    "rare_precision_5_9": 0.05934065934065934,
    "mse_argmax": 1.4011022657685241,
    "rmse_argmax": 1.1836816572746762,
    "mae_argmax": 0.7507654623392529,
    "mse_expected": 1.0871780920816347,
    "rmse_expected": 1.0426783262740407,
    "mae_expected": 0.7543490880367538,
    "confusion_matrix": [
      [
        1126,
        443,
        18,
        6,
        30,
        3,
        0,
        0,
        0,
        0
      ],
      [
        378,
        797,
        62,
        29,
        85,
        1,
        0,
        0,
        0,
        0
      ],
      [
        37,
        373,
        67,
        44,
        125,
        1,
        0,
        0,
        0,
        0
      ],
      [
        9,
        186,
        64,
        52,
        179,
        2,
        0,
        0,
        0,
        0
      ],
      [
        5,
        92,
        53,
        32,
        306,
        20,
        0,
        0,
        0,
        0
      ],
      [
        2,
        9,
        8,
        7,
        117,
        27,
        0,
        0,
        0,
        0
      ],
      [
        0,
        2,
        0,
        5,
        44,
        11,
        0,
        0,
        0,
        0
      ],
      [
        0,
        0,
        0,
        0,
        9,
        20,
        0,
        0,
        0,
        0
      ],
      [
        0,
        0,
        1,
        0,
        3,
        4,
        0,
        0,
        0,
        0
      ],
      [
        0,
        0,
        0,
        0,
        3,
        2,
        0,
        0,
        0,
        0
      ]
    ],
    "per_class": {
      "0": {
        "grade": "6B/6B+",
        "precision": 0.7231856133590238,
        "recall": 0.6924969249692496,
        "f1": 0.7075086396481307,
        "support": 1626
      },
      "1": {
        "grade": "6C/6C+",
        "precision": 0.41903259726603576,
        "recall": 0.5894970414201184,
        "f1": 0.48985863552550707,
        "support": 1352
      },
      "2": {
        "grade": "7A",
        "precision": 0.2454212454212454,
        "recall": 0.1035548686244204,
        "f1": 0.14565217391304347,
        "support": 647
      },
      "3": {
        "grade": "7A+",
        "precision": 0.29714285714285715,
        "recall": 0.10569105691056911,
        "f1": 0.15592203898050974,
        "support": 492
      },
      "4": {
        "grade": "7B/7B+",
        "precision": 0.33962264150943394,
        "recall": 0.6023622047244095,
        "f1": 0.43435060326472674,
        "support": 508
      },
      "5": {
        "grade": "7C",
        "precision": 0.2967032967032967,
        "recall": 0.1588235294117647,
        "f1": 0.20689655172413793,
        "support": 170
      },
      "6": {
        "grade": "7C+",
        "precision": 0.0,
        "recall": 0.0,
        "f1": 0.0,
        "support": 62
      },
      "7": {
        "grade": "8A",
        "precision": 0.0,
        "recall": 0.0,
        "f1": 0.0,
        "support": 29
      },
      "8": {
        "grade": "8A+",
        "precision": 0.0,
        "recall": 0.0,
        "f1": 0.0,
        "support": 8
      },
      "9": {
        "grade": "8B",
        "precision": 0.0,
        "recall": 0.0,
        "f1": 0.0,
        "support": 5
      }
    }
  },
  "test": {
    "exact_acc": 0.4983670803396473,
    "micro_f1": 0.4983670803396473,
    "relaxed_acc": 0.8448726322664925,
    "within2_acc": 0.94578706727629,
    "macro_f1": 0.21437296631267064,
    "weighted_f1": 0.4700846853047658,
    "rare_f1_5_9": 0.0346749226006192,
    "rare_recall_5_9": 0.026415094339622643,
    "rare_precision_5_9": 0.05045045045045045,
    "mse_argmax": 1.344056172436316,
    "rmse_argmax": 1.159334366106826,
    "mae_argmax": 0.7251796211626388,
    "mse_expected": 1.0421012613323581,
    "rmse_expected": 1.0208336109926819,
    "mae_expected": 0.7283954843440573,
    "confusion_matrix": [
      [
        1444,
        513,
        20,
        14,
        35,
        5,
        0,
        1,
        0,
        0
      ],
      [
        423,
        1041,
        104,
        31,
        91,
        1,
        0,
        0,
        0,
        0
      ],
      [
        42,
        448,
        96,
        53,
        169,
        1,
        0,
        0,
        0,
        0
      ],
      [
        10,
        219,
        78,
        53,
        250,
        5,
        0,
        0,
        0,
        0
      ],
      [
        4,
        107,
        64,
        46,
        390,
        24,
        0,
        0,
        0,
        0
      ],
      [
        0,
        12,
        7,
        5,
        160,
        28,
        0,
        0,
        0,
        0
      ],
      [
        1,
        1,
        2,
        3,
        48,
        23,
        0,
        0,
        0,
        0
      ],
      [
        0,
        0,
        0,
        0,
        21,
        15,
        0,
        0,
        0,
        0
      ],
      [
        0,
        0,
        0,
        0,
        4,
        6,
        0,
        0,
        0,
        0
      ],
      [
        0,
        0,
        0,
        1,
        2,
        3,
        0,
        0,
        0,
        0
      ]
    ],
    "per_class": {
      "0": {
        "grade": "6B/6B+",
        "precision": 0.7505197505197505,
        "recall": 0.7106299212598425,
        "f1": 0.7300303336703741,
        "support": 2032
      },
      "1": {
        "grade": "6C/6C+",
        "precision": 0.44468175993165315,
        "recall": 0.615612063867534,
        "f1": 0.5163690476190477,
        "support": 1691
      },
      "2": {
        "grade": "7A",
        "precision": 0.2587601078167116,
        "recall": 0.11866501854140915,
        "f1": 0.16271186440677965,
        "support": 809
      },
      "3": {
        "grade": "7A+",
        "precision": 0.25728155339805825,
        "recall": 0.08617886178861789,
        "f1": 0.12911084043848964,
        "support": 615
      },
      "4": {
        "grade": "7B/7B+",
        "precision": 0.3333333333333333,
        "recall": 0.6141732283464567,
        "f1": 0.43213296398891965,
        "support": 635
      },
      "5": {
        "grade": "7C",
        "precision": 0.25225225225225223,
        "recall": 0.1320754716981132,
        "f1": 0.17337461300309598,
        "support": 212
      },
      "6": {
        "grade": "7C+",
        "precision": 0.0,
        "recall": 0.0,
        "f1": 0.0,
        "support": 78
      },
      "7": {
        "grade": "8A",
        "precision": 0.0,
        "recall": 0.0,
        "f1": 0.0,
        "support": 36
      },
      "8": {
        "grade": "8A+",
        "precision": 0.0,
        "recall": 0.0,
        "f1": 0.0,
        "support": 10
      },
      "9": {
        "grade": "8B",
        "precision": 0.0,
        "recall": 0.0,
        "f1": 0.0,
        "support": 6
      }
    }
  },
  "epoch": 15
}