{
  "val": {
    "exact_acc": 0.4674423351704429,
    "micro_f1": 0.4674423351704429,
    "relaxed_acc": 0.8240457236170647,
    "within2_acc": 0.9301898346601347,
    "macro_f1": 0.29135161786640085,
    "weighted_f1": 0.4539325784516334,
    "rare_f1_5_9": 0.19381280929957384,
    "rare_recall_5_9": 0.1357950009814827,
    "rare_precision_5_9": 0.3953479853479854,
    "mse_argmax": 1.5674627474994898,
    "rmse_argmax": 1.2519835252508276,
    "mae_argmax": 0.7995509287609717,
    "mse_expected": 1.364429165990394,
    "rmse_expected": 1.1680878246049797,
    "mae_expected": 0.7923614817136511,
    "confusion_matrix": [
      [
        1083,
        437,
        48,
        6,
        49,
        1,
        0,
        2,
        0,
        0
      ],
      [
        371,
        667,
        147,
        32,
        128,
        6,
        0,
        1,
        0,
        0
      ],
      [
        46,
        274,
        127,
        45,
        145,
        9,
        0,
        1,
        0,
        0
      ],
      [
        18,
        121,
        101,
        50,
        187,
        13,
        2,
        0,
        0,
        0
      ],
      [
        10,
        61,
        56,
        31,
        321,
        23,
        1,
        4,
        1,
        0
      ],
      [
        1,
        6,
        8,
        5,
        111,
        32,
        4,
        2,
        1,
        0
      ],
      [
        1,
        0,
        5,
        2,
        37,
        9,
        6,
        1,
        1,
        0
      ],
      [
        0,
        0,
        0,
        0,
        12,
        10,
        5,
        2,
        0,
        0
      ],
      [
        0,
        0,
        0,
        0,
        3,
        1,
        2,
        1,
        1,
        0
      ],
      [
        0,
        0,
        0,
        0,
        2,
        0,
        1,
        1,
        0,
        1
      ]
    ]
  },
  "test": {
    "exact_acc": 0.47256694970607444,
    "micro_f1": 0.47256694970607444,
    "relaxed_acc": 0.8189092096668844,
    "within2_acc": 0.9296211626387981,
    "macro_f1": 0.24982958923144966,
    "weighted_f1": 0.45979322411734663,
    "rare_f1_5_9": 0.11037712478006449,
    "rare_recall_5_9": 0.08350588614739558,
    "rare_precision_5_9": 0.16739275451559935,
    "mse_argmax": 1.5929131286740692,
    "rmse_argmax": 1.2621066233381668,
    "mae_argmax": 0.8019268451992162,
    "mse_expected": 1.367612378640234,
    "rmse_expected": 1.1694496050023848,
    "mae_expected": 0.7844163984918155,
    "confusion_matrix": [
      [
        1375,
        507,
        74,
        18,
        50,
        6,
        2,
        0,
        0,
        0
      ],
      [
        403,
        894,
        203,
        36,
        146,
        9,
        0,
        0,
        0,
        0
      ],
      [
        60,
        345,
        155,
        46,
        195,
        7,
        0,
        1,
        0,
        0
      ],
      [
        20,
        150,
        102,
        58,
        261,
        14,
        5,
        5,
        0,
        0
      ],
      [
        11,
        72,
        78,
        45,
        375,
        43,
        6,
        5,
        0,
        0
      ],
      [
        2,
        13,
        14,
        9,
        137,
        27,
        7,
        1,
        2,
        0
      ],
      [
        1,
        3,
        3,
        4,
        46,
        13,
        4,
        3,
        0,
        1
      ],
      [
        0,
        0,
        0,
        1,
        18,
        8,
        3,
        5,
        1,
        0
      ],
      [
        0,
        0,
        0,
        0,
        5,
        1,
        1,
        1,
        1,
        1
      ],
      [
        0,
        0,
        0,
        1,
        4,
        0,
        1,
        0,
        0,
        0
      ]
    ]
  },
  "bias": [
    0.5,
    0.5,
    0.5,
    0.0625,
    0.0,
    0.0,
    0.0,
    0.0,
    0.0,
    0.0
  ]
}