{
  "val": {
    "exact_acc": 0.4788732394366197,
    "micro_f1": 0.4788732394366197,
    "relaxed_acc": 0.8299652990406206,
    "within2_acc": 0.9332516840171463,
    "macro_f1": 0.22090609064922662,
    "weighted_f1": 0.43924333524274156,
    "rare_f1_5_9": 0.07657566565554433,
    "rare_recall_5_9": 0.08073022312373226,
    "rare_precision_5_9": 0.09444444444444444,
    "mse_argmax": 1.4676464584609104,
    "rmse_argmax": 1.2114645923265401,
    "mae_argmax": 0.7719942845478669,
    "mse_expected": 1.1233348903879652,
    "rmse_expected": 1.0598749409189583,
    "mae_expected": 0.7707610082434109,
    "confusion_matrix": [
      [
        1154,
        418,
        5,
        20,
        27,
        2,
        0,
        0,
        0,
        0
      ],
      [
        419,
        787,
        23,
        36,
        86,
        1,
        0,
        0,
        0,
        0
      ],
      [
        45,
        397,
        23,
        48,
        133,
        1,
        0,
        0,
        0,
        0
      ],
      [
        13,
        202,
        19,
        54,
        201,
        2,
        0,
        1,
        0,
        0
      ],
      [
        5,
        128,
        6,
        41,
        308,
        16,
        0,
        4,
        0,
        0
      ],
      [
        2,
        9,
        2,
        6,
        125,
        10,
        0,
        16,
        0,
        0
      ],
      [
        0,
        3,
        1,
        2,
        46,
        6,
        0,
        4,
        0,
        0
      ],
      [
        0,
        0,
        0,
        0,
        12,
        7,
        0,
        10,
        0,
        0
      ],
      [
        0,
        0,
        0,
        0,
        5,
        0,
        0,
        3,
        0,
        0
      ],
      [
        0,
        0,
        0,
        0,
        3,
        0,
        0,
        2,
        0,
        0
      ]
    ],
    "per_class": {
      "0": {
        "grade": "6B/6B+",
        "precision": 0.7045177045177046,
        "recall": 0.7097170971709718,
        "f1": 0.7071078431372549,
        "support": 1626
      },
      "1": {
        "grade": "6C/6C+",
        "precision": 0.40483539094650206,
        "recall": 0.5821005917159763,
        "f1": 0.47754854368932037,
        "support": 1352
      },
      "2": {
        "grade": "7A",
        "precision": 0.2911392405063291,
        "recall": 0.03554868624420402,
        "f1": 0.06336088154269973,
        "support": 647
      },
      "3": {
        "grade": "7A+",
        "precision": 0.2608695652173913,
        "recall": 0.10975609756097561,
        "f1": 0.15450643776824036,
        "support": 492
      },
      "4": {
        "grade": "7B/7B+",
        "precision": 0.32558139534883723,
        "recall": 0.6062992125984252,
        "f1": 0.4236588720770289,
        "support": 508
      },
      "5": {
        "grade": "7C",
        "precision": 0.2222222222222222,
        "recall": 0.058823529411764705,
        "f1": 0.09302325581395349,
        "support": 170
      },
      "6": {
        "grade": "7C+",
        "precision": 0.0,
        "recall": 0.0,
        "f1": 0.0,
        "support": 62
      },
      "7": {
        "grade": "8A",
        "precision": 0.25,
        "recall": 0.3448275862068966,
        "f1": 0.2898550724637681,
        "support": 29
      },
      "8": {
        "grade": "8A+",
        "precision": 0.0,
        "recall": 0.0,
        "f1": 0.0,
        "support": 8
      },
      "9": {
        "grade": "8B",
        "precision": 0.0,
        "recall": 0.0,
        "f1": 0.0,
        "support": 5
      }
    }
  },
  "test": {
    "exact_acc": 0.49477465708687135,
    "micro_f1": 0.49477465708687135,
    "relaxed_acc": 0.8288700195950359,
    "within2_acc": 0.9338667537557153,
    "macro_f1": 0.22360223072607308,
    "weighted_f1": 0.4529149613362063,
    "rare_f1_5_9": 0.07656826568265682,
    "rare_recall_5_9": 0.08364779874213836,
    "rare_precision_5_9": 0.10101694915254238,
    "mse_argmax": 1.4839973873285435,
    "rmse_argmax": 1.218194314273607,
    "mae_argmax": 0.7599608099281515,
    "mse_expected": 1.0913954305950264,
    "rmse_expected": 1.0446987271912542,
    "mae_expected": 0.7511382683047662,
    "confusion_matrix": [
      [
        1488,
        475,
        6,
        17,
        41,
        2,
        0,
        3,
        0,
        0
      ],
      [
        481,
        1035,
        18,
        51,
        104,
        2,
        0,
        0,
        0,
        0
      ],
      [
        50,
        485,
        25,
        59,
        189,
        1,
        0,
        0,
        0,
        0
      ],
      [
        10,
        262,
        29,
        58,
        247,
        7,
        0,
        2,
        0,
        0
      ],
      [
        5,
        149,
        14,
        47,
        394,
        14,
        0,
        12,
        0,
        0
      ],
      [
        0,
        18,
        3,
        5,
        160,
        18,
        0,
        8,
        0,
        0
      ],
      [
        1,
        4,
        0,
        3,
        44,
        12,
        0,
        14,
        0,
        0
      ],
      [
        0,
        0,
        0,
        0,
        21,
        3,
        0,
        12,
        0,
        0
      ],
      [
        0,
        0,
        0,
        0,
        5,
        0,
        0,
        5,
        0,
        0
      ],
      [
        0,
        1,
        0,
        0,
        1,
        0,
        0,
        4,
        0,
        0
      ]
    ],
    "per_class": {
      "0": {
        "grade": "6B/6B+",
        "precision": 0.7312039312039312,
        "recall": 0.7322834645669292,
        "f1": 0.7317432997295303,
        "support": 2032
      },
      "1": {
        "grade": "6C/6C+",
        "precision": 0.4261012762453685,
        "recall": 0.6120638675340035,
        "f1": 0.5024271844660194,
        "support": 1691
      },
      "2": {
        "grade": "7A",
        "precision": 0.2631578947368421,
        "recall": 0.030902348578491966,
        "f1": 0.05530973451327434,
        "support": 809
      },
      "3": {
        "grade": "7A+",
        "precision": 0.24166666666666667,
        "recall": 0.0943089430894309,
        "f1": 0.13567251461988303,
        "support": 615
      },
      "4": {
        "grade": "7B/7B+",
        "precision": 0.32669983416252074,
        "recall": 0.6204724409448819,
        "f1": 0.4280282455187398,
        "support": 635
      },
      "5": {
        "grade": "7C",
        "precision": 0.3050847457627119,
        "recall": 0.08490566037735849,
        "f1": 0.13284132841328414,
        "support": 212
      },
      "6": {
        "grade": "7C+",
        "precision": 0.0,
        "recall": 0.0,
        "f1": 0.0,
        "support": 78
      },
      "7": {
        "grade": "8A",
        "precision": 0.2,
        "recall": 0.3333333333333333,
        "f1": 0.25,
        "support": 36
      },
      "8": {
        "grade": "8A+",
        "precision": 0.0,
        "recall": 0.0,
        "f1": 0.0,
        "support": 10
      },
      "9": {
        "grade": "8B",
        "precision": 0.0,
        "recall": 0.0,
        "f1": 0.0,
        "support": 6
      }
    }
  },
  "epoch": 11
}