{
  "val": {
    "exact_acc": 0.4866299244743825,
    "micro_f1": 0.4866299244743825,
    "relaxed_acc": 0.835272504592774,
    "within2_acc": 0.9391712594407022,
    "macro_f1": 0.2378013146507599,
    "weighted_f1": 0.46452617188601947,
    "rare_f1_5_9": 0.07846848217455246,
    "rare_recall_5_9": 0.06424000523457436,
    "rare_precision_5_9": 0.4643356643356643,
    "mse_argmax": 1.4168197591345173,
    "rmse_argmax": 1.1903023813865607,
    "mae_argmax": 0.7534190651153296,
    "mse_expected": 1.197642376963646,
    "rmse_expected": 1.0943684831735816,
    "mae_expected": 0.7547629444231356,
    "confusion_matrix": [
      [
        1213,
        342,
        28,
        8,
        33,
        2,
        0,
        0,
        0,
        0
      ],
      [
        465,
        659,
        96,
        38,
        92,
        2,
        0,
        0,
        0,
        0
      ],
      [
        58,
        299,
        107,
        49,
        128,
        6,
        0,
        0,
        0,
        0
      ],
      [
        18,
        132,
        86,
        63,
        182,
        11,
        0,
        0,
        0,
        0
      ],
      [
        9,
        83,
        46,
        41,
        294,
        35,
        0,
        0,
        0,
        0
      ],
      [
        2,
        6,
        9,
        8,
        99,
        46,
        0,
        0,
        0,
        0
      ],
      [
        1,
        0,
        0,
        5,
        41,
        14,
        1,
        0,
        0,
        0
      ],
      [
        0,
        0,
        0,
        0,
        9,
        19,
        0,
        1,
        0,
        0
      ],
      [
        0,
        0,
        0,
        0,
        3,
        5,
        0,
        0,
        0,
        0
      ],
      [
        0,
        0,
        0,
        0,
        2,
        3,
        0,
        0,
        0,
        0
      ]
    ]
  },
  "test": {
    "exact_acc": 0.492161985630307,
    "micro_f1": 0.492161985630307,
    "relaxed_acc": 0.8424232527759634,
    "within2_acc": 0.9461136512083606,
    "macro_f1": 0.22169401777262815,
    "weighted_f1": 0.4687816649038489,
    "rare_f1_5_9": 0.04332493702770781,
    "rare_recall_5_9": 0.04056603773584906,
    "rare_precision_5_9": 0.04648648648648649,
    "mse_argmax": 1.3742651861528412,
    "rmse_argmax": 1.1722905724063644,
    "mae_argmax": 0.7357935989549315,
    "mse_expected": 1.1472505034688107,
    "rmse_expected": 1.0710978029427616,
    "mae_expected": 0.7281729282446157,
    "confusion_matrix": [
      [
        1565,
        372,
        39,
        12,
        35,
        9,
        0,
        0,
        0,
        0
      ],
      [
        567,
        823,
        145,
        55,
        97,
        4,
        0,
        0,
        0,
        0
      ],
      [
        59,
        368,
        137,
        81,
        160,
        4,
        0,
        0,
        0,
        0
      ],
      [
        20,
        172,
        99,
        69,
        241,
        14,
        0,
        0,
        0,
        0
      ],
      [
        6,
        86,
        75,
        48,
        377,
        42,
        0,
        0,
        1,
        0
      ],
      [
        0,
        11,
        9,
        3,
        146,
        43,
        0,
        0,
        0,
        0
      ],
      [
        1,
        4,
        1,
        2,
        34,
        36,
        0,
        0,
        0,
        0
      ],
      [
        0,
        0,
        0,
        0,
        13,
        23,
        0,
        0,
        0,
        0
      ],
      [
        0,
        0,
        0,
        0,
        3,
        6,
        1,
        0,
        0,
        0
      ],
      [
        0,
        1,
        0,
        0,
        1,
        4,
        0,
        0,
        0,
        0
      ]
    ]
  },
  "bias": [
    0.0,
    0.0,
    0.0,
    0.0,
    0.0,
    0.0,
    0.0,
    0.0,
    0.0,
    0.0
  ]
}