{
  "val": {
    "exact_acc": 0.4827515819555011,
    "micro_f1": 0.4827515819555011,
    "relaxed_acc": 0.8315982853643601,
    "within2_acc": 0.9448867115737906,
    "macro_f1": 0.25026792077631377,
    "weighted_f1": 0.4653423653856489,
    "rare_f1_5_9": 0.09441473559120618,
    "rare_recall_5_9": 0.06809657789700975,
    "rare_precision_5_9": 0.16865546218487396,
    "mse_argmax": 1.3974280465401103,
    "rmse_argmax": 1.1821286082910396,
    "mae_argmax": 0.7544396815676668,
    "mse_expected": 1.2318413433294637,
    "rmse_expected": 1.109883481870716,
    "mae_expected": 0.7660325263314516,
    "confusion_matrix": [
      [
        1149,
        397,
        37,
        11,
        31,
        1,
        0,
        0,
        0,
        0
      ],
      [
        408,
        696,
        110,
        55,
        80,
        2,
        0,
        1,
        0,
        0
      ],
      [
        36,
        298,
        134,
        51,
        127,
        1,
        0,
        0,
        0,
        0
      ],
      [
        8,
        167,
        82,
        65,
        163,
        5,
        2,
        0,
        0,
        0
      ],
      [
        3,
        81,
        61,
        50,
        301,
        5,
        6,
        1,
        0,
        0
      ],
      [
        1,
        7,
        9,
        12,
        124,
        9,
        6,
        2,
        0,
        0
      ],
      [
        0,
        2,
        3,
        4,
        41,
        4,
        5,
        3,
        0,
        0
      ],
      [
        0,
        0,
        0,
        1,
        12,
        3,
        7,
        6,
        0,
        0
      ],
      [
        0,
        0,
        0,
        0,
        3,
        2,
        2,
        1,
        0,
        0
      ],
      [
        0,
        0,
        0,
        0,
        2,
        2,
        0,
        1,
        0,
        0
      ]
    ]
  },
  "test": {
    "exact_acc": 0.4853037230568256,
    "micro_f1": 0.4853037230568256,
    "relaxed_acc": 0.8371979098628347,
    "within2_acc": 0.9477465708687133,
    "macro_f1": 0.2279576990279526,
    "weighted_f1": 0.46587764657691144,
    "rare_f1_5_9": 0.0622386325921009,
    "rare_recall_5_9": 0.041323980003225284,
    "rare_precision_5_9": 0.13317647058823529,
    "mse_argmax": 1.3791639451338995,
    "rmse_argmax": 1.1743781099517734,
    "mae_argmax": 0.7449379490529066,
    "mse_expected": 1.1958586602133292,
    "rmse_expected": 1.0935532269685502,
    "mae_expected": 0.7455442193620654,
    "confusion_matrix": [
      [
        1470,
        455,
        49,
        24,
        30,
        2,
        2,
        0,
        0,
        0
      ],
      [
        454,
        922,
        170,
        62,
        81,
        1,
        1,
        0,
        0,
        0
      ],
      [
        43,
        387,
        117,
        80,
        179,
        1,
        1,
        1,
        0,
        0
      ],
      [
        11,
        188,
        91,
        73,
        247,
        4,
        1,
        0,
        0,
        0
      ],
      [
        5,
        94,
        75,
        71,
        368,
        12,
        8,
        2,
        0,
        0
      ],
      [
        0,
        13,
        6,
        7,
        164,
        13,
        7,
        2,
        0,
        0
      ],
      [
        2,
        1,
        2,
        4,
        52,
        9,
        7,
        1,
        0,
        0
      ],
      [
        0,
        1,
        0,
        0,
        22,
        6,
        5,
        2,
        0,
        0
      ],
      [
        0,
        0,
        0,
        0,
        4,
        2,
        2,
        2,
        0,
        0
      ],
      [
        0,
        0,
        0,
        0,
        6,
        0,
        0,
        0,
        0,
        0
      ]
    ]
  },
  "bias": [
    0.0,
    0.0,
    0.0,
    0.0,
    0.0,
    0.0,
    0.0,
    0.0,
    0.0,
    0.0
  ]
}