{
  "thresholds": [
    0.6119999885559082,
    2.174555540084839,
    2.559999942779541,
    2.774444341659546,
    4.5,
    5.800000190734863,
    6.010666847229004,
    7.5,
    8.5
  ],
  "test": {
    "exact_acc": 0.4846505551926845,
    "micro_f1": 0.4846505551926845,
    "relaxed_acc": 0.8303396472893534,
    "within2_acc": 0.9364794252122796,
    "macro_f1": 0.20336666608999607,
    "weighted_f1": 0.44456671424453914,
    "rare_f1_5_9": 0.04684684684684685,
    "rare_recall_5_9": 0.04905660377358491,
    "rare_precision_5_9": 0.04482758620689655,
    "mse_argmax": 1.4671783148269104,
    "rmse_argmax": 1.211271363001252,
    "mae_argmax": 0.7653494448073155,
    "mse_expected": 1.1472505034688107,
    "rmse_expected": 1.0710978029427616,
    "mae_expected": 0.7281729282446157,
    "confusion_matrix": [
      [
        1613,
        346,
        17,
        6,
        41,
        9,
        0,
        0,
        0,
        0
      ],
      [
        634,
        842,
        63,
        27,
        122,
        3,
        0,
        0,
        0,
        0
      ],
      [
        77,
        429,
        57,
        43,
        197,
        6,
        0,
        0,
        0,
        0
      ],
      [
        16,
        221,
        57,
        33,
        270,
        18,
        0,
        0,
        0,
        0
      ],
      [
        6,
        130,
        34,
        23,
        371,
        71,
        0,
        0,
        0,
        0
      ],
      [
        0,
        13,
        2,
        5,
        139,
        52,
        1,
        0,
        0,
        0
      ],
      [
        1,
        4,
        1,
        1,
        32,
        39,
        0,
        0,
        0,
        0
      ],
      [
        0,
        0,
        0,
        0,
        13,
        21,
        2,
        0,
        0,
        0
      ],
      [
        0,
        0,
        0,
        0,
        0,
        9,
        1,
        0,
        0,
        0
      ],
      [
        0,
        0,
        1,
        0,
        1,
        4,
        0,
        0,
        0,
        0
      ]
    ]
  }
}