{
  "val": {
    "exact_acc": 0.4841804449887732,
    "micro_f1": 0.4841804449887732,
    "relaxed_acc": 0.8297611757501531,
    "within2_acc": 0.9359052867932232,
    "macro_f1": 0.22093170836897097,
    "weighted_f1": 0.4488600042297924,
    "rare_f1_5_9": 0.0650993883792049,
    "rare_recall_5_9": 0.05748478701825558,
    "rare_precision_5_9": 0.12144373673036093,
    "mse_argmax": 1.4574402939375384,
    "rmse_argmax": 1.2072449187872105,
    "mae_argmax": 0.7650540926719739,
    "mse_expected": 1.2245576824380013,
    "rmse_expected": 1.1065973443118329,
    "mae_expected": 0.7639744561930718,
    "confusion_matrix": [
      [
        1253,
        319,
        9,
        18,
        23,
        4,
        0,
        0,
        0,
        0
      ],
      [
        513,
        688,
        31,
        44,
        74,
        2,
        0,
        0,
        0,
        0
      ],
      [
        61,
        373,
        39,
        50,
        116,
        8,
        0,
        0,
        0,
        0
      ],
      [
        18,
        193,
        23,
        71,
        174,
        13,
        0,
        0,
        0,
        0
      ],
      [
        9,
        118,
        16,
        51,
        277,
        37,
        0,
        0,
        0,
        0
      ],
      [
        2,
        9,
        3,
        12,
        101,
        43,
        0,
        0,
        0,
        0
      ],
      [
        2,
        2,
        1,
        2,
        34,
        20,
        0,
        1,
        0,
        0
      ],
      [
        0,
        0,
        0,
        0,
        7,
        21,
        0,
        1,
        0,
        0
      ],
      [
        0,
        0,
        0,
        0,
        2,
        6,
        0,
        0,
        0,
        0
      ],
      [
        0,
        0,
        0,
        0,
        1,
        3,
        0,
        1,
        0,
        0
      ]
    ]
  },
  "test": {
    "exact_acc": 0.4879163945133899,
    "micro_f1": 0.4879163945133899,
    "relaxed_acc": 0.8311561071195297,
    "within2_acc": 0.9377857609405618,
    "macro_f1": 0.2062667300244477,
    "weighted_f1": 0.4496380742864204,
    "rare_f1_5_9": 0.04246913580246914,
    "rare_recall_5_9": 0.04056603773584906,
    "rare_precision_5_9": 0.04455958549222798,
    "mse_argmax": 1.4603200522534292,
    "rmse_argmax": 1.2084370286669592,
    "mae_argmax": 0.7604506858262573,
    "mse_expected": 1.190552853080963,
    "rmse_expected": 1.0911245818333317,
    "mae_expected": 0.7437857791715577,
    "confusion_matrix": [
      [
        1591,
        371,
        6,
        23,
        35,
        5,
        0,
        1,
        0,
        0
      ],
      [
        611,
        899,
        33,
        61,
        83,
        4,
        0,
        0,
        0,
        0
      ],
      [
        72,
        454,
        40,
        82,
        156,
        5,
        0,
        0,
        0,
        0
      ],
      [
        17,
        250,
        47,
        67,
        217,
        17,
        0,
        0,
        0,
        0
      ],
      [
        9,
        139,
        24,
        63,
        348,
        52,
        0,
        0,
        0,
        0
      ],
      [
        0,
        18,
        3,
        12,
        136,
        43,
        0,
        0,
        0,
        0
      ],
      [
        1,
        4,
        0,
        3,
        34,
        36,
        0,
        0,
        0,
        0
      ],
      [
        0,
        0,
        0,
        0,
        15,
        21,
        0,
        0,
        0,
        0
      ],
      [
        0,
        0,
        0,
        0,
        4,
        6,
        0,
        0,
        0,
        0
      ],
      [
        0,
        1,
        0,
        0,
        1,
        4,
        0,
        0,
        0,
        0
      ]
    ]
  },
  "bias": [
    0.0,
    0.0,
    0.0,
    0.0,
    -0.25,
    0.0,
    0.0,
    0.0,
    0.0,
    0.0
  ]
}