{
  "val": {
    "exact_acc": 0.45927740355174523,
    "micro_f1": 0.45927740355174523,
    "relaxed_acc": 0.8238416003265973,
    "within2_acc": 0.9303939579506022,
    "macro_f1": 0.29417606735876956,
    "weighted_f1": 0.4512466720435858,
    "rare_f1_5_9": 0.20209150326797384,
    "rare_recall_5_9": 0.15579500098148272,
    "rare_precision_5_9": 0.3755042016806723,
    "mse_argmax": 1.5905286793223106,
    "rmse_argmax": 1.2611616388561422,
    "mae_argmax": 0.8091447234129414,
    "mse_expected": 1.216806881320701,
    "rmse_expected": 1.1030896977674576,
    "mae_expected": 0.7909770927062388,
    "confusion_matrix": [
      [
        1112,
        399,
        47,
        21,
        39,
        6,
        0,
        2,
        0,
        0
      ],
      [
        407,
        609,
        150,
        66,
        111,
        8,
        0,
        1,
        0,
        0
      ],
      [
        54,
        250,
        126,
        89,
        113,
        14,
        0,
        1,
        0,
        0
      ],
      [
        22,
        108,
        102,
        73,
        165,
        18,
        4,
        0,
        0,
        0
      ],
      [
        12,
        52,
        54,
        60,
        271,
        51,
        3,
        4,
        1,
        0
      ],
      [
        1,
        5,
        8,
        10,
        88,
        49,
        5,
        3,
        1,
        0
      ],
      [
        2,
        0,
        4,
        5,
        32,
        11,
        6,
        1,
        1,
        0
      ],
      [
        0,
        0,
        0,
        1,
        9,
        10,
        7,
        2,
        0,
        0
      ],
      [
        0,
        0,
        1,
        0,
        0,
        3,
        2,
        1,
        1,
        0
      ],
      [
        0,
        0,
        0,
        1,
        1,
        0,
        1,
        1,
        0,
        1
      ]
    ],
    "per_class": {
      "0": {
        "grade": "6B/6B+",
        "precision": 0.6906832298136646,
        "recall": 0.6838868388683886,
        "f1": 0.6872682323856613,
        "support": 1626
      },
      "1": {
        "grade": "6C/6C+",
        "precision": 0.4279690794096978,
        "recall": 0.4504437869822485,
        "f1": 0.43891891891891893,
        "support": 1352
      },
      "2": {
        "grade": "7A",
        "precision": 0.25609756097560976,
        "recall": 0.1947449768160742,
        "f1": 0.2212467076382792,
        "support": 647
      },
      "3": {
        "grade": "7A+",
        "precision": 0.22392638036809817,
        "recall": 0.1483739837398374,
        "f1": 0.1784841075794621,
        "support": 492
      },
      "4": {
        "grade": "7B/7B+",
        "precision": 0.32689987937273823,
        "recall": 0.5334645669291339,
        "f1": 0.4053851907255049,
        "support": 508
      },
      "5": {
        "grade": "7C",
        "precision": 0.28823529411764703,
        "recall": 0.28823529411764703,
        "f1": 0.28823529411764703,
        "support": 170
      },
      "6": {
        "grade": "7C+",
        "precision": 0.21428571428571427,
        "recall": 0.0967741935483871,
        "f1": 0.13333333333333333,
        "support": 62
      },
      "7": {
        "grade": "8A",
        "precision": 0.125,
        "recall": 0.06896551724137931,
        "f1": 0.08888888888888889,
        "support": 29
      },
      "8": {
        "grade": "8A+",
        "precision": 0.25,
        "recall": 0.125,
        "f1": 0.16666666666666666,
        "support": 8
      },
      "9": {
        "grade": "8B",
        "precision": 1.0,
        "recall": 0.2,
        "f1": 0.3333333333333333,
        "support": 5
      }
    }
  },
  "test": {
    "exact_acc": 0.46685173089484,
    "micro_f1": 0.46685173089484,
    "relaxed_acc": 0.819888961463096,
    "within2_acc": 0.9338667537557153,
    "macro_f1": 0.25707062438741135,
    "weighted_f1": 0.46079339418133214,
    "rare_f1_5_9": 0.12035904449697554,
    "rare_recall_5_9": 0.10143041444928239,
    "rare_precision_5_9": 0.162093283061025,
    "mse_argmax": 1.5824624428478118,
    "rmse_argmax": 1.257959634824509,
    "mae_argmax": 0.8029065969954279,
    "mse_expected": 1.1995833284615955,
    "rmse_expected": 1.0952549148310613,
    "mae_expected": 0.777304903575381,
    "confusion_matrix": [
      [
        1433,
        441,
        78,
        31,
        38,
        8,
        3,
        0,
        0,
        0
      ],
      [
        470,
        793,
        208,
        90,
        116,
        14,
        0,
        0,
        0,
        0
      ],
      [
        66,
        311,
        167,
        81,
        171,
        12,
        0,
        1,
        0,
        0
      ],
      [
        22,
        133,
        106,
        101,
        221,
        21,
        6,
        5,
        0,
        0
      ],
      [
        11,
        64,
        75,
        96,
        309,
        68,
        6,
        6,
        0,
        0
      ],
      [
        2,
        12,
        14,
        14,
        112,
        46,
        9,
        1,
        2,
        0
      ],
      [
        2,
        3,
        3,
        4,
        28,
        30,
        4,
        3,
        0,
        1
      ],
      [
        1,
        0,
        0,
        1,
        11,
        14,
        3,
        5,
        1,
        0
      ],
      [
        0,
        0,
        0,
        0,
        2,
        4,
        1,
        1,
        1,
        1
      ],
      [
        0,
        0,
        0,
        1,
        4,
        0,
        1,
        0,
        0,
        0
      ]
    ],
    "per_class": {
      "0": {
        "grade": "6B/6B+",
        "precision": 0.7140009965122073,
        "recall": 0.7052165354330708,
        "f1": 0.7095815795989107,
        "support": 2032
      },
      "1": {
        "grade": "6C/6C+",
        "precision": 0.45133750711439957,
        "recall": 0.4689532820816085,
        "f1": 0.4599767981438515,
        "support": 1691
      },
      "2": {
        "grade": "7A",
        "precision": 0.2565284178187404,
        "recall": 0.20642768850432633,
        "f1": 0.22876712328767124,
        "support": 809
      },
      "3": {
        "grade": "7A+",
        "precision": 0.24105011933174225,
        "recall": 0.16422764227642275,
        "f1": 0.195357833655706,
        "support": 615
      },
      "4": {
        "grade": "7B/7B+",
        "precision": 0.30533596837944665,
        "recall": 0.48661417322834644,
        "f1": 0.37522768670309653,
        "support": 635
      },
      "5": {
        "grade": "7C",
        "precision": 0.2119815668202765,
        "recall": 0.2169811320754717,
        "f1": 0.21445221445221446,
        "support": 212
      },
      "6": {
        "grade": "7C+",
        "precision": 0.12121212121212122,
        "recall": 0.05128205128205128,
        "f1": 0.07207207207207207,
        "support": 78
      },
      "7": {
        "grade": "8A",
        "precision": 0.22727272727272727,
        "recall": 0.1388888888888889,
        "f1": 0.1724137931034483,
        "support": 36
      },
      "8": {
        "grade": "8A+",
        "precision": 0.25,
        "recall": 0.1,
        "f1": 0.14285714285714285,
        "support": 10
      },
      "9": {
        "grade": "8B",
        "precision": 0.0,
        "recall": 0.0,
        "f1": 0.0,
        "support": 6
      }
    }
  },
  "epoch": 119
}