{
  "val": {
    "exact_acc": 0.48479281486017556,
    "micro_f1": 0.48479281486017556,
    "relaxed_acc": 0.8354766278832415,
    "within2_acc": 0.9371300265360277,
    "macro_f1": 0.20313713298876085,
    "weighted_f1": 0.44936948608303146,
    "rare_f1_5_9": 0.031578947368421054,
    "rare_recall_5_9": 0.021176470588235293,
    "rare_precision_5_9": 0.06206896551724138,
    "mse_argmax": 1.4202898550724639,
    "rmse_argmax": 1.191759143062248,
    "mae_argmax": 0.7560726678914064,
    "mse_expected": 1.0897081177279893,
    "rmse_expected": 1.0438908552755835,
    "mae_expected": 0.763404548020281,
    "confusion_matrix": [
      [
        1093,
        481,
        8,
        9,
        34,
        1,
        0,
        0,
        0,
        0
      ],
      [
        345,
        848,
        41,
        24,
        94,
        0,
        0,
        0,
        0,
        0
      ],
      [
        33,
        389,
        46,
        33,
        146,
        0,
        0,
        0,
        0,
        0
      ],
      [
        5,
        197,
        46,
        38,
        203,
        3,
        0,
        0,
        0,
        0
      ],
      [
        2,
        115,
        18,
        32,
        332,
        9,
        0,
        0,
        0,
        0
      ],
      [
        1,
        8,
        6,
        5,
        132,
        18,
        0,
        0,
        0,
        0
      ],
      [
        0,
        2,
        2,
        1,
        50,
        7,
        0,
        0,
        0,
        0
      ],
      [
        0,
        0,
        0,
        0,
        15,
        14,
        0,
        0,
        0,
        0
      ],
      [
        0,
        0,
        0,
        0,
        4,
        4,
        0,
        0,
        0,
        0
      ],
      [
        0,
        0,
        0,
        0,
        3,
        2,
        0,
        0,
        0,
        0
      ]
    ],
    "per_class": {
      "0": {
        "grade": "6B/6B+",
        "precision": 0.7390128465179175,
        "recall": 0.6722017220172202,
        "f1": 0.7040257648953301,
        "support": 1626
      },
      "1": {
        "grade": "6C/6C+",
        "precision": 0.41568627450980394,
        "recall": 0.6272189349112426,
        "f1": 0.5,
        "support": 1352
      },
      "2": {
        "grade": "7A",
        "precision": 0.2754491017964072,
        "recall": 0.07109737248840804,
        "f1": 0.11302211302211303,
        "support": 647
      },
      "3": {
        "grade": "7A+",
        "precision": 0.2676056338028169,
        "recall": 0.07723577235772358,
        "f1": 0.11987381703470032,
        "support": 492
      },
      "4": {
        "grade": "7B/7B+",
        "precision": 0.32773938795656465,
        "recall": 0.6535433070866141,
        "f1": 0.4365548980933596,
        "support": 508
      },
      "5": {
        "grade": "7C",
        "precision": 0.3103448275862069,
        "recall": 0.10588235294117647,
        "f1": 0.15789473684210525,
        "support": 170
      },
      "6": {
        "grade": "7C+",
        "precision": 0.0,
        "recall": 0.0,
        "f1": 0.0,
        "support": 62
      },
      "7": {
        "grade": "8A",
        "precision": 0.0,
        "recall": 0.0,
        "f1": 0.0,
        "support": 29
      },
      "8": {
        "grade": "8A+",
        "precision": 0.0,
        "recall": 0.0,
        "f1": 0.0,
        "support": 8
      },
      "9": {
        "grade": "8B",
        "precision": 0.0,
        "recall": 0.0,
        "f1": 0.0,
        "support": 5
      }
    }
  },
  "test": {
    "exact_acc": 0.49951012410189416,
    "micro_f1": 0.49951012410189416,
    "relaxed_acc": 0.8385042455911169,
    "within2_acc": 0.937949052906597,
    "macro_f1": 0.205153062805916,
    "weighted_f1": 0.46384356081134337,
    "rare_f1_5_9": 0.02446043165467626,
    "rare_recall_5_9": 0.016037735849056604,
    "rare_precision_5_9": 0.051515151515151514,
    "mse_argmax": 1.399412148922273,
    "rmse_argmax": 1.1829675181180053,
    "mae_argmax": 0.7384062704114958,
    "mse_expected": 1.0544895696747958,
    "rmse_expected": 1.0268834255526749,
    "mae_expected": 0.74259741877389,
    "confusion_matrix": [
      [
        1407,
        558,
        11,
        12,
        41,
        3,
        0,
        0,
        0,
        0
      ],
      [
        383,
        1109,
        49,
        33,
        117,
        0,
        0,
        0,
        0,
        0
      ],
      [
        32,
        473,
        56,
        58,
        190,
        0,
        0,
        0,
        0,
        0
      ],
      [
        4,
        238,
        44,
        55,
        271,
        3,
        0,
        0,
        0,
        0
      ],
      [
        4,
        132,
        29,
        46,
        415,
        9,
        0,
        0,
        0,
        0
      ],
      [
        0,
        15,
        4,
        5,
        171,
        17,
        0,
        0,
        0,
        0
      ],
      [
        1,
        3,
        0,
        3,
        57,
        14,
        0,
        0,
        0,
        0
      ],
      [
        0,
        0,
        0,
        0,
        25,
        11,
        0,
        0,
        0,
        0
      ],
      [
        0,
        0,
        0,
        0,
        5,
        5,
        0,
        0,
        0,
        0
      ],
      [
        0,
        0,
        0,
        0,
        2,
        4,
        0,
        0,
        0,
        0
      ]
    ],
    "per_class": {
      "0": {
        "grade": "6B/6B+",
        "precision": 0.7684325505188422,
        "recall": 0.6924212598425197,
        "f1": 0.7284493916645094,
        "support": 2032
      },
      "1": {
        "grade": "6C/6C+",
        "precision": 0.4386867088607595,
        "recall": 0.6558249556475458,
        "f1": 0.5257169945484712,
        "support": 1691
      },
      "2": {
        "grade": "7A",
        "precision": 0.29015544041450775,
        "recall": 0.069221260815822,
        "f1": 0.11177644710578842,
        "support": 809
      },
      "3": {
        "grade": "7A+",
        "precision": 0.25943396226415094,
        "recall": 0.08943089430894309,
        "f1": 0.13301088270858524,
        "support": 615
      },
      "4": {
        "grade": "7B/7B+",
        "precision": 0.3207109737248841,
        "recall": 0.6535433070866141,
        "f1": 0.43027475375842406,
        "support": 635
      },
      "5": {
        "grade": "7C",
        "precision": 0.25757575757575757,
        "recall": 0.08018867924528301,
        "f1": 0.1223021582733813,
        "support": 212
      },
      "6": {
        "grade": "7C+",
        "precision": 0.0,
        "recall": 0.0,
        "f1": 0.0,
        "support": 78
      },
      "7": {
        "grade": "8A",
        "precision": 0.0,
        "recall": 0.0,
        "f1": 0.0,
        "support": 36
      },
      "8": {
        "grade": "8A+",
        "precision": 0.0,
        "recall": 0.0,
        "f1": 0.0,
        "support": 10
      },
      "9": {
        "grade": "8B",
        "precision": 0.0,
        "recall": 0.0,
        "f1": 0.0,
        "support": 6
      }
    }
  },
  "epoch": 12
}