{
  "thresholds": [
    0.5666667222976685,
    1.5413333177566528,
    3.136282444000244,
    3.328831195831299,
    4.837466716766357,
    5.283999919891357,
    5.934800148010254,
    7.5,
    8.5
  ],
  "test": {
    "exact_acc": 0.48497713912475504,
    "micro_f1": 0.48497713912475504,
    "relaxed_acc": 0.8443827563683867,
    "within2_acc": 0.9560744611365121,
    "macro_f1": 0.23716116114716007,
    "weighted_f1": 0.46624447295233834,
    "rare_f1_5_9": 0.08155854753161974,
    "rare_recall_5_9": 0.05756329624254153,
    "rare_precision_5_9": 0.15461697722567286,
    "mse_argmax": 1.3256041802743306,
    "rmse_argmax": 1.1513488525526616,
    "mae_argmax": 0.7305682560418028,
    "mse_expected": 1.1958586602133292,
    "rmse_expected": 1.0935532269685502,
    "mae_expected": 0.7455442193620654,
    "confusion_matrix": [
      [
        1509,
        405,
        78,
        8,
        28,
        1,
        1,
        2,
        0,
        0
      ],
      [
        500,
        824,
        297,
        15,
        54,
        0,
        1,
        0,
        0,
        0
      ],
      [
        47,
        348,
        252,
        24,
        136,
        0,
        1,
        1,
        0,
        0
      ],
      [
        11,
        157,
        209,
        28,
        204,
        4,
        2,
        0,
        0,
        0
      ],
      [
        4,
        71,
        175,
        31,
        331,
        13,
        6,
        4,
        0,
        0
      ],
      [
        0,
        12,
        21,
        6,
        150,
        13,
        5,
        5,
        0,
        0
      ],
      [
        2,
        0,
        10,
        1,
        48,
        6,
        9,
        2,
        0,
        0
      ],
      [
        0,
        1,
        0,
        0,
        21,
        6,
        4,
        4,
        0,
        0
      ],
      [
        0,
        0,
        0,
        0,
        4,
        2,
        1,
        3,
        0,
        0
      ],
      [
        0,
        0,
        1,
        0,
        4,
        1,
        0,
        0,
        0,
        0
      ]
    ]
  }
}