{
  "val": {
    "exact_acc": 0.49010002041232903,
    "micro_f1": 0.49010002041232903,
    "relaxed_acc": 0.8332312716880996,
    "within2_acc": 0.9365176566646254,
    "macro_f1": 0.2034140304442303,
    "weighted_f1": 0.4476572727313216,
    "rare_f1_5_9": 0.031578947368421054,
    "rare_recall_5_9": 0.021176470588235293,
    "rare_precision_5_9": 0.06206896551724138,
    "mse_argmax": 1.4255970606246173,
    "rmse_argmax": 1.193983693617554,
    "mae_argmax": 0.7536231884057971,
    "mse_expected": 1.1898019029685767,
    "rmse_expected": 1.0907804100590441,
    "mae_expected": 0.7473285292018406,
    "confusion_matrix": [
      [
        1154,
        422,
        0,
        18,
        31,
        1,
        0,
        0,
        0,
        0
      ],
      [
        393,
        818,
        2,
        55,
        84,
        0,
        0,
        0,
        0,
        0
      ],
      [
        39,
        396,
        2,
        77,
        133,
        0,
        0,
        0,
        0,
        0
      ],
      [
        10,
        198,
        1,
        92,
        188,
        3,
        0,
        0,
        0,
        0
      ],
      [
        3,
        120,
        1,
        58,
        317,
        9,
        0,
        0,
        0,
        0
      ],
      [
        2,
        8,
        0,
        14,
        128,
        18,
        0,
        0,
        0,
        0
      ],
      [
        0,
        3,
        0,
        3,
        49,
        7,
        0,
        0,
        0,
        0
      ],
      [
        0,
        0,
        0,
        0,
        15,
        14,
        0,
        0,
        0,
        0
      ],
      [
        0,
        0,
        0,
        0,
        4,
        4,
        0,
        0,
        0,
        0
      ],
      [
        0,
        0,
        0,
        0,
        3,
        2,
        0,
        0,
        0,
        0
      ]
    ]
  },
  "test": {
    "exact_acc": 0.4975506205094709,
    "micro_f1": 0.4975506205094709,
    "relaxed_acc": 0.8358915741345526,
    "within2_acc": 0.9382756368386675,
    "macro_f1": 0.20219931129015353,
    "weighted_f1": 0.45543540289302364,
    "rare_f1_5_9": 0.02446043165467626,
    "rare_recall_5_9": 0.016037735849056604,
    "rare_precision_5_9": 0.051515151515151514,
    "mse_argmax": 1.405943827563684,
    "rmse_argmax": 1.1857250219016566,
    "mae_argmax": 0.7423252775963423,
    "mse_expected": 1.1504071669405225,
    "rmse_expected": 1.0725703552404022,
    "mae_expected": 0.7265427059738248,
    "confusion_matrix": [
      [
        1468,
        499,
        0,
        26,
        36,
        3,
        0,
        0,
        0,
        0
      ],
      [
        454,
        1049,
        2,
        90,
        96,
        0,
        0,
        0,
        0,
        0
      ],
      [
        42,
        481,
        2,
        119,
        165,
        0,
        0,
        0,
        0,
        0
      ],
      [
        8,
        243,
        1,
        120,
        240,
        3,
        0,
        0,
        0,
        0
      ],
      [
        5,
        139,
        2,
        89,
        391,
        9,
        0,
        0,
        0,
        0
      ],
      [
        0,
        16,
        0,
        15,
        164,
        17,
        0,
        0,
        0,
        0
      ],
      [
        1,
        3,
        0,
        4,
        56,
        14,
        0,
        0,
        0,
        0
      ],
      [
        0,
        0,
        0,
        0,
        25,
        11,
        0,
        0,
        0,
        0
      ],
      [
        0,
        0,
        0,
        0,
        5,
        5,
        0,
        0,
        0,
        0
      ],
      [
        0,
        0,
        0,
        1,
        1,
        4,
        0,
        0,
        0,
        0
      ]
    ]
  },
  "bias": [
    0.0,
    0.0,
    0.0,
    0.0,
    0.0,
    0.0,
    0.0,
    0.0,
    0.0,
    0.0
  ]
}