{
  "thresholds": [
    0.48000001907348633,
    1.7200000286102295,
    2.6666667461395264,
    2.7766666412353516,
    4.400000095367432,
    5.75,
    5.868666648864746,
    7.5,
    8.5
  ],
  "test": {
    "exact_acc": 0.4933050293925539,
    "micro_f1": 0.4933050293925539,
    "relaxed_acc": 0.8430764206401045,
    "within2_acc": 0.9444807315480078,
    "macro_f1": 0.22553060503097838,
    "weighted_f1": 0.46300414676904666,
    "rare_f1_5_9": 0.07165027570916946,
    "rare_recall_5_9": 0.055241090146750514,
    "rare_precision_5_9": 0.10915750915750917,
    "mse_argmax": 1.3732854343566296,
    "rmse_argmax": 1.171872618656409,
    "mae_argmax": 0.7348138471587198,
    "mse_expected": 1.1714682001483911,
    "rmse_expected": 1.0823438456185683,
    "mae_expected": 0.73099835863581,
    "confusion_matrix": [
      [
        1477,
        477,
        30,
        2,
        41,
        4,
        1,
        0,
        0,
        0
      ],
      [
        471,
        986,
        126,
        9,
        98,
        1,
        0,
        0,
        0,
        0
      ],
      [
        43,
        445,
        127,
        16,
        175,
        3,
        0,
        0,
        0,
        0
      ],
      [
        7,
        216,
        117,
        16,
        247,
        12,
        0,
        0,
        0,
        0
      ],
      [
        3,
        116,
        83,
        15,
        376,
        40,
        1,
        1,
        0,
        0
      ],
      [
        0,
        11,
        16,
        2,
        144,
        35,
        2,
        2,
        0,
        0
      ],
      [
        1,
        2,
        3,
        0,
        35,
        34,
        0,
        3,
        0,
        0
      ],
      [
        0,
        0,
        1,
        0,
        16,
        13,
        2,
        4,
        0,
        0
      ],
      [
        0,
        0,
        0,
        0,
        4,
        3,
        0,
        3,
        0,
        0
      ],
      [
        0,
        1,
        0,
        0,
        3,
        2,
        0,
        0,
        0,
        0
      ]
    ]
  }
}