{
  "val": {
    "exact_acc": 0.4415186772810778,
    "micro_f1": 0.4415186772810778,
    "relaxed_acc": 0.812614819350888,
    "within2_acc": 0.9385588895692999,
    "macro_f1": 0.26285304941245463,
    "weighted_f1": 0.44900748749659325,
    "rare_f1_5_9": 0.13313225643614338,
    "rare_recall_5_9": 0.10452921546816725,
    "rare_precision_5_9": 0.19641834271922767,
    "mse_argmax": 1.5723617064707083,
    "rmse_argmax": 1.2539384779448743,
    "mae_argmax": 0.826495203102674,
    "mse_expected": 1.3354416228585966,
    "rmse_expected": 1.1556130939283253,
    "mae_expected": 0.8461161566087003,
    "confusion_matrix": [
      [
        936,
        509,
        106,
        39,
        32,
        3,
        0,
        1,
        0,
        0
      ],
      [
        264,
        649,
        268,
        83,
        83,
        5,
        0,
        0,
        0,
        0
      ],
      [
        23,
        210,
        216,
        76,
        116,
        5,
        1,
        0,
        0,
        0
      ],
      [
        11,
        94,
        153,
        78,
        134,
        14,
        7,
        0,
        0,
        1
      ],
      [
        5,
        38,
        114,
        62,
        240,
        38,
        9,
        2,
        0,
        0
      ],
      [
        1,
        7,
        30,
        17,
        73,
        29,
        10,
        2,
        1,
        0
      ],
      [
        0,
        2,
        9,
        4,
        26,
        11,
        9,
        0,
        1,
        0
      ],
      [
        0,
        0,
        2,
        0,
        5,
        7,
        8,
        6,
        1,
        0
      ],
      [
        0,
        0,
        2,
        0,
        1,
        0,
        5,
        0,
        0,
        0
      ],
      [
        0,
        0,
        0,
        0,
        2,
        1,
        1,
        0,
        1,
        0
      ]
    ],
    "per_class": {
      "0": {
        "grade": "6B/6B+",
        "precision": 0.7548387096774194,
        "recall": 0.5756457564575646,
        "f1": 0.6531751570132589,
        "support": 1626
      },
      "1": {
        "grade": "6C/6C+",
        "precision": 0.4300861497680583,
        "recall": 0.48002958579881655,
        "f1": 0.4536875218455086,
        "support": 1352
      },
      "2": {
        "grade": "7A",
        "precision": 0.24,
        "recall": 0.33384853168469864,
        "f1": 0.2792501616031028,
        "support": 647
      },
      "3": {
        "grade": "7A+",
        "precision": 0.21727019498607242,
        "recall": 0.15853658536585366,
        "f1": 0.18331374853113983,
        "support": 492
      },
      "4": {
        "grade": "7B/7B+",
        "precision": 0.33707865168539325,
        "recall": 0.47244094488188976,
        "f1": 0.39344262295081966,
        "support": 508
      },
      "5": {
        "grade": "7C",
        "precision": 0.25663716814159293,
        "recall": 0.17058823529411765,
        "f1": 0.2049469964664311,
        "support": 170
      },
      "6": {
        "grade": "7C+",
        "precision": 0.18,
        "recall": 0.14516129032258066,
        "f1": 0.16071428571428573,
        "support": 62
      },
      "7": {
        "grade": "8A",
        "precision": 0.5454545454545454,
        "recall": 0.20689655172413793,
        "f1": 0.3,
        "support": 29
      },
      "8": {
        "grade": "8A+",
        "precision": 0.0,
        "recall": 0.0,
        "f1": 0.0,
        "support": 8
      },
      "9": {
        "grade": "8B",
        "precision": 0.0,
        "recall": 0.0,
        "f1": 0.0,
        "support": 5
      }
    }
  },
  "test": {
    "exact_acc": 0.4515022860875245,
    "micro_f1": 0.4515022860875245,
    "relaxed_acc": 0.8190725016329197,
    "within2_acc": 0.9420313520574788,
    "macro_f1": 0.2536675863760423,
    "weighted_f1": 0.46084185773348274,
    "rare_f1_5_9": 0.11026223214635485,
    "rare_recall_5_9": 0.0922028705047573,
    "rare_precision_5_9": 0.1474328678839957,
    "mse_argmax": 1.5507838014369693,
    "rmse_argmax": 1.2453047022463897,
    "mae_argmax": 0.8094382756368387,
    "mse_expected": 1.327184739998893,
    "rmse_expected": 1.15203504286931,
    "mae_expected": 0.8361122401992397,
    "confusion_matrix": [
      [
        1202,
        628,
        120,
        31,
        42,
        4,
        3,
        2,
        0,
        0
      ],
      [
        269,
        863,
        346,
        107,
        102,
        3,
        1,
        0,
        0,
        0
      ],
      [
        21,
        270,
        247,
        93,
        162,
        14,
        1,
        1,
        0,
        0
      ],
      [
        7,
        106,
        171,
        105,
        195,
        26,
        5,
        0,
        0,
        0
      ],
      [
        11,
        48,
        135,
        78,
        287,
        61,
        12,
        2,
        1,
        0
      ],
      [
        0,
        8,
        28,
        17,
        104,
        47,
        7,
        1,
        0,
        0
      ],
      [
        0,
        3,
        11,
        1,
        31,
        19,
        10,
        2,
        1,
        0
      ],
      [
        0,
        0,
        4,
        2,
        9,
        11,
        6,
        4,
        0,
        0
      ],
      [
        0,
        0,
        0,
        0,
        1,
        4,
        3,
        2,
        0,
        0
      ],
      [
        0,
        1,
        0,
        0,
        3,
        1,
        1,
        0,
        0,
        0
      ]
    ],
    "per_class": {
      "0": {
        "grade": "6B/6B+",
        "precision": 0.7960264900662252,
        "recall": 0.5915354330708661,
        "f1": 0.67871259175607,
        "support": 2032
      },
      "1": {
        "grade": "6C/6C+",
        "precision": 0.4478463933575506,
        "recall": 0.5103489059727971,
        "f1": 0.47705914870093974,
        "support": 1691
      },
      "2": {
        "grade": "7A",
        "precision": 0.23258003766478344,
        "recall": 0.3053152039555006,
        "f1": 0.2640299305184393,
        "support": 809
      },
      "3": {
        "grade": "7A+",
        "precision": 0.24193548387096775,
        "recall": 0.17073170731707318,
        "f1": 0.2001906577693041,
        "support": 615
      },
      "4": {
        "grade": "7B/7B+",
        "precision": 0.30662393162393164,
        "recall": 0.4519685039370079,
        "f1": 0.36537237428389563,
        "support": 635
      },
      "5": {
        "grade": "7C",
        "precision": 0.24736842105263157,
        "recall": 0.22169811320754718,
        "f1": 0.23383084577114427,
        "support": 212
      },
      "6": {
        "grade": "7C+",
        "precision": 0.20408163265306123,
        "recall": 0.1282051282051282,
        "f1": 0.15748031496062992,
        "support": 78
      },
      "7": {
        "grade": "8A",
        "precision": 0.2857142857142857,
        "recall": 0.1111111111111111,
        "f1": 0.16,
        "support": 36
      },
      "8": {
        "grade": "8A+",
        "precision": 0.0,
        "recall": 0.0,
        "f1": 0.0,
        "support": 10
      },
      "9": {
        "grade": "8B",
        "precision": 0.0,
        "recall": 0.0,
        "f1": 0.0,
        "support": 6
      }
    }
  },
  "epoch": 46
}