{
  "val": {
    "exact_acc": 0.472545417432129,
    "micro_f1": 0.472545417432129,
    "relaxed_acc": 0.8413962033067973,
    "within2_acc": 0.9508062869973464,
    "macro_f1": 0.22132042871177737,
    "weighted_f1": 0.45633956054265856,
    "rare_f1_5_9": 0.056499999999999995,
    "rare_recall_5_9": 0.04572008113590263,
    "rare_precision_5_9": 0.11743589743589741,
    "mse_argmax": 1.3472137170851195,
    "rmse_argmax": 1.1606953592933502,
    "mae_argmax": 0.7487242294345785,
    "mse_expected": 1.118488971349392,
    "rmse_expected": 1.057586389544321,
    "mae_expected": 0.7766663611422259,
    "confusion_matrix": [
      [
        1102,
        431,
        57,
        4,
        29,
        3,
        0,
        0,
        0,
        0
      ],
      [
        368,
        689,
        201,
        12,
        80,
        2,
        0,
        0,
        0,
        0
      ],
      [
        36,
        281,
        186,
        18,
        122,
        4,
        0,
        0,
        0,
        0
      ],
      [
        6,
        121,
        159,
        21,
        173,
        12,
        0,
        0,
        0,
        0
      ],
      [
        4,
        60,
        114,
        17,
        283,
        30,
        0,
        0,
        0,
        0
      ],
      [
        1,
        6,
        16,
        3,
        111,
        33,
        0,
        0,
        0,
        0
      ],
      [
        0,
        1,
        4,
        3,
        37,
        16,
        0,
        1,
        0,
        0
      ],
      [
        0,
        0,
        0,
        0,
        6,
        22,
        0,
        1,
        0,
        0
      ],
      [
        0,
        0,
        1,
        0,
        2,
        4,
        0,
        1,
        0,
        0
      ],
      [
        0,
        0,
        0,
        0,
        1,
        4,
        0,
        0,
        0,
        0
      ]
    ],
    "per_class": {
      "0": {
        "grade": "6B/6B+",
        "precision": 0.7264337508239948,
        "recall": 0.6777367773677737,
        "f1": 0.7012408526885141,
        "support": 1626
      },
      "1": {
        "grade": "6C/6C+",
        "precision": 0.43360604153555693,
        "recall": 0.5096153846153846,
        "f1": 0.4685481128867732,
        "support": 1352
      },
      "2": {
        "grade": "7A",
        "precision": 0.25203252032520324,
        "recall": 0.2874806800618238,
        "f1": 0.26859205776173284,
        "support": 647
      },
      "3": {
        "grade": "7A+",
        "precision": 0.2692307692307692,
        "recall": 0.042682926829268296,
        "f1": 0.07368421052631578,
        "support": 492
      },
      "4": {
        "grade": "7B/7B+",
        "precision": 0.3353080568720379,
        "recall": 0.5570866141732284,
        "f1": 0.41863905325443784,
        "support": 508
      },
      "5": {
        "grade": "7C",
        "precision": 0.25384615384615383,
        "recall": 0.19411764705882353,
        "f1": 0.22,
        "support": 170
      },
      "6": {
        "grade": "7C+",
        "precision": 0.0,
        "recall": 0.0,
        "f1": 0.0,
        "support": 62
      },
      "7": {
        "grade": "8A",
        "precision": 0.3333333333333333,
        "recall": 0.034482758620689655,
        "f1": 0.0625,
        "support": 29
      },
      "8": {
        "grade": "8A+",
        "precision": 0.0,
        "recall": 0.0,
        "f1": 0.0,
        "support": 8
      },
      "9": {
        "grade": "8B",
        "precision": 0.0,
        "recall": 0.0,
        "f1": 0.0,
        "support": 5
      }
    }
  },
  "test": {
    "exact_acc": 0.4931417374265186,
    "micro_f1": 0.4931417374265186,
    "relaxed_acc": 0.8504245591116917,
    "within2_acc": 0.9547681254082299,
    "macro_f1": 0.22940030518519938,
    "weighted_f1": 0.47640676712326124,
    "rare_f1_5_9": 0.05935532140407755,
    "rare_recall_5_9": 0.04696016771488469,
    "rare_precision_5_9": 0.10434782608695652,
    "mse_argmax": 1.2815153494448073,
    "rmse_argmax": 1.1320403479756396,
    "mae_argmax": 0.7152188112344873,
    "mse_expected": 1.0637146168209648,
    "rmse_expected": 1.0313654138184802,
    "mae_expected": 0.7496196465781335,
    "confusion_matrix": [
      [
        1428,
        498,
        63,
        7,
        30,
        6,
        0,
        0,
        0,
        0
      ],
      [
        398,
        937,
        249,
        16,
        89,
        2,
        0,
        0,
        0,
        0
      ],
      [
        34,
        345,
        225,
        27,
        174,
        4,
        0,
        0,
        0,
        0
      ],
      [
        8,
        141,
        189,
        26,
        237,
        14,
        0,
        0,
        0,
        0
      ],
      [
        8,
        60,
        137,
        25,
        364,
        38,
        0,
        3,
        0,
        0
      ],
      [
        0,
        11,
        11,
        3,
        149,
        38,
        0,
        0,
        0,
        0
      ],
      [
        1,
        2,
        2,
        2,
        39,
        31,
        0,
        1,
        0,
        0
      ],
      [
        0,
        0,
        0,
        0,
        16,
        18,
        0,
        2,
        0,
        0
      ],
      [
        0,
        0,
        0,
        0,
        1,
        8,
        0,
        1,
        0,
        0
      ],
      [
        0,
        0,
        0,
        0,
        4,
        2,
        0,
        0,
        0,
        0
      ]
    ],
    "per_class": {
      "0": {
        "grade": "6B/6B+",
        "precision": 0.7607884922749067,
        "recall": 0.702755905511811,
        "f1": 0.7306216423637759,
        "support": 2032
      },
      "1": {
        "grade": "6C/6C+",
        "precision": 0.4699097291875627,
        "recall": 0.5541099940863394,
        "f1": 0.5085481682496608,
        "support": 1691
      },
      "2": {
        "grade": "7A",
        "precision": 0.2568493150684932,
        "recall": 0.27812113720642767,
        "f1": 0.26706231454005935,
        "support": 809
      },
      "3": {
        "grade": "7A+",
        "precision": 0.24528301886792453,
        "recall": 0.04227642276422764,
        "f1": 0.07212205270457697,
        "support": 615
      },
      "4": {
        "grade": "7B/7B+",
        "precision": 0.3300090661831369,
        "recall": 0.573228346456693,
        "f1": 0.4188722669735328,
        "support": 635
      },
      "5": {
        "grade": "7C",
        "precision": 0.2360248447204969,
        "recall": 0.1792452830188679,
        "f1": 0.2037533512064343,
        "support": 212
      },
      "6": {
        "grade": "7C+",
        "precision": 0.0,
        "recall": 0.0,
        "f1": 0.0,
        "support": 78
      },
      "7": {
        "grade": "8A",
        "precision": 0.2857142857142857,
        "recall": 0.05555555555555555,
        "f1": 0.09302325581395349,
        "support": 36
      },
      "8": {
        "grade": "8A+",
        "precision": 0.0,
        "recall": 0.0,
        "f1": 0.0,
        "support": 10
      },
      "9": {
        "grade": "8B",
        "precision": 0.0,
        "recall": 0.0,
        "f1": 0.0,
        "support": 6
      }
    }
  },
  "epoch": 19
}