{
  "val": {
    "exact_acc": 0.4396815676668708,
    "micro_f1": 0.4396815676668708,
    "relaxed_acc": 0.8079199836701367,
    "within2_acc": 0.9373341498264952,
    "macro_f1": 0.27590354640469156,
    "weighted_f1": 0.44312936070560455,
    "rare_f1_5_9": 0.17203233963324374,
    "rare_recall_5_9": 0.14619053850683766,
    "rare_precision_5_9": 0.21585081585081584,
    "mse_argmax": 1.6574811185956317,
    "rmse_argmax": 1.2874319860076615,
    "mae_argmax": 0.8418044498877322,
    "mse_expected": 1.3987255293311798,
    "rmse_expected": 1.182677271841807,
    "mae_expected": 0.8401462885568887,
    "confusion_matrix": [
      [
        1023,
        427,
        107,
        31,
        31,
        5,
        1,
        0,
        1,
        0
      ],
      [
        343,
        630,
        219,
        83,
        67,
        10,
        0,
        0,
        0,
        0
      ],
      [
        35,
        249,
        154,
        91,
        104,
        14,
        0,
        0,
        0,
        0
      ],
      [
        8,
        117,
        113,
        87,
        138,
        23,
        3,
        3,
        0,
        0
      ],
      [
        7,
        54,
        104,
        78,
        211,
        44,
        8,
        1,
        1,
        0
      ],
      [
        7,
        9,
        23,
        20,
        67,
        36,
        5,
        2,
        0,
        1
      ],
      [
        1,
        2,
        8,
        5,
        21,
        17,
        6,
        2,
        0,
        0
      ],
      [
        1,
        0,
        1,
        1,
        5,
        7,
        8,
        5,
        1,
        0
      ],
      [
        0,
        1,
        1,
        1,
        0,
        0,
        2,
        1,
        2,
        0
      ],
      [
        0,
        0,
        0,
        0,
        3,
        0,
        0,
        1,
        1,
        0
      ]
    ],
    "per_class": {
      "0": {
        "grade": "6B/6B+",
        "precision": 0.7178947368421053,
        "recall": 0.6291512915129152,
        "f1": 0.6705998033431662,
        "support": 1626
      },
      "1": {
        "grade": "6C/6C+",
        "precision": 0.4231027535258563,
        "recall": 0.46597633136094674,
        "f1": 0.44350580781414994,
        "support": 1352
      },
      "2": {
        "grade": "7A",
        "precision": 0.21095890410958903,
        "recall": 0.23802163833075735,
        "f1": 0.22367465504720407,
        "support": 647
      },
      "3": {
        "grade": "7A+",
        "precision": 0.21914357682619648,
        "recall": 0.17682926829268292,
        "f1": 0.19572553430821146,
        "support": 492
      },
      "4": {
        "grade": "7B/7B+",
        "precision": 0.3261205564142195,
        "recall": 0.4153543307086614,
        "f1": 0.36536796536796534,
        "support": 508
      },
      "5": {
        "grade": "7C",
        "precision": 0.23076923076923078,
        "recall": 0.21176470588235294,
        "f1": 0.22085889570552147,
        "support": 170
      },
      "6": {
        "grade": "7C+",
        "precision": 0.18181818181818182,
        "recall": 0.0967741935483871,
        "f1": 0.12631578947368421,
        "support": 62
      },
      "7": {
        "grade": "8A",
        "precision": 0.3333333333333333,
        "recall": 0.1724137931034483,
        "f1": 0.22727272727272727,
        "support": 29
      },
      "8": {
        "grade": "8A+",
        "precision": 0.3333333333333333,
        "recall": 0.25,
        "f1": 0.2857142857142857,
        "support": 8
      },
      "9": {
        "grade": "8B",
        "precision": 0.0,
        "recall": 0.0,
        "f1": 0.0,
        "support": 5
      }
    }
  },
  "test": {
    "exact_acc": 0.44823644676681906,
    "micro_f1": 0.44823644676681906,
    "relaxed_acc": 0.8048661005878511,
    "within2_acc": 0.9332135858915741,
    "macro_f1": 0.24242747600738718,
    "weighted_f1": 0.4529541483599533,
    "rare_f1_5_9": 0.0978138898159058,
    "rare_recall_5_9": 0.0865586195774875,
    "rare_precision_5_9": 0.11689914441275602,
    "mse_argmax": 1.6698236446766819,
    "rmse_argmax": 1.2922165626073217,
    "mae_argmax": 0.8393207054212932,
    "mse_expected": 1.4073397378086603,
    "rmse_expected": 1.1863135073869218,
    "mae_expected": 0.8384181162965639,
    "confusion_matrix": [
      [
        1323,
        495,
        122,
        43,
        39,
        7,
        3,
        0,
        0,
        0
      ],
      [
        386,
        796,
        288,
        115,
        93,
        13,
        0,
        0,
        0,
        0
      ],
      [
        41,
        289,
        177,
        126,
        162,
        13,
        1,
        0,
        0,
        0
      ],
      [
        13,
        136,
        131,
        129,
        177,
        27,
        2,
        0,
        0,
        0
      ],
      [
        5,
        75,
        116,
        96,
        263,
        63,
        6,
        11,
        0,
        0
      ],
      [
        2,
        12,
        26,
        17,
        92,
        46,
        12,
        5,
        0,
        0
      ],
      [
        1,
        5,
        9,
        7,
        25,
        21,
        6,
        4,
        0,
        0
      ],
      [
        1,
        2,
        3,
        1,
        10,
        10,
        4,
        5,
        0,
        0
      ],
      [
        0,
        0,
        0,
        0,
        4,
        2,
        4,
        0,
        0,
        0
      ],
      [
        0,
        0,
        1,
        4,
        0,
        1,
        0,
        0,
        0,
        0
      ]
    ],
    "per_class": {
      "0": {
        "grade": "6B/6B+",
        "precision": 0.7466139954853274,
        "recall": 0.6510826771653543,
        "f1": 0.695583596214511,
        "support": 2032
      },
      "1": {
        "grade": "6C/6C+",
        "precision": 0.4397790055248619,
        "recall": 0.47072738024837374,
        "f1": 0.45472722079405886,
        "support": 1691
      },
      "2": {
        "grade": "7A",
        "precision": 0.2027491408934708,
        "recall": 0.21878862793572312,
        "f1": 0.21046373365041618,
        "support": 809
      },
      "3": {
        "grade": "7A+",
        "precision": 0.23977695167286245,
        "recall": 0.2097560975609756,
        "f1": 0.22376409366869038,
        "support": 615
      },
      "4": {
        "grade": "7B/7B+",
        "precision": 0.3040462427745665,
        "recall": 0.4141732283464567,
        "f1": 0.3506666666666667,
        "support": 635
      },
      "5": {
        "grade": "7C",
        "precision": 0.22660098522167488,
        "recall": 0.2169811320754717,
        "f1": 0.2216867469879518,
        "support": 212
      },
      "6": {
        "grade": "7C+",
        "precision": 0.15789473684210525,
        "recall": 0.07692307692307693,
        "f1": 0.10344827586206896,
        "support": 78
      },
      "7": {
        "grade": "8A",
        "precision": 0.2,
        "recall": 0.1388888888888889,
        "f1": 0.16393442622950818,
        "support": 36
      },
      "8": {
        "grade": "8A+",
        "precision": 0.0,
        "recall": 0.0,
        "f1": 0.0,
        "support": 10
      },
      "9": {
        "grade": "8B",
        "precision": 0.0,
        "recall": 0.0,
        "f1": 0.0,
        "support": 6
      }
    }
  },
  "epoch": 101
}