{
  "thresholds": [
    0.5,
    2.140777587890625,
    2.3687479496002197,
    2.626000165939331,
    4.820000171661377,
    5.5,
    6.5,
    7.5,
    8.5
  ],
  "test": {
    "exact_acc": 0.4960809928151535,
    "micro_f1": 0.4960809928151535,
    "relaxed_acc": 0.8283801436969301,
    "within2_acc": 0.93370346178968,
    "macro_f1": 0.19161141929009223,
    "weighted_f1": 0.4503435332161254,
    "rare_f1_5_9": 0.015267175572519085,
    "rare_recall_5_9": 0.009433962264150945,
    "rare_precision_5_9": 0.04,
    "mse_argmax": 1.458523840627041,
    "rmse_argmax": 1.20769360378659,
    "mae_argmax": 0.7566949706074461,
    "mse_expected": 1.1504071669405225,
    "rmse_expected": 1.0725703552404022,
    "mae_expected": 0.7265427059738248,
    "confusion_matrix": [
      [
        1458,
        508,
        10,
        9,
        44,
        2,
        1,
        0,
        0,
        0
      ],
      [
        445,
        1050,
        26,
        28,
        142,
        0,
        0,
        0,
        0,
        0
      ],
      [
        37,
        477,
        38,
        26,
        231,
        0,
        0,
        0,
        0,
        0
      ],
      [
        7,
        244,
        18,
        31,
        313,
        2,
        0,
        0,
        0,
        0
      ],
      [
        3,
        134,
        20,
        18,
        451,
        9,
        0,
        0,
        0,
        0
      ],
      [
        0,
        14,
        4,
        2,
        182,
        10,
        0,
        0,
        0,
        0
      ],
      [
        1,
        3,
        1,
        0,
        61,
        12,
        0,
        0,
        0,
        0
      ],
      [
        0,
        0,
        0,
        0,
        26,
        9,
        1,
        0,
        0,
        0
      ],
      [
        0,
        0,
        0,
        0,
        6,
        3,
        1,
        0,
        0,
        0
      ],
      [
        0,
        0,
        0,
        0,
        2,
        3,
        1,
        0,
        0,
        0
      ]
    ]
  }
}