{
  "val": {
    "exact_acc": 0.460093896713615,
    "micro_f1": 0.460093896713615,
    "relaxed_acc": 0.8048581343131251,
    "within2_acc": 0.9259032455603184,
    "macro_f1": 0.2520632528467308,
    "weighted_f1": 0.44009153927104827,
    "rare_f1_5_9": 0.12883520043190716,
    "rare_recall_5_9": 0.10126545835241771,
    "rare_precision_5_9": 0.1999744995537422,
    "mse_argmax": 1.6813635435803225,
    "rmse_argmax": 1.2966740313511034,
    "mae_argmax": 0.833843641559502,
    "mse_expected": 1.4868249752542773,
    "rmse_expected": 1.2193543271970937,
    "mae_expected": 0.8313286185289279,
    "confusion_matrix": [
      [
        1181,
        325,
        67,
        14,
        36,
        3,
        0,
        0,
        0,
        0
      ],
      [
        483,
        559,
        166,
        30,
        109,
        5,
        0,
        0,
        0,
        0
      ],
      [
        75,
        251,
        160,
        18,
        138,
        3,
        2,
        0,
        0,
        0
      ],
      [
        34,
        125,
        117,
        32,
        165,
        9,
        9,
        0,
        0,
        1
      ],
      [
        14,
        62,
        88,
        20,
        286,
        23,
        13,
        2,
        0,
        0
      ],
      [
        4,
        11,
        24,
        4,
        96,
        18,
        10,
        2,
        1,
        0
      ],
      [
        3,
        0,
        10,
        2,
        31,
        2,
        12,
        1,
        1,
        0
      ],
      [
        0,
        1,
        1,
        0,
        5,
        5,
        10,
        6,
        1,
        0
      ],
      [
        0,
        0,
        2,
        0,
        1,
        0,
        5,
        0,
        0,
        0
      ],
      [
        0,
        0,
        0,
        0,
        2,
        1,
        1,
        0,
        1,
        0
      ]
    ]
  },
  "test": {
    "exact_acc": 0.46064663618549967,
    "micro_f1": 0.46064663618549967,
    "relaxed_acc": 0.8104180274330502,
    "within2_acc": 0.9310907903331156,
    "macro_f1": 0.2396736514618374,
    "weighted_f1": 0.4428696018649818,
    "rare_f1_5_9": 0.1108771374913512,
    "rare_recall_5_9": 0.09113852604418642,
    "rare_precision_5_9": 0.15240959063210985,
    "mse_argmax": 1.6520248203788375,
    "rmse_argmax": 1.2853111764778355,
    "mae_argmax": 0.823481384715872,
    "mse_expected": 1.4663035902483486,
    "rmse_expected": 1.2109102321181155,
    "mae_expected": 0.818823167955125,
    "confusion_matrix": [
      [
        1499,
        379,
        86,
        14,
        44,
        5,
        3,
        2,
        0,
        0
      ],
      [
        581,
        716,
        233,
        35,
        122,
        3,
        1,
        0,
        0,
        0
      ],
      [
        82,
        308,
        175,
        31,
        201,
        9,
        2,
        1,
        0,
        0
      ],
      [
        28,
        143,
        138,
        39,
        247,
        12,
        8,
        0,
        0,
        0
      ],
      [
        20,
        75,
        109,
        28,
        339,
        39,
        22,
        2,
        1,
        0
      ],
      [
        1,
        8,
        28,
        3,
        124,
        35,
        12,
        1,
        0,
        0
      ],
      [
        3,
        1,
        10,
        1,
        35,
        11,
        14,
        2,
        1,
        0
      ],
      [
        0,
        0,
        4,
        1,
        14,
        6,
        7,
        4,
        0,
        0
      ],
      [
        0,
        0,
        0,
        0,
        3,
        2,
        3,
        2,
        0,
        0
      ],
      [
        1,
        0,
        0,
        0,
        3,
        1,
        1,
        0,
        0,
        0
      ]
    ]
  },
  "bias": [
    1.375,
    -0.0625,
    0.0,
    0.0,
    0.0,
    0.0,
    0.0,
    0.0,
    0.0,
    0.0
  ]
}