{
  "val": {
    "exact_acc": 0.47764849969381507,
    "micro_f1": 0.47764849969381507,
    "relaxed_acc": 0.8328230251071648,
    "within2_acc": 0.9475403143498673,
    "macro_f1": 0.24410795655652615,
    "weighted_f1": 0.4612184705757775,
    "rare_f1_5_9": 0.08706395348837209,
    "rare_recall_5_9": 0.06490872210953347,
    "rare_precision_5_9": 0.13222591362126246,
    "mse_argmax": 1.3874260053072056,
    "rmse_argmax": 1.1778904895223519,
    "mae_argmax": 0.755868544600939,
    "mse_expected": 1.1558836336330092,
    "rmse_expected": 1.0751202879831676,
    "mae_expected": 0.7759255503057072,
    "confusion_matrix": [
      [
        1173,
        368,
        46,
        9,
        29,
        1,
        0,
        0,
        0,
        0
      ],
      [
        438,
        634,
        158,
        43,
        75,
        3,
        0,
        1,
        0,
        0
      ],
      [
        43,
        272,
        169,
        39,
        123,
        1,
        0,
        0,
        0,
        0
      ],
      [
        13,
        148,
        113,
        52,
        157,
        9,
        0,
        0,
        0,
        0
      ],
      [
        4,
        71,
        86,
        41,
        286,
        19,
        1,
        0,
        0,
        0
      ],
      [
        1,
        6,
        14,
        11,
        115,
        20,
        0,
        3,
        0,
        0
      ],
      [
        0,
        2,
        4,
        3,
        36,
        15,
        0,
        2,
        0,
        0
      ],
      [
        0,
        0,
        1,
        0,
        8,
        12,
        2,
        6,
        0,
        0
      ],
      [
        0,
        0,
        0,
        0,
        3,
        4,
        0,
        1,
        0,
        0
      ],
      [
        0,
        0,
        0,
        0,
        2,
        2,
        0,
        1,
        0,
        0
      ]
    ],
    "per_class": {
      "0": {
        "grade": "6B/6B+",
        "precision": 0.7015550239234449,
        "recall": 0.7214022140221402,
        "f1": 0.711340206185567,
        "support": 1626
      },
      "1": {
        "grade": "6C/6C+",
        "precision": 0.4223850766155896,
        "recall": 0.46893491124260356,
        "f1": 0.4444444444444444,
        "support": 1352
      },
      "2": {
        "grade": "7A",
        "precision": 0.2859560067681895,
        "recall": 0.26120556414219476,
        "f1": 0.2730210016155089,
        "support": 647
      },
      "3": {
        "grade": "7A+",
        "precision": 0.26262626262626265,
        "recall": 0.10569105691056911,
        "f1": 0.15072463768115943,
        "support": 492
      },
      "4": {
        "grade": "7B/7B+",
        "precision": 0.34292565947242204,
        "recall": 0.562992125984252,
        "f1": 0.4262295081967213,
        "support": 508
      },
      "5": {
        "grade": "7C",
        "precision": 0.23255813953488372,
        "recall": 0.11764705882352941,
        "f1": 0.15625,
        "support": 170
      },
      "6": {
        "grade": "7C+",
        "precision": 0.0,
        "recall": 0.0,
        "f1": 0.0,
        "support": 62
      },
      "7": {
        "grade": "8A",
        "precision": 0.42857142857142855,
        "recall": 0.20689655172413793,
        "f1": 0.27906976744186046,
        "support": 29
      },
      "8": {
        "grade": "8A+",
        "precision": 0.0,
        "recall": 0.0,
        "f1": 0.0,
        "support": 8
      },
      "9": {
        "grade": "8B",
        "precision": 0.0,
        "recall": 0.0,
        "f1": 0.0,
        "support": 5
      }
    }
  },
  "test": {
    "exact_acc": 0.4848138471587198,
    "micro_f1": 0.4848138471587198,
    "relaxed_acc": 0.8420966688438929,
    "within2_acc": 0.951828870019595,
    "macro_f1": 0.22878437591747774,
    "weighted_f1": 0.4683846746410783,
    "rare_f1_5_9": 0.05957446808510638,
    "rare_recall_5_9": 0.04308176100628931,
    "rare_precision_5_9": 0.10240870240870241,
    "mse_argmax": 1.3358915741345525,
    "rmse_argmax": 1.155807758294844,
    "mae_argmax": 0.7353037230568256,
    "mse_expected": 1.1278209834949688,
    "rmse_expected": 1.0619891635487477,
    "mae_expected": 0.7571375728622893,
    "confusion_matrix": [
      [
        1506,
        407,
        65,
        22,
        27,
        4,
        0,
        1,
        0,
        0
      ],
      [
        491,
        849,
        233,
        43,
        73,
        2,
        0,
        0,
        0,
        0
      ],
      [
        46,
        363,
        165,
        64,
        167,
        4,
        0,
        0,
        0,
        0
      ],
      [
        12,
        171,
        131,
        66,
        228,
        7,
        0,
        0,
        0,
        0
      ],
      [
        7,
        77,
        106,
        60,
        352,
        30,
        0,
        3,
        0,
        0
      ],
      [
        0,
        12,
        8,
        7,
        154,
        28,
        2,
        1,
        0,
        0
      ],
      [
        2,
        1,
        2,
        4,
        46,
        22,
        0,
        1,
        0,
        0
      ],
      [
        0,
        1,
        0,
        0,
        19,
        13,
        0,
        3,
        0,
        0
      ],
      [
        0,
        0,
        0,
        0,
        3,
        5,
        0,
        2,
        0,
        0
      ],
      [
        0,
        0,
        0,
        0,
        4,
        2,
        0,
        0,
        0,
        0
      ]
    ],
    "per_class": {
      "0": {
        "grade": "6B/6B+",
        "precision": 0.7296511627906976,
        "recall": 0.7411417322834646,
        "f1": 0.7353515625,
        "support": 2032
      },
      "1": {
        "grade": "6C/6C+",
        "precision": 0.4513556618819777,
        "recall": 0.5020697811945595,
        "f1": 0.4753639417693169,
        "support": 1691
      },
      "2": {
        "grade": "7A",
        "precision": 0.2323943661971831,
        "recall": 0.20395550061804696,
        "f1": 0.21724818959842002,
        "support": 809
      },
      "3": {
        "grade": "7A+",
        "precision": 0.24812030075187969,
        "recall": 0.1073170731707317,
        "f1": 0.14982973893303064,
        "support": 615
      },
      "4": {
        "grade": "7B/7B+",
        "precision": 0.32805219012115566,
        "recall": 0.5543307086614173,
        "f1": 0.41217798594847777,
        "support": 635
      },
      "5": {
        "grade": "7C",
        "precision": 0.23931623931623933,
        "recall": 0.1320754716981132,
        "f1": 0.1702127659574468,
        "support": 212
      },
      "6": {
        "grade": "7C+",
        "precision": 0.0,
        "recall": 0.0,
        "f1": 0.0,
        "support": 78
      },
      "7": {
        "grade": "8A",
        "precision": 0.2727272727272727,
        "recall": 0.08333333333333333,
        "f1": 0.1276595744680851,
        "support": 36
      },
      "8": {
        "grade": "8A+",
        "precision": 0.0,
        "recall": 0.0,
        "f1": 0.0,
        "support": 10
      },
      "9": {
        "grade": "8B",
        "precision": 0.0,
        "recall": 0.0,
        "f1": 0.0,
        "support": 6
      }
    }
  },
  "epoch": 26
}