{
  "thresholds": [
    0.5666667222976685,
    2.3416666984558105,
    2.507777690887451,
    2.996666669845581,
    4.374000072479248,
    5.400000095367432,
    6.5,
    7.5,
    8.5
  ],
  "test": {
    "exact_acc": 0.49167210973220116,
    "micro_f1": 0.49167210973220116,
    "relaxed_acc": 0.8337687785760941,
    "within2_acc": 0.9354996734160679,
    "macro_f1": 0.20854008271033214,
    "weighted_f1": 0.4525441810938026,
    "rare_f1_5_9": 0.04677804295942721,
    "rare_recall_5_9": 0.046226415094339626,
    "rare_precision_5_9": 0.04734299516908212,
    "mse_argmax": 1.4588504245591116,
    "rmse_argmax": 1.207828805981672,
    "mae_argmax": 0.7563683866753755,
    "mse_expected": 1.174119529630025,
    "rmse_expected": 1.0835679626262604,
    "mae_expected": 0.7359550861853104,
    "confusion_matrix": [
      [
        1498,
        477,
        5,
        8,
        38,
        6,
        0,
        0,
        0,
        0
      ],
      [
        505,
        1033,
        25,
        44,
        80,
        4,
        0,
        0,
        0,
        0
      ],
      [
        56,
        503,
        24,
        72,
        148,
        6,
        0,
        0,
        0,
        0
      ],
      [
        10,
        285,
        22,
        71,
        213,
        14,
        0,
        0,
        0,
        0
      ],
      [
        4,
        176,
        7,
        51,
        336,
        61,
        0,
        0,
        0,
        0
      ],
      [
        0,
        20,
        4,
        12,
        126,
        49,
        1,
        0,
        0,
        0
      ],
      [
        1,
        4,
        2,
        1,
        32,
        38,
        0,
        0,
        0,
        0
      ],
      [
        0,
        0,
        0,
        1,
        15,
        19,
        1,
        0,
        0,
        0
      ],
      [
        0,
        0,
        0,
        0,
        2,
        7,
        1,
        0,
        0,
        0
      ],
      [
        0,
        1,
        0,
        0,
        2,
        3,
        0,
        0,
        0,
        0
      ]
    ]
  }
}