{
  "thresholds": [
    0.5360000133514404,
    2.636666774749756,
    2.985346555709839,
    3.290714979171753,
    5.38266658782959,
    5.5,
    5.930666923522949,
    7.050000190734863,
    8.5
  ],
  "test": {
    "exact_acc": 0.471097322011757,
    "micro_f1": 0.471097322011757,
    "relaxed_acc": 0.8037230568256042,
    "within2_acc": 0.9170476812540823,
    "macro_f1": 0.21162534484450904,
    "weighted_f1": 0.4381354514963027,
    "rare_f1_5_9": 0.05882483580295702,
    "rare_recall_5_9": 0.05957910014513788,
    "rare_precision_5_9": 0.14329787234042554,
    "mse_argmax": 1.7754735467015024,
    "rmse_argmax": 1.3324689665059755,
    "mae_argmax": 0.8388308295231874,
    "mse_expected": 1.5514001670934388,
    "rmse_expected": 1.2455521535019876,
    "mae_expected": 0.8337075883768619,
    "confusion_matrix": [
      [
        1328,
        619,
        20,
        17,
        45,
        0,
        2,
        1,
        0,
        0
      ],
      [
        392,
        1107,
        47,
        47,
        98,
        0,
        0,
        0,
        0,
        0
      ],
      [
        43,
        498,
        55,
        45,
        166,
        0,
        2,
        0,
        0,
        0
      ],
      [
        13,
        303,
        47,
        56,
        194,
        0,
        1,
        1,
        0,
        0
      ],
      [
        5,
        204,
        42,
        41,
        325,
        2,
        3,
        12,
        1,
        0
      ],
      [
        2,
        36,
        9,
        14,
        129,
        2,
        8,
        12,
        0,
        0
      ],
      [
        1,
        15,
        1,
        6,
        40,
        1,
        3,
        10,
        1,
        0
      ],
      [
        0,
        8,
        0,
        0,
        17,
        0,
        2,
        9,
        0,
        0
      ],
      [
        0,
        0,
        0,
        0,
        5,
        0,
        3,
        2,
        0,
        0
      ],
      [
        0,
        2,
        0,
        3,
        1,
        0,
        0,
        0,
        0,
        0
      ]
    ]
  }
}