{
  "thresholds": [
    0.7652400732040405,
    3.155956745147705,
    3.1759567260742188,
    3.212198495864868,
    5.509716033935547,
    6.469954967498779,
    7.798510551452637,
    8.031853675842285,
    8.031853675842285
  ],
  "test": {
    "exact_acc": 0.44937949052906595,
    "micro_f1": 0.44937949052906595,
    "relaxed_acc": 0.7700849118223383,
    "within2_acc": 0.8858589157413456,
    "macro_f1": 0.1566339693334382,
    "weighted_f1": 0.38710446540514987,
    "rare_f1_5_9": 0.017822564710531515,
    "rare_recall_5_9": 0.0098451862602806,
    "rare_precision_5_9": 0.10114942528735633,
    "mse_argmax": 2.130143696930111,
    "rmse_argmax": 1.4595011808594438,
    "mae_argmax": 0.9351730894839974,
    "mse_expected": 1.569790427102855,
    "rmse_expected": 1.2529127771328916,
    "mae_expected": 0.8769566341402095,
    "confusion_matrix": [
      [
        1547,
        450,
        1,
        1,
        33,
        0,
        0,
        0,
        0,
        0
      ],
      [
        648,
        920,
        1,
        1,
        121,
        0,
        0,
        0,
        0,
        0
      ],
      [
        121,
        529,
        3,
        4,
        148,
        4,
        0,
        0,
        0,
        0
      ],
      [
        48,
        382,
        1,
        4,
        178,
        1,
        1,
        0,
        0,
        0
      ],
      [
        25,
        318,
        2,
        4,
        271,
        13,
        2,
        0,
        0,
        0
      ],
      [
        0,
        72,
        2,
        2,
        131,
        5,
        0,
        0,
        0,
        0
      ],
      [
        1,
        22,
        1,
        1,
        47,
        4,
        2,
        0,
        0,
        0
      ],
      [
        0,
        10,
        0,
        0,
        23,
        2,
        1,
        0,
        0,
        0
      ],
      [
        0,
        2,
        0,
        0,
        8,
        0,
        0,
        0,
        0,
        0
      ],
      [
        0,
        4,
        0,
        0,
        2,
        0,
        0,
        0,
        0,
        0
      ]
    ]
  }
}