{
  "thresholds": [
    0.7100000381469727,
    2.2089667320251465,
    2.322999954223633,
    3.06333327293396,
    4.576666831970215,
    5.900000095367432,
    6.5,
    7.5,
    8.5
  ],
  "test": {
    "exact_acc": 0.4562377531025473,
    "micro_f1": 0.4562377531025473,
    "relaxed_acc": 0.8047028086218158,
    "within2_acc": 0.9206401045068583,
    "macro_f1": 0.1787588611371742,
    "weighted_f1": 0.4170955150669785,
    "rare_f1_5_9": 0.019417475728155338,
    "rare_recall_5_9": 0.014150943396226415,
    "rare_precision_5_9": 0.030927835051546393,
    "mse_argmax": 1.7207707380796864,
    "rmse_argmax": 1.311781513088093,
    "mae_argmax": 0.8432397126061397,
    "mse_expected": 1.4240096985867645,
    "rmse_expected": 1.1933187749242717,
    "mae_expected": 0.8358529007779923,
    "confusion_matrix": [
      [
        1555,
        419,
        1,
        31,
        24,
        2,
        0,
        0,
        0,
        0
      ],
      [
        633,
        864,
        24,
        93,
        76,
        1,
        0,
        0,
        0,
        0
      ],
      [
        101,
        444,
        16,
        115,
        125,
        8,
        0,
        0,
        0,
        0
      ],
      [
        29,
        285,
        16,
        92,
        181,
        12,
        0,
        0,
        0,
        0
      ],
      [
        14,
        193,
        12,
        133,
        252,
        31,
        0,
        0,
        0,
        0
      ],
      [
        1,
        35,
        5,
        36,
        117,
        15,
        3,
        0,
        0,
        0
      ],
      [
        1,
        11,
        0,
        12,
        36,
        17,
        0,
        1,
        0,
        0
      ],
      [
        0,
        4,
        1,
        2,
        20,
        9,
        0,
        0,
        0,
        0
      ],
      [
        1,
        0,
        0,
        1,
        6,
        2,
        0,
        0,
        0,
        0
      ],
      [
        0,
        1,
        1,
        1,
        3,
        0,
        0,
        0,
        0,
        0
      ]
    ]
  }
}