{
  "thresholds": [
    0.28797096014022827,
    2.0004069805145264,
    2.107562303543091,
    2.8790879249572754,
    6.005337715148926,
    6.322537899017334,
    6.929042339324951,
    7.298081874847412,
    8.163640022277832
  ],
  "test": {
    "exact_acc": 0.4124755062050947,
    "micro_f1": 0.4124755062050947,
    "relaxed_acc": 0.7513063357282822,
    "within2_acc": 0.8724689745264533,
    "macro_f1": 0.15231327432317782,
    "weighted_f1": 0.3674312172936451,
    "rare_f1_5_9": 0.013793103448275862,
    "rare_recall_5_9": 0.01111111111111111,
    "rare_precision_5_9": 0.01818181818181818,
    "mse_argmax": 2.36430437622469,
    "rmse_argmax": 1.5376294664920707,
    "mae_argmax": 1.0148595689092097,
    "mse_expected": 2.145768267937057,
    "rmse_expected": 1.4648441104558043,
    "mae_expected": 0.9885233186432435,
    "confusion_matrix": [
      [
        1281,
        637,
        27,
        0,
        87,
        0,
        0,
        0,
        0,
        0
      ],
      [
        545,
        857,
        44,
        0,
        244,
        0,
        0,
        1,
        0,
        0
      ],
      [
        136,
        402,
        35,
        0,
        235,
        0,
        0,
        0,
        0,
        1
      ],
      [
        59,
        247,
        41,
        0,
        265,
        0,
        0,
        2,
        1,
        0
      ],
      [
        50,
        188,
        34,
        0,
        351,
        0,
        0,
        8,
        2,
        2
      ],
      [
        6,
        53,
        12,
        0,
        136,
        0,
        0,
        4,
        1,
        0
      ],
      [
        1,
        12,
        2,
        0,
        58,
        0,
        0,
        4,
        1,
        0
      ],
      [
        2,
        6,
        2,
        0,
        24,
        0,
        0,
        2,
        0,
        0
      ],
      [
        1,
        0,
        1,
        0,
        7,
        0,
        0,
        1,
        0,
        0
      ],
      [
        1,
        0,
        2,
        0,
        3,
        0,
        0,
        0,
        0,
        0
      ]
    ]
  }
}