{
  "val": {
    "exact_acc": 0.4331496223719126,
    "micro_f1": 0.4331496223719126,
    "relaxed_acc": 0.7775056133904878,
    "within2_acc": 0.8948765054092672,
    "macro_f1": 0.1787641935171143,
    "weighted_f1": 0.40155057449688003,
    "rare_f1_5_9": 0.021969696969696965,
    "rare_recall_5_9": 0.015701105803834325,
    "rare_precision_5_9": 0.09257759784075573,
    "mse_argmax": 2.099203919167177,
    "rmse_argmax": 1.4488629746001438,
    "mae_argmax": 0.9373341498264952,
    "mse_expected": 1.634490240921198,
    "rmse_expected": 1.2784718381416142,
    "mae_expected": 0.9005475191826449,
    "confusion_matrix": [
      [
        1124,
        435,
        13,
        20,
        32,
        0,
        0,
        1,
        0,
        1
      ],
      [
        464,
        665,
        38,
        57,
        122,
        0,
        2,
        4,
        0,
        0
      ],
      [
        87,
        348,
        38,
        62,
        108,
        1,
        2,
        0,
        1,
        0
      ],
      [
        34,
        211,
        27,
        55,
        154,
        2,
        6,
        1,
        1,
        1
      ],
      [
        22,
        148,
        30,
        59,
        235,
        0,
        4,
        4,
        4,
        2
      ],
      [
        6,
        41,
        3,
        17,
        89,
        2,
        5,
        6,
        1,
        0
      ],
      [
        1,
        11,
        2,
        5,
        38,
        1,
        2,
        2,
        0,
        0
      ],
      [
        0,
        2,
        0,
        2,
        22,
        0,
        2,
        1,
        0,
        0
      ],
      [
        1,
        2,
        0,
        1,
        2,
        0,
        2,
        0,
        0,
        0
      ],
      [
        0,
        0,
        0,
        0,
        3,
        0,
        1,
        0,
        1,
        0
      ]
    ]
  },
  "test": {
    "exact_acc": 0.43549967341606793,
    "micro_f1": 0.43549967341606793,
    "relaxed_acc": 0.771717831482691,
    "within2_acc": 0.8945133899412149,
    "macro_f1": 0.1857557616770337,
    "weighted_f1": 0.40627267295192104,
    "rare_f1_5_9": 0.03760025062656642,
    "rare_recall_5_9": 0.026511852926947264,
    "rare_precision_5_9": 0.12671957671957673,
    "mse_argmax": 2.1105486610058786,
    "rmse_argmax": 1.4527727492646187,
    "mae_argmax": 0.9410516002612671,
    "mse_expected": 1.569790427102855,
    "rmse_expected": 1.2529127771328916,
    "mae_expected": 0.8769566341402095,
    "confusion_matrix": [
      [
        1421,
        523,
        23,
        21,
        44,
        0,
        0,
        0,
        0,
        0
      ],
      [
        545,
        850,
        69,
        74,
        147,
        1,
        5,
        0,
        0,
        0
      ],
      [
        119,
        402,
        53,
        64,
        165,
        0,
        1,
        3,
        0,
        2
      ],
      [
        38,
        251,
        32,
        71,
        218,
        2,
        1,
        2,
        0,
        0
      ],
      [
        34,
        194,
        38,
        83,
        262,
        4,
        8,
        9,
        1,
        2
      ],
      [
        3,
        52,
        8,
        27,
        108,
        5,
        7,
        2,
        0,
        0
      ],
      [
        4,
        11,
        2,
        13,
        42,
        0,
        2,
        2,
        0,
        2
      ],
      [
        0,
        6,
        0,
        5,
        20,
        0,
        2,
        3,
        0,
        0
      ],
      [
        1,
        1,
        0,
        1,
        6,
        0,
        1,
        0,
        0,
        0
      ],
      [
        1,
        0,
        0,
        1,
        4,
        0,
        0,
        0,
        0,
        0
      ]
    ]
  },
  "bias": [
    -0.6875,
    -0.25,
    -1.25,
    -0.96875,
    -0.5,
    -2.75,
    -1.125,
    -1.0,
    -1.0,
    -0.5
  ]
}