{
  "val": {
    "exact_acc": 0.46560522555623596,
    "micro_f1": 0.46560522555623596,
    "relaxed_acc": 0.800163298632374,
    "within2_acc": 0.9124311083894673,
    "macro_f1": 0.18848259968463,
    "weighted_f1": 0.42098616131563266,
    "rare_f1_5_9": 0.029767441860465114,
    "rare_recall_5_9": 0.018823529411764704,
    "rare_precision_5_9": 0.07111111111111111,
    "mse_argmax": 1.7699530516431925,
    "rmse_argmax": 1.3303958251750463,
    "mae_argmax": 0.847724025311288,
    "mse_expected": 1.3300941816392036,
    "rmse_expected": 1.153297091663377,
    "mae_expected": 0.8336023692297136,
    "confusion_matrix": [
      [
        1278,
        315,
        8,
        2,
        23,
        0,
        0,
        0,
        0,
        0
      ],
      [
        565,
        652,
        35,
        17,
        81,
        2,
        0,
        0,
        0,
        0
      ],
      [
        100,
        377,
        50,
        14,
        104,
        2,
        0,
        0,
        0,
        0
      ],
      [
        29,
        234,
        27,
        31,
        162,
        9,
        0,
        0,
        0,
        0
      ],
      [
        12,
        179,
        29,
        25,
        254,
        9,
        0,
        0,
        0,
        0
      ],
      [
        3,
        29,
        11,
        4,
        107,
        16,
        0,
        0,
        0,
        0
      ],
      [
        1,
        12,
        3,
        0,
        43,
        3,
        0,
        0,
        0,
        0
      ],
      [
        0,
        1,
        0,
        0,
        26,
        2,
        0,
        0,
        0,
        0
      ],
      [
        0,
        1,
        0,
        0,
        5,
        2,
        0,
        0,
        0,
        0
      ],
      [
        0,
        1,
        0,
        0,
        4,
        0,
        0,
        0,
        0,
        0
      ]
    ]
  },
  "test": {
    "exact_acc": 0.4661985630306989,
    "micro_f1": 0.4661985630306989,
    "relaxed_acc": 0.7962116263879817,
    "within2_acc": 0.9123122142390594,
    "macro_f1": 0.17704521171682172,
    "weighted_f1": 0.41884294235008274,
    "rare_f1_5_9": 0.010526315789473684,
    "rare_recall_5_9": 0.006603773584905661,
    "rare_precision_5_9": 0.025925925925925925,
    "mse_argmax": 1.795721750489876,
    "rmse_argmax": 1.3400454285172112,
    "mae_argmax": 0.8528739386022207,
    "mse_expected": 1.2940094494849586,
    "rmse_expected": 1.137545361506502,
    "mae_expected": 0.8162369869076382,
    "confusion_matrix": [
      [
        1612,
        374,
        11,
        5,
        29,
        1,
        0,
        0,
        0,
        0
      ],
      [
        697,
        831,
        47,
        15,
        100,
        1,
        0,
        0,
        0,
        0
      ],
      [
        109,
        458,
        56,
        23,
        159,
        4,
        0,
        0,
        0,
        0
      ],
      [
        32,
        301,
        44,
        32,
        197,
        9,
        0,
        0,
        0,
        0
      ],
      [
        12,
        225,
        42,
        25,
        317,
        14,
        0,
        0,
        0,
        0
      ],
      [
        1,
        52,
        13,
        4,
        135,
        7,
        0,
        0,
        0,
        0
      ],
      [
        1,
        14,
        0,
        1,
        55,
        7,
        0,
        0,
        0,
        0
      ],
      [
        0,
        5,
        1,
        0,
        24,
        6,
        0,
        0,
        0,
        0
      ],
      [
        0,
        0,
        0,
        0,
        6,
        4,
        0,
        0,
        0,
        0
      ],
      [
        0,
        2,
        0,
        0,
        3,
        1,
        0,
        0,
        0,
        0
      ]
    ]
  },
  "bias": [
    0.40625,
    0.5,
    0.1875,
    -0.0625,
    -0.25,
    0.0625,
    0.0,
    0.0,
    0.0,
    0.0
  ]
}