{
  "val": {
    "exact_acc": 0.46785058175137784,
    "micro_f1": 0.46785058175137784,
    "relaxed_acc": 0.8048581343131251,
    "within2_acc": 0.913247601551337,
    "macro_f1": 0.17972941170647685,
    "weighted_f1": 0.41090237092502896,
    "rare_f1_5_9": 0.03842794759825328,
    "rare_recall_5_9": 0.025882352941176474,
    "rare_precision_5_9": 0.07457627118644068,
    "mse_argmax": 1.7462747499489693,
    "rmse_argmax": 1.321466893247413,
    "mae_argmax": 0.8395590936925903,
    "mse_expected": 1.2626270433568993,
    "rmse_expected": 1.123666784841885,
    "mae_expected": 0.8156702699749165,
    "confusion_matrix": [
      [
        1223,
        364,
        3,
        0,
        36,
        0,
        0,
        0,
        0,
        0
      ],
      [
        505,
        722,
        10,
        0,
        114,
        1,
        0,
        0,
        0,
        0
      ],
      [
        74,
        411,
        12,
        0,
        149,
        1,
        0,
        0,
        0,
        0
      ],
      [
        18,
        236,
        11,
        5,
        216,
        6,
        0,
        0,
        0,
        0
      ],
      [
        10,
        168,
        10,
        0,
        308,
        12,
        0,
        0,
        0,
        0
      ],
      [
        3,
        26,
        2,
        0,
        117,
        22,
        0,
        0,
        0,
        0
      ],
      [
        2,
        9,
        0,
        0,
        46,
        5,
        0,
        0,
        0,
        0
      ],
      [
        0,
        1,
        0,
        0,
        21,
        7,
        0,
        0,
        0,
        0
      ],
      [
        0,
        1,
        0,
        0,
        3,
        4,
        0,
        0,
        0,
        0
      ],
      [
        0,
        1,
        0,
        0,
        3,
        1,
        0,
        0,
        0,
        0
      ]
    ]
  },
  "test": {
    "exact_acc": 0.47958850424559113,
    "micro_f1": 0.47958850424559113,
    "relaxed_acc": 0.799967341606793,
    "within2_acc": 0.9154147615937296,
    "macro_f1": 0.1732577050632524,
    "weighted_f1": 0.4192454259072098,
    "rare_f1_5_9": 0.02054794520547945,
    "rare_recall_5_9": 0.014150943396226415,
    "rare_precision_5_9": 0.0375,
    "mse_argmax": 1.7289353363814501,
    "rmse_argmax": 1.3148898571292769,
    "mae_argmax": 0.829523187459177,
    "mse_expected": 1.2013487157448934,
    "rmse_expected": 1.0960605438318147,
    "mae_expected": 0.7881014778334132,
    "confusion_matrix": [
      [
        1554,
        430,
        4,
        0,
        41,
        3,
        0,
        0,
        0,
        0
      ],
      [
        579,
        969,
        10,
        0,
        133,
        0,
        0,
        0,
        0,
        0
      ],
      [
        102,
        470,
        17,
        1,
        218,
        1,
        0,
        0,
        0,
        0
      ],
      [
        30,
        301,
        14,
        0,
        263,
        7,
        0,
        0,
        0,
        0
      ],
      [
        12,
        208,
        10,
        0,
        382,
        23,
        0,
        0,
        0,
        0
      ],
      [
        1,
        34,
        3,
        0,
        159,
        15,
        0,
        0,
        0,
        0
      ],
      [
        3,
        10,
        0,
        0,
        52,
        13,
        0,
        0,
        0,
        0
      ],
      [
        0,
        2,
        0,
        0,
        21,
        13,
        0,
        0,
        0,
        0
      ],
      [
        0,
        0,
        0,
        0,
        6,
        4,
        0,
        0,
        0,
        0
      ],
      [
        0,
        1,
        0,
        0,
        4,
        1,
        0,
        0,
        0,
        0
      ]
    ]
  },
  "bias": [
    0.125,
    0.0,
    -0.1875,
    -0.5,
    0.3125,
    0.625,
    0.0,
    0.0,
    0.0,
    0.0
  ]
}