{
  "val": {
    "exact_acc": 0.4664217187181057,
    "micro_f1": 0.4664217187181057,
    "relaxed_acc": 0.8020004082465809,
    "within2_acc": 0.9087568891610532,
    "macro_f1": 0.16032693941505483,
    "weighted_f1": 0.4004167246491269,
    "rare_f1_5_9": 0.00449438202247191,
    "rare_recall_5_9": 0.002352941176470588,
    "rare_precision_5_9": 0.05,
    "mse_argmax": 1.7764849969381507,
    "rmse_argmax": 1.332848452352386,
    "mae_argmax": 0.8485405184731578,
    "mse_expected": 1.3386179052056562,
    "rmse_expected": 1.1569865622407445,
    "mae_expected": 0.8225400291932649,
    "confusion_matrix": [
      [
        1258,
        333,
        0,
        0,
        35,
        0,
        0,
        0,
        0,
        0
      ],
      [
        541,
        683,
        0,
        0,
        128,
        0,
        0,
        0,
        0,
        0
      ],
      [
        87,
        396,
        3,
        1,
        158,
        2,
        0,
        0,
        0,
        0
      ],
      [
        22,
        224,
        1,
        6,
        237,
        2,
        0,
        0,
        0,
        0
      ],
      [
        12,
        162,
        1,
        0,
        333,
        0,
        0,
        0,
        0,
        0
      ],
      [
        2,
        29,
        0,
        0,
        135,
        2,
        0,
        1,
        1,
        0
      ],
      [
        0,
        12,
        0,
        0,
        50,
        0,
        0,
        0,
        0,
        0
      ],
      [
        0,
        1,
        0,
        0,
        28,
        0,
        0,
        0,
        0,
        0
      ],
      [
        0,
        0,
        0,
        0,
        6,
        2,
        0,
        0,
        0,
        0
      ],
      [
        0,
        1,
        0,
        0,
        4,
        0,
        0,
        0,
        0,
        0
      ]
    ]
  },
  "test": {
    "exact_acc": 0.46864794252122793,
    "micro_f1": 0.46864794252122793,
    "relaxed_acc": 0.7918027433050294,
    "within2_acc": 0.9087197909862835,
    "macro_f1": 0.15732152194125265,
    "weighted_f1": 0.40126246895607875,
    "rare_f1_5_9": 0.0018691588785046728,
    "rare_recall_5_9": 0.0009433962264150943,
    "rare_precision_5_9": 0.1,
    "mse_argmax": 1.8262573481384716,
    "rmse_argmax": 1.351390893908373,
    "mae_argmax": 0.8585891574134552,
    "mse_expected": 1.3071438847255195,
    "rmse_expected": 1.1433039336613513,
    "mae_expected": 0.807701748378924,
    "confusion_matrix": [
      [
        1588,
        398,
        1,
        0,
        45,
        0,
        0,
        0,
        0,
        0
      ],
      [
        667,
        869,
        3,
        1,
        151,
        0,
        0,
        0,
        0,
        0
      ],
      [
        107,
        457,
        5,
        1,
        238,
        0,
        1,
        0,
        0,
        0
      ],
      [
        27,
        302,
        1,
        0,
        285,
        0,
        0,
        0,
        0,
        0
      ],
      [
        11,
        215,
        1,
        0,
        407,
        0,
        0,
        1,
        0,
        0
      ],
      [
        1,
        44,
        1,
        0,
        163,
        1,
        2,
        0,
        0,
        0
      ],
      [
        1,
        10,
        0,
        0,
        66,
        1,
        0,
        0,
        0,
        0
      ],
      [
        0,
        4,
        0,
        0,
        31,
        0,
        1,
        0,
        0,
        0
      ],
      [
        1,
        0,
        0,
        0,
        9,
        0,
        0,
        0,
        0,
        0
      ],
      [
        0,
        2,
        0,
        0,
        4,
        0,
        0,
        0,
        0,
        0
      ]
    ]
  },
  "bias": [
    0.4375,
    0.5,
    -1.0,
    -1.5,
    0.0,
    -0.5,
    -0.5,
    0.0,
    0.0,
    0.0
  ]
}