{
  "thresholds": [
    0.6015190482139587,
    2.0384716987609863,
    2.3907766342163086,
    3.000342607498169,
    6.0121355056762695,
    6.119484901428223,
    7.146562576293945,
    7.408658981323242,
    8.402169227600098
  ],
  "test": {
    "exact_acc": 0.4157413455258001,
    "micro_f1": 0.4157413455258001,
    "relaxed_acc": 0.7550620509470934,
    "within2_acc": 0.8772044415414761,
    "macro_f1": 0.1587258410630216,
    "weighted_f1": 0.37135041001230135,
    "rare_f1_5_9": 0.016,
    "rare_recall_5_9": 0.010256410256410256,
    "rare_precision_5_9": 0.03636363636363636,
    "mse_argmax": 2.328216851730895,
    "rmse_argmax": 1.5258495508178043,
    "mae_argmax": 1.0026126714565644,
    "mse_expected": 2.145550186766521,
    "rmse_expected": 1.464769670209798,
    "mae_expected": 0.988569055129062,
    "confusion_matrix": [
      [
        1281,
        664,
        0,
        21,
        66,
        0,
        0,
        0,
        0,
        0
      ],
      [
        545,
        901,
        0,
        60,
        184,
        0,
        1,
        0,
        0,
        0
      ],
      [
        136,
        437,
        0,
        51,
        184,
        0,
        0,
        0,
        0,
        1
      ],
      [
        59,
        288,
        0,
        53,
        212,
        0,
        2,
        0,
        1,
        0
      ],
      [
        50,
        222,
        0,
        44,
        307,
        0,
        8,
        0,
        2,
        2
      ],
      [
        6,
        65,
        0,
        17,
        119,
        0,
        4,
        0,
        1,
        0
      ],
      [
        1,
        14,
        0,
        5,
        53,
        0,
        4,
        0,
        1,
        0
      ],
      [
        2,
        8,
        0,
        1,
        23,
        0,
        2,
        0,
        0,
        0
      ],
      [
        1,
        1,
        0,
        0,
        7,
        0,
        1,
        0,
        0,
        0
      ],
      [
        1,
        2,
        0,
        1,
        2,
        0,
        0,
        0,
        0,
        0
      ]
    ]
  }
}