{
  "val": {
    "exact_acc": 0.4321290059195754,
    "micro_f1": 0.4321290059195754,
    "relaxed_acc": 0.7642375995101041,
    "within2_acc": 0.8854868340477648,
    "macro_f1": 0.18335762776011805,
    "weighted_f1": 0.3905577468861435,
    "rare_f1_5_9": 0.04775417187385136,
    "rare_recall_5_9": 0.04170385395537525,
    "rare_precision_5_9": 0.07028301886792453,
    "mse_argmax": 2.249234537660747,
    "rmse_argmax": 1.4997448241820164,
    "mae_argmax": 0.9697897530108185,
    "mse_expected": 1.685089015287064,
    "rmse_expected": 1.2981097855293533,
    "mae_expected": 0.90705813588228,
    "confusion_matrix": [
      [
        1124,
        447,
        11,
        7,
        32,
        3,
        0,
        2,
        0,
        0
      ],
      [
        491,
        687,
        37,
        24,
        104,
        4,
        0,
        5,
        0,
        0
      ],
      [
        131,
        337,
        22,
        12,
        136,
        8,
        0,
        1,
        0,
        0
      ],
      [
        66,
        204,
        25,
        36,
        142,
        13,
        1,
        5,
        0,
        0
      ],
      [
        53,
        160,
        16,
        32,
        232,
        9,
        0,
        2,
        2,
        2
      ],
      [
        9,
        41,
        4,
        7,
        88,
        12,
        0,
        8,
        1,
        0
      ],
      [
        3,
        9,
        1,
        2,
        43,
        1,
        0,
        3,
        0,
        0
      ],
      [
        1,
        2,
        0,
        0,
        20,
        1,
        0,
        4,
        1,
        0
      ],
      [
        1,
        1,
        2,
        0,
        1,
        1,
        0,
        2,
        0,
        0
      ],
      [
        0,
        0,
        0,
        0,
        4,
        1,
        0,
        0,
        0,
        0
      ]
    ]
  },
  "test": {
    "exact_acc": 0.4253755715218811,
    "micro_f1": 0.4253755715218811,
    "relaxed_acc": 0.7731874591770085,
    "within2_acc": 0.8883082952318746,
    "macro_f1": 0.1771711504012497,
    "weighted_f1": 0.38366617590246016,
    "rare_f1_5_9": 0.04835164835164836,
    "rare_recall_5_9": 0.04465408805031447,
    "rare_precision_5_9": 0.06791569086651053,
    "mse_argmax": 2.163128674069236,
    "rmse_argmax": 1.4707578570482756,
    "mae_argmax": 0.9586871325930765,
    "mse_expected": 1.594030879369441,
    "rmse_expected": 1.26254935720131,
    "mae_expected": 0.8835577003041757,
    "confusion_matrix": [
      [
        1387,
        580,
        13,
        12,
        39,
        1,
        0,
        0,
        0,
        0
      ],
      [
        622,
        874,
        44,
        21,
        125,
        3,
        0,
        2,
        0,
        0
      ],
      [
        159,
        403,
        31,
        29,
        174,
        8,
        1,
        3,
        0,
        1
      ],
      [
        75,
        245,
        35,
        28,
        227,
        2,
        0,
        2,
        1,
        0
      ],
      [
        62,
        206,
        26,
        35,
        267,
        24,
        0,
        13,
        1,
        1
      ],
      [
        10,
        51,
        6,
        15,
        109,
        12,
        2,
        6,
        1,
        0
      ],
      [
        5,
        9,
        1,
        6,
        41,
        6,
        0,
        9,
        0,
        1
      ],
      [
        2,
        4,
        0,
        1,
        17,
        2,
        2,
        6,
        1,
        1
      ],
      [
        1,
        0,
        0,
        1,
        4,
        2,
        0,
        1,
        0,
        1
      ],
      [
        0,
        0,
        0,
        1,
        4,
        1,
        0,
        0,
        0,
        0
      ]
    ]
  },
  "bias": [
    0.40625,
    0.46875,
    -1.0,
    -0.6875,
    0.4375,
    -0.625,
    -1.5,
    0.5,
    -0.5,
    0.0
  ]
}