{
  "val": {
    "exact_acc": 0.4484588691569708,
    "micro_f1": 0.4484588691569708,
    "relaxed_acc": 0.7887323943661971,
    "within2_acc": 0.9046744233517044,
    "macro_f1": 0.18147187223845962,
    "weighted_f1": 0.4087125216880192,
    "rare_f1_5_9": 0.0327598232969077,
    "rare_recall_5_9": 0.023225806451612905,
    "rare_precision_5_9": 0.07429718875502007,
    "mse_argmax": 1.9165135741988162,
    "rmse_argmax": 1.3843820188801992,
    "mae_argmax": 0.8918146560522555,
    "mse_expected": 1.4018465811415224,
    "rmse_expected": 1.18399602243484,
    "mae_expected": 0.8479371153183689,
    "confusion_matrix": [
      [
        1108,
        475,
        10,
        2,
        28,
        3,
        0,
        0,
        0,
        0
      ],
      [
        428,
        763,
        52,
        8,
        96,
        5,
        0,
        0,
        0,
        0
      ],
      [
        86,
        384,
        42,
        13,
        116,
        6,
        0,
        0,
        0,
        0
      ],
      [
        20,
        243,
        24,
        15,
        164,
        25,
        1,
        0,
        0,
        0
      ],
      [
        20,
        178,
        26,
        11,
        251,
        18,
        2,
        1,
        0,
        1
      ],
      [
        4,
        43,
        5,
        4,
        95,
        17,
        1,
        0,
        1,
        0
      ],
      [
        0,
        13,
        1,
        2,
        44,
        1,
        1,
        0,
        0,
        0
      ],
      [
        0,
        2,
        0,
        0,
        22,
        4,
        1,
        0,
        0,
        0
      ],
      [
        0,
        1,
        0,
        0,
        4,
        3,
        0,
        0,
        0,
        0
      ],
      [
        0,
        1,
        0,
        0,
        3,
        1,
        0,
        0,
        0,
        0
      ]
    ]
  },
  "test": {
    "exact_acc": 0.44937949052906595,
    "micro_f1": 0.44937949052906595,
    "relaxed_acc": 0.7869039843239712,
    "within2_acc": 0.9002286087524494,
    "macro_f1": 0.17533297027126937,
    "weighted_f1": 0.4088421295055344,
    "rare_f1_5_9": 0.026332288401253918,
    "rare_recall_5_9": 0.019811320754716984,
    "rare_precision_5_9": 0.03925233644859813,
    "mse_argmax": 1.9923252775963423,
    "rmse_argmax": 1.411497530141779,
    "mae_argmax": 0.9021881123448726,
    "mse_expected": 1.3576711474653094,
    "rmse_expected": 1.1651914638656213,
    "mae_expected": 0.8220220692274384,
    "confusion_matrix": [
      [
        1396,
        581,
        13,
        3,
        36,
        3,
        0,
        0,
        0,
        0
      ],
      [
        515,
        985,
        55,
        8,
        121,
        7,
        0,
        0,
        0,
        0
      ],
      [
        104,
        468,
        54,
        10,
        166,
        6,
        1,
        0,
        0,
        0
      ],
      [
        40,
        283,
        53,
        13,
        208,
        18,
        0,
        0,
        0,
        0
      ],
      [
        20,
        236,
        45,
        13,
        283,
        34,
        0,
        2,
        1,
        1
      ],
      [
        4,
        56,
        10,
        3,
        115,
        21,
        3,
        0,
        0,
        0
      ],
      [
        4,
        12,
        2,
        1,
        47,
        11,
        0,
        0,
        1,
        0
      ],
      [
        0,
        7,
        2,
        1,
        19,
        6,
        1,
        0,
        0,
        0
      ],
      [
        1,
        1,
        0,
        1,
        7,
        0,
        0,
        0,
        0,
        0
      ],
      [
        1,
        1,
        0,
        0,
        3,
        1,
        0,
        0,
        0,
        0
      ]
    ]
  },
  "bias": [
    0.09375,
    0.5,
    -0.5,
    -1.0,
    -0.125,
    -0.5,
    -1.0,
    -0.75,
    -0.25,
    0.0
  ]
}