{
  "thresholds": [
    0.6700000762939453,
    2.599555730819702,
    2.761000156402588,
    2.7893333435058594,
    4.650000095367432,
    5.5,
    6.5,
    7.5,
    8.5
  ],
  "test": {
    "exact_acc": 0.4689745264532985,
    "micro_f1": 0.4689745264532985,
    "relaxed_acc": 0.7965382103200522,
    "within2_acc": 0.9142717178314826,
    "macro_f1": 0.1653799568679724,
    "weighted_f1": 0.4100122130080969,
    "rare_f1_5_9": 0.005357142857142857,
    "rare_recall_5_9": 0.0028301886792452833,
    "rare_precision_5_9": 0.05,
    "mse_argmax": 1.7682887001959504,
    "rmse_argmax": 1.3297701681854464,
    "mae_argmax": 0.8463422599608099,
    "mse_expected": 1.2937376654477855,
    "rmse_expected": 1.1374258944862234,
    "mae_expected": 0.8126734212374863,
    "confusion_matrix": [
      [
        1603,
        385,
        9,
        2,
        33,
        0,
        0,
        0,
        0,
        0
      ],
      [
        678,
        861,
        28,
        6,
        118,
        0,
        0,
        0,
        0,
        0
      ],
      [
        101,
        470,
        32,
        9,
        197,
        0,
        0,
        0,
        0,
        0
      ],
      [
        24,
        316,
        29,
        3,
        243,
        0,
        0,
        0,
        0,
        0
      ],
      [
        12,
        216,
        27,
        6,
        370,
        4,
        0,
        0,
        0,
        0
      ],
      [
        1,
        47,
        8,
        1,
        152,
        3,
        0,
        0,
        0,
        0
      ],
      [
        1,
        11,
        3,
        0,
        61,
        2,
        0,
        0,
        0,
        0
      ],
      [
        0,
        2,
        2,
        0,
        29,
        3,
        0,
        0,
        0,
        0
      ],
      [
        0,
        0,
        0,
        0,
        10,
        0,
        0,
        0,
        0,
        0
      ],
      [
        0,
        2,
        0,
        0,
        4,
        0,
        0,
        0,
        0,
        0
      ]
    ]
  }
}