{
  "thresholds": [
    0.6109042167663574,
    2.6643569469451904,
    2.7987759113311768,
    2.7987759113311768,
    4.767369747161865,
    5.756101608276367,
    6.3165669441223145,
    6.537871360778809,
    8.705008506774902
  ],
  "test": {
    "exact_acc": 0.4786087524493795,
    "micro_f1": 0.4786087524493795,
    "relaxed_acc": 0.806662312214239,
    "within2_acc": 0.9175375571521881,
    "macro_f1": 0.16847817955750174,
    "weighted_f1": 0.4209771131339253,
    "rare_f1_5_9": 0.006504065040650407,
    "rare_recall_5_9": 0.0037735849056603774,
    "rare_precision_5_9": 0.023529411764705882,
    "mse_argmax": 1.6980731548007837,
    "rmse_argmax": 1.3031013601407926,
    "mae_argmax": 0.8218484650555192,
    "mse_expected": 1.2518850353304865,
    "rmse_expected": 1.1188766845950837,
    "mae_expected": 0.7999529852737809,
    "confusion_matrix": [
      [
        1419,
        570,
        6,
        0,
        36,
        1,
        0,
        0,
        0,
        0
      ],
      [
        449,
        1131,
        16,
        0,
        95,
        0,
        0,
        0,
        0,
        0
      ],
      [
        64,
        552,
        20,
        0,
        173,
        0,
        0,
        0,
        0,
        0
      ],
      [
        15,
        345,
        28,
        0,
        225,
        2,
        0,
        0,
        0,
        0
      ],
      [
        7,
        238,
        27,
        0,
        357,
        6,
        0,
        0,
        0,
        0
      ],
      [
        1,
        50,
        3,
        0,
        154,
        4,
        0,
        0,
        0,
        0
      ],
      [
        1,
        14,
        0,
        0,
        54,
        9,
        0,
        0,
        0,
        0
      ],
      [
        0,
        0,
        0,
        0,
        28,
        8,
        0,
        0,
        0,
        0
      ],
      [
        0,
        0,
        1,
        0,
        6,
        3,
        0,
        0,
        0,
        0
      ],
      [
        0,
        1,
        0,
        0,
        4,
        1,
        0,
        0,
        0,
        0
      ]
    ]
  }
}