{
  "val": {
    "exact_acc": 0.45744029393753827,
    "micro_f1": 0.45744029393753827,
    "relaxed_acc": 0.7897530108185344,
    "within2_acc": 0.9036538068993673,
    "macro_f1": 0.1668781818494291,
    "weighted_f1": 0.4037557250371346,
    "rare_f1_5_9": 0.010471204188481676,
    "rare_recall_5_9": 0.0058823529411764705,
    "rare_precision_5_9": 0.047619047619047616,
    "mse_argmax": 1.8824249846907533,
    "rmse_argmax": 1.3720149360304914,
    "mae_argmax": 0.8797713819146764,
    "mse_expected": 1.3546481355833528,
    "rmse_expected": 1.1638935241607598,
    "mae_expected": 0.8292334059424953,
    "confusion_matrix": [
      [
        1136,
        447,
        5,
        1,
        37,
        0,
        0,
        0,
        0,
        0
      ],
      [
        440,
        755,
        9,
        3,
        144,
        1,
        0,
        0,
        0,
        0
      ],
      [
        80,
        378,
        16,
        6,
        166,
        1,
        0,
        0,
        0,
        0
      ],
      [
        19,
        231,
        9,
        10,
        215,
        8,
        0,
        0,
        0,
        0
      ],
      [
        22,
        152,
        10,
        2,
        319,
        1,
        0,
        1,
        0,
        1
      ],
      [
        7,
        31,
        2,
        1,
        121,
        5,
        0,
        2,
        1,
        0
      ],
      [
        0,
        11,
        0,
        1,
        50,
        0,
        0,
        0,
        0,
        0
      ],
      [
        0,
        1,
        0,
        0,
        26,
        2,
        0,
        0,
        0,
        0
      ],
      [
        0,
        1,
        0,
        0,
        5,
        2,
        0,
        0,
        0,
        0
      ],
      [
        0,
        0,
        0,
        0,
        4,
        1,
        0,
        0,
        0,
        0
      ]
    ]
  },
  "test": {
    "exact_acc": 0.4598301763553233,
    "micro_f1": 0.4598301763553233,
    "relaxed_acc": 0.7875571521881124,
    "within2_acc": 0.9007184846505552,
    "macro_f1": 0.1610758514844804,
    "weighted_f1": 0.4043084519709968,
    "rare_f1_5_9": 0.0035555555555555557,
    "rare_recall_5_9": 0.0018867924528301887,
    "rare_precision_5_9": 0.03076923076923077,
    "mse_argmax": 1.940888308295232,
    "rmse_argmax": 1.3931576753172026,
    "mae_argmax": 0.8860222077073808,
    "mse_expected": 1.3298089362724494,
    "rmse_expected": 1.153173419860365,
    "mae_expected": 0.814041809694678,
    "confusion_matrix": [
      [
        1446,
        525,
        6,
        1,
        53,
        1,
        0,
        0,
        0,
        0
      ],
      [
        538,
        962,
        18,
        3,
        169,
        1,
        0,
        0,
        0,
        0
      ],
      [
        103,
        452,
        22,
        5,
        224,
        2,
        1,
        0,
        0,
        0
      ],
      [
        34,
        284,
        20,
        3,
        274,
        0,
        0,
        0,
        0,
        0
      ],
      [
        17,
        212,
        10,
        7,
        381,
        6,
        0,
        1,
        1,
        0
      ],
      [
        4,
        41,
        4,
        1,
        156,
        2,
        3,
        1,
        0,
        0
      ],
      [
        2,
        11,
        0,
        1,
        61,
        1,
        0,
        1,
        0,
        1
      ],
      [
        1,
        6,
        0,
        0,
        28,
        0,
        1,
        0,
        0,
        0
      ],
      [
        1,
        1,
        0,
        0,
        8,
        0,
        0,
        0,
        0,
        0
      ],
      [
        0,
        2,
        0,
        0,
        4,
        0,
        0,
        0,
        0,
        0
      ]
    ]
  },
  "bias": [
    0.1875,
    0.5,
    -0.75,
    -1.125,
    0.1875,
    -1.0,
    -1.5,
    -0.5,
    0.0,
    0.0
  ]
}