{
  "thresholds": [
    0.6933333277702332,
    2.18666672706604,
    2.6711554527282715,
    2.8022427558898926,
    4.300000190734863,
    5.5,
    6.5,
    7.5,
    8.5
  ],
  "test": {
    "exact_acc": 0.48203788373612017,
    "micro_f1": 0.48203788373612017,
    "relaxed_acc": 0.8226649248856956,
    "within2_acc": 0.9320705421293273,
    "macro_f1": 0.19581577194216393,
    "weighted_f1": 0.44781762678134507,
    "rare_f1_5_9": 0.02360248447204969,
    "rare_recall_5_9": 0.017924528301886792,
    "rare_precision_5_9": 0.034545454545454546,
    "mse_argmax": 1.5274330502939255,
    "rmse_argmax": 1.2358936241820837,
    "mae_argmax": 0.7815153494448073,
    "mse_expected": 1.2013487157448934,
    "rmse_expected": 1.0960605438318147,
    "mae_expected": 0.7881014778334132,
    "confusion_matrix": [
      [
        1500,
        473,
        26,
        4,
        27,
        2,
        0,
        0,
        0,
        0
      ],
      [
        526,
        980,
        90,
        16,
        79,
        0,
        0,
        0,
        0,
        0
      ],
      [
        73,
        445,
        114,
        32,
        141,
        4,
        0,
        0,
        0,
        0
      ],
      [
        16,
        264,
        97,
        21,
        211,
        6,
        0,
        0,
        0,
        0
      ],
      [
        10,
        168,
        85,
        22,
        318,
        32,
        0,
        0,
        0,
        0
      ],
      [
        0,
        22,
        31,
        6,
        134,
        19,
        0,
        0,
        0,
        0
      ],
      [
        1,
        8,
        6,
        1,
        38,
        24,
        0,
        0,
        0,
        0
      ],
      [
        0,
        1,
        2,
        0,
        18,
        15,
        0,
        0,
        0,
        0
      ],
      [
        0,
        0,
        0,
        0,
        5,
        5,
        0,
        0,
        0,
        0
      ],
      [
        0,
        1,
        0,
        0,
        2,
        3,
        0,
        0,
        0,
        0
      ]
    ]
  }
}