{
  "val": {
    "exact_acc": 0.46213512961828945,
    "micro_f1": 0.46213512961828945,
    "relaxed_acc": 0.7962849561134926,
    "within2_acc": 0.9079403959991835,
    "macro_f1": 0.1784776825879323,
    "weighted_f1": 0.4081401015781274,
    "rare_f1_5_9": 0.0291497975708502,
    "rare_recall_5_9": 0.021176470588235293,
    "rare_precision_5_9": 0.046753246753246755,
    "mse_argmax": 1.8179220249030414,
    "rmse_argmax": 1.3483033875589876,
    "mae_argmax": 0.8609920391916718,
    "mse_expected": 1.3245113459021447,
    "rmse_expected": 1.1508741659721728,
    "mae_expected": 0.8225238138903536,
    "confusion_matrix": [
      [
        1275,
        309,
        0,
        12,
        29,
        1,
        0,
        0,
        0,
        0
      ],
      [
        556,
        646,
        0,
        29,
        114,
        7,
        0,
        0,
        0,
        0
      ],
      [
        100,
        373,
        1,
        40,
        126,
        7,
        0,
        0,
        0,
        0
      ],
      [
        27,
        221,
        0,
        37,
        191,
        16,
        0,
        0,
        0,
        0
      ],
      [
        15,
        156,
        1,
        33,
        287,
        16,
        0,
        0,
        0,
        0
      ],
      [
        2,
        28,
        0,
        7,
        115,
        18,
        0,
        0,
        0,
        0
      ],
      [
        0,
        11,
        0,
        4,
        43,
        4,
        0,
        0,
        0,
        0
      ],
      [
        0,
        1,
        0,
        1,
        23,
        4,
        0,
        0,
        0,
        0
      ],
      [
        0,
        2,
        0,
        0,
        3,
        3,
        0,
        0,
        0,
        0
      ],
      [
        0,
        1,
        0,
        0,
        3,
        1,
        0,
        0,
        0,
        0
      ]
    ]
  },
  "test": {
    "exact_acc": 0.46358589157413455,
    "micro_f1": 0.46358589157413455,
    "relaxed_acc": 0.7913128674069235,
    "within2_acc": 0.9100261267145656,
    "macro_f1": 0.17838949752147465,
    "weighted_f1": 0.4105665776908139,
    "rare_f1_5_9": 0.02727272727272727,
    "rare_recall_5_9": 0.019811320754716984,
    "rare_precision_5_9": 0.04375,
    "mse_argmax": 1.8171129980404963,
    "rmse_argmax": 1.3480033375479812,
    "mae_argmax": 0.8618549967341607,
    "mse_expected": 1.2807957825505105,
    "rmse_expected": 1.131722484777302,
    "mae_expected": 0.8054513907279244,
    "confusion_matrix": [
      [
        1609,
        371,
        1,
        10,
        40,
        1,
        0,
        0,
        0,
        0
      ],
      [
        707,
        809,
        1,
        37,
        136,
        1,
        0,
        0,
        0,
        0
      ],
      [
        115,
        438,
        6,
        36,
        205,
        8,
        1,
        0,
        0,
        0
      ],
      [
        36,
        284,
        0,
        48,
        235,
        12,
        0,
        0,
        0,
        0
      ],
      [
        13,
        201,
        0,
        42,
        346,
        33,
        0,
        0,
        0,
        0
      ],
      [
        2,
        43,
        0,
        12,
        132,
        21,
        2,
        0,
        0,
        0
      ],
      [
        2,
        9,
        0,
        4,
        54,
        9,
        0,
        0,
        0,
        0
      ],
      [
        0,
        3,
        0,
        1,
        24,
        7,
        1,
        0,
        0,
        0
      ],
      [
        1,
        0,
        0,
        0,
        6,
        3,
        0,
        0,
        0,
        0
      ],
      [
        0,
        1,
        0,
        1,
        3,
        1,
        0,
        0,
        0,
        0
      ]
    ]
  },
  "bias": [
    0.53125,
    0.5,
    -0.5,
    0.0,
    0.0,
    0.125,
    -0.125,
    0.0,
    0.0,
    0.0
  ]
}