{
  "val": {
    "exact_acc": 0.46662584200857316,
    "micro_f1": 0.46662584200857316,
    "relaxed_acc": 0.8115942028985508,
    "within2_acc": 0.9199836701367626,
    "macro_f1": 0.17500944985725214,
    "weighted_f1": 0.4217159476761697,
    "rare_f1_5_9": 0.0023391812865497076,
    "rare_recall_5_9": 0.001176470588235294,
    "rare_precision_5_9": 0.2,
    "mse_argmax": 1.6725862420902224,
    "rmse_argmax": 1.2932850583263624,
    "mae_argmax": 0.8246580934884671,
    "mse_expected": 1.2710624836486129,
    "rmse_expected": 1.127414069296908,
    "mae_expected": 0.8163615356940355,
    "confusion_matrix": [
      [
        1199,
        380,
        20,
        0,
        27,
        0,
        0,
        0,
        0,
        0
      ],
      [
        481,
        702,
        70,
        0,
        99,
        0,
        0,
        0,
        0,
        0
      ],
      [
        70,
        372,
        81,
        0,
        124,
        0,
        0,
        0,
        0,
        0
      ],
      [
        18,
        213,
        58,
        5,
        198,
        0,
        0,
        0,
        0,
        0
      ],
      [
        10,
        145,
        55,
        0,
        298,
        0,
        0,
        0,
        0,
        0
      ],
      [
        2,
        23,
        13,
        0,
        131,
        1,
        0,
        0,
        0,
        0
      ],
      [
        1,
        9,
        3,
        0,
        49,
        0,
        0,
        0,
        0,
        0
      ],
      [
        0,
        0,
        0,
        0,
        29,
        0,
        0,
        0,
        0,
        0
      ],
      [
        0,
        1,
        0,
        0,
        7,
        0,
        0,
        0,
        0,
        0
      ],
      [
        0,
        1,
        0,
        0,
        4,
        0,
        0,
        0,
        0,
        0
      ]
    ]
  },
  "test": {
    "exact_acc": 0.482527759634226,
    "micro_f1": 0.482527759634226,
    "relaxed_acc": 0.8127041149575441,
    "within2_acc": 0.9203135205747878,
    "macro_f1": 0.1783390008444003,
    "weighted_f1": 0.4347463435562478,
    "rare_f1_5_9": 0.0018604651162790697,
    "rare_recall_5_9": 0.0009433962264150943,
    "rare_precision_5_9": 0.06666666666666667,
    "mse_argmax": 1.6453298497713913,
    "rmse_argmax": 1.2827041162214268,
    "mae_argmax": 0.806662312214239,
    "mse_expected": 1.2170525651813617,
    "rmse_expected": 1.1032010538344141,
    "mae_expected": 0.7908874577494559,
    "confusion_matrix": [
      [
        1526,
        441,
        30,
        0,
        34,
        1,
        0,
        0,
        0,
        0
      ],
      [
        553,
        949,
        83,
        0,
        106,
        0,
        0,
        0,
        0,
        0
      ],
      [
        90,
        447,
        104,
        0,
        168,
        0,
        0,
        0,
        0,
        0
      ],
      [
        34,
        250,
        87,
        0,
        244,
        0,
        0,
        0,
        0,
        0
      ],
      [
        13,
        190,
        57,
        0,
        375,
        0,
        0,
        0,
        0,
        0
      ],
      [
        0,
        27,
        17,
        0,
        167,
        1,
        0,
        0,
        0,
        0
      ],
      [
        2,
        8,
        5,
        0,
        63,
        0,
        0,
        0,
        0,
        0
      ],
      [
        0,
        2,
        1,
        0,
        32,
        1,
        0,
        0,
        0,
        0
      ],
      [
        0,
        0,
        0,
        0,
        10,
        0,
        0,
        0,
        0,
        0
      ],
      [
        0,
        1,
        0,
        0,
        5,
        0,
        0,
        0,
        0,
        0
      ]
    ]
  },
  "bias": [
    0.0625,
    0.0,
    0.0,
    -1.0,
    0.25,
    -0.25,
    0.0,
    0.0,
    0.0,
    0.0
  ]
}