{
  "thresholds": [
    0.7066666483879089,
    2.592944383621216,
    2.6285080909729004,
    2.849599838256836,
    4.599999904632568,
    5.599999904632568,
    6.5,
    7.5,
    8.5
  ],
  "test": {
    "exact_acc": 0.4658719790986284,
    "micro_f1": 0.4658719790986284,
    "relaxed_acc": 0.7986610058785107,
    "within2_acc": 0.9163945133899413,
    "macro_f1": 0.17198561247689026,
    "weighted_f1": 0.41004276701880576,
    "rare_f1_5_9": 0.0162962962962963,
    "rare_recall_5_9": 0.010377358490566039,
    "rare_precision_5_9": 0.03793103448275862,
    "mse_argmax": 1.7511430437622468,
    "rmse_argmax": 1.3233076149415324,
    "mae_argmax": 0.8445460483344219,
    "mse_expected": 1.2830694300331762,
    "rmse_expected": 1.1327265468916918,
    "mae_expected": 0.8058588204168776,
    "confusion_matrix": [
      [
        1631,
        369,
        1,
        6,
        24,
        1,
        0,
        0,
        0,
        0
      ],
      [
        714,
        852,
        6,
        35,
        84,
        0,
        0,
        0,
        0,
        0
      ],
      [
        113,
        489,
        11,
        49,
        143,
        4,
        0,
        0,
        0,
        0
      ],
      [
        26,
        338,
        10,
        33,
        202,
        6,
        0,
        0,
        0,
        0
      ],
      [
        12,
        238,
        11,
        43,
        315,
        16,
        0,
        0,
        0,
        0
      ],
      [
        1,
        53,
        1,
        15,
        131,
        11,
        0,
        0,
        0,
        0
      ],
      [
        1,
        12,
        0,
        4,
        52,
        9,
        0,
        0,
        0,
        0
      ],
      [
        0,
        3,
        0,
        2,
        24,
        7,
        0,
        0,
        0,
        0
      ],
      [
        0,
        0,
        0,
        1,
        5,
        4,
        0,
        0,
        0,
        0
      ],
      [
        0,
        2,
        0,
        0,
        4,
        0,
        0,
        0,
        0,
        0
      ]
    ]
  }
}