{
  "val": {
    "exact_acc": 0.4658093488467034,
    "micro_f1": 0.4658093488467034,
    "relaxed_acc": 0.7985303123086344,
    "within2_acc": 0.9122269850989998,
    "macro_f1": 0.18592825015031705,
    "weighted_f1": 0.4172388533919288,
    "rare_f1_5_9": 0.037209302325581395,
    "rare_recall_5_9": 0.02823529411764706,
    "rare_precision_5_9": 0.05454545454545454,
    "mse_argmax": 1.7744437640334763,
    "rmse_argmax": 1.332082491452191,
    "mae_argmax": 0.8493570116350275,
    "mse_expected": 1.3276803184806965,
    "rmse_expected": 1.1522501110786219,
    "mae_expected": 0.8295937922619135,
    "confusion_matrix": [
      [
        1278,
        313,
        13,
        0,
        22,
        0,
        0,
        0,
        0,
        0
      ],
      [
        560,
        659,
        46,
        0,
        81,
        6,
        0,
        0,
        0,
        0
      ],
      [
        93,
        387,
        56,
        0,
        107,
        4,
        0,
        0,
        0,
        0
      ],
      [
        25,
        242,
        35,
        5,
        164,
        21,
        0,
        0,
        0,
        0
      ],
      [
        12,
        179,
        39,
        0,
        260,
        18,
        0,
        0,
        0,
        0
      ],
      [
        3,
        30,
        13,
        0,
        100,
        24,
        0,
        0,
        0,
        0
      ],
      [
        0,
        13,
        3,
        0,
        39,
        7,
        0,
        0,
        0,
        0
      ],
      [
        0,
        1,
        0,
        0,
        25,
        3,
        0,
        0,
        0,
        0
      ],
      [
        0,
        1,
        0,
        0,
        3,
        4,
        0,
        0,
        0,
        0
      ],
      [
        0,
        1,
        0,
        0,
        3,
        1,
        0,
        0,
        0,
        0
      ]
    ]
  },
  "test": {
    "exact_acc": 0.4676681907250163,
    "micro_f1": 0.4676681907250163,
    "relaxed_acc": 0.7953951665578054,
    "within2_acc": 0.91263879817113,
    "macro_f1": 0.17730159448111196,
    "weighted_f1": 0.41673151652773616,
    "rare_f1_5_9": 0.023529411764705882,
    "rare_recall_5_9": 0.016981132075471698,
    "rare_precision_5_9": 0.03829787234042553,
    "mse_argmax": 1.7939255388634878,
    "rmse_argmax": 1.3393750553386783,
    "mae_argmax": 0.8517308948399739,
    "mse_expected": 1.2937376654477855,
    "rmse_expected": 1.1374258944862234,
    "mae_expected": 0.8126734212374863,
    "confusion_matrix": [
      [
        1614,
        374,
        13,
        0,
        30,
        1,
        0,
        0,
        0,
        0
      ],
      [
        691,
        844,
        53,
        0,
        101,
        2,
        0,
        0,
        0,
        0
      ],
      [
        108,
        457,
        69,
        0,
        167,
        8,
        0,
        0,
        0,
        0
      ],
      [
        31,
        307,
        56,
        0,
        209,
        12,
        0,
        0,
        0,
        0
      ],
      [
        12,
        227,
        49,
        0,
        319,
        28,
        0,
        0,
        0,
        0
      ],
      [
        1,
        48,
        16,
        0,
        129,
        18,
        0,
        0,
        0,
        0
      ],
      [
        1,
        14,
        1,
        0,
        52,
        10,
        0,
        0,
        0,
        0
      ],
      [
        0,
        5,
        1,
        0,
        20,
        10,
        0,
        0,
        0,
        0
      ],
      [
        0,
        0,
        0,
        0,
        6,
        4,
        0,
        0,
        0,
        0
      ],
      [
        0,
        2,
        0,
        0,
        3,
        1,
        0,
        0,
        0,
        0
      ]
    ]
  },
  "bias": [
    0.65625,
    0.75,
    0.4375,
    -0.5,
    0.0,
    0.375,
    0.0,
    0.0,
    0.0,
    0.0
  ]
}