{
  "val": {
    "exact_acc": 0.45499081445192896,
    "micro_f1": 0.45499081445192896,
    "relaxed_acc": 0.7987344355991018,
    "within2_acc": 0.9081445192896509,
    "macro_f1": 0.17247036707479693,
    "weighted_f1": 0.41101598943887113,
    "rare_f1_5_9": 0.010416666666666668,
    "rare_recall_5_9": 0.0058823529411764705,
    "rare_precision_5_9": 0.045454545454545456,
    "mse_argmax": 1.820983874260053,
    "rmse_argmax": 1.3494383551166955,
    "mae_argmax": 0.8660951214533579,
    "mse_expected": 1.3193549639385345,
    "rmse_expected": 1.148631779091339,
    "mae_expected": 0.8262471773484228,
    "confusion_matrix": [
      [
        1108,
        470,
        11,
        1,
        35,
        1,
        0,
        0,
        0,
        0
      ],
      [
        416,
        753,
        44,
        0,
        137,
        2,
        0,
        0,
        0,
        0
      ],
      [
        60,
        376,
        39,
        10,
        160,
        2,
        0,
        0,
        0,
        0
      ],
      [
        11,
        225,
        27,
        12,
        211,
        6,
        0,
        0,
        0,
        0
      ],
      [
        11,
        157,
        20,
        6,
        312,
        2,
        0,
        0,
        0,
        0
      ],
      [
        3,
        31,
        6,
        2,
        122,
        5,
        0,
        0,
        1,
        0
      ],
      [
        0,
        10,
        0,
        2,
        50,
        0,
        0,
        0,
        0,
        0
      ],
      [
        0,
        2,
        0,
        0,
        25,
        2,
        0,
        0,
        0,
        0
      ],
      [
        0,
        1,
        1,
        0,
        5,
        1,
        0,
        0,
        0,
        0
      ],
      [
        0,
        1,
        0,
        0,
        3,
        1,
        0,
        0,
        0,
        0
      ]
    ]
  },
  "test": {
    "exact_acc": 0.46538210320052253,
    "micro_f1": 0.46538210320052253,
    "relaxed_acc": 0.7937622468974527,
    "within2_acc": 0.9049640757674723,
    "macro_f1": 0.1723201282896311,
    "weighted_f1": 0.4193851076914102,
    "rare_f1_5_9": 0.008547008547008548,
    "rare_recall_5_9": 0.004716981132075472,
    "rare_precision_5_9": 0.045454545454545456,
    "mse_argmax": 1.8643043762246898,
    "rmse_argmax": 1.3653953186622143,
    "mae_argmax": 0.866263879817113,
    "mse_expected": 1.2849787402914692,
    "rmse_expected": 1.133569027581236,
    "mae_expected": 0.8081102147700522,
    "confusion_matrix": [
      [
        1427,
        538,
        11,
        2,
        53,
        1,
        0,
        0,
        0,
        0
      ],
      [
        486,
        982,
        48,
        3,
        172,
        0,
        0,
        0,
        0,
        0
      ],
      [
        77,
        458,
        53,
        7,
        212,
        1,
        1,
        0,
        0,
        0
      ],
      [
        25,
        282,
        39,
        7,
        262,
        0,
        0,
        0,
        0,
        0
      ],
      [
        9,
        204,
        30,
        7,
        376,
        9,
        0,
        0,
        0,
        0
      ],
      [
        3,
        38,
        10,
        3,
        150,
        5,
        3,
        0,
        0,
        0
      ],
      [
        1,
        11,
        1,
        0,
        61,
        3,
        0,
        0,
        0,
        1
      ],
      [
        0,
        6,
        1,
        0,
        26,
        2,
        1,
        0,
        0,
        0
      ],
      [
        1,
        0,
        0,
        0,
        8,
        1,
        0,
        0,
        0,
        0
      ],
      [
        0,
        2,
        0,
        0,
        4,
        0,
        0,
        0,
        0,
        0
      ]
    ]
  },
  "bias": [
    0.34375,
    0.75,
    0.03125,
    -0.5,
    0.4375,
    -0.4375,
    -1.0,
    -0.5625,
    0.0,
    0.0
  ]
}