{
  "val": {
    "exact_acc": 0.4651969789753011,
    "micro_f1": 0.4651969789753011,
    "relaxed_acc": 0.8066952439273322,
    "within2_acc": 0.9189630536844254,
    "macro_f1": 0.1970944610367658,
    "weighted_f1": 0.4313891345419258,
    "rare_f1_5_9": 0.03962240402769037,
    "rare_recall_5_9": 0.02572008113590264,
    "rare_precision_5_9": 0.0894736842105263,
    "mse_argmax": 1.6966727903653807,
    "rmse_argmax": 1.3025639294734752,
    "mae_argmax": 0.8328230251071648,
    "mse_expected": 1.3148363180888092,
    "rmse_expected": 1.1466631231921647,
    "mae_expected": 0.8298689872227449,
    "confusion_matrix": [
      [
        1091,
        482,
        28,
        0,
        24,
        1,
        0,
        0,
        0,
        0
      ],
      [
        375,
        798,
        95,
        1,
        80,
        3,
        0,
        0,
        0,
        0
      ],
      [
        61,
        368,
        98,
        1,
        114,
        5,
        0,
        0,
        0,
        0
      ],
      [
        16,
        212,
        80,
        7,
        160,
        17,
        0,
        0,
        0,
        0
      ],
      [
        13,
        159,
        61,
        1,
        268,
        6,
        0,
        0,
        0,
        0
      ],
      [
        2,
        28,
        15,
        0,
        104,
        16,
        0,
        5,
        0,
        0
      ],
      [
        0,
        11,
        2,
        0,
        48,
        1,
        0,
        0,
        0,
        0
      ],
      [
        0,
        0,
        0,
        0,
        25,
        3,
        0,
        1,
        0,
        0
      ],
      [
        0,
        1,
        1,
        0,
        2,
        4,
        0,
        0,
        0,
        0
      ],
      [
        0,
        0,
        0,
        0,
        4,
        1,
        0,
        0,
        0,
        0
      ]
    ]
  },
  "test": {
    "exact_acc": 0.4704441541476159,
    "micro_f1": 0.4704441541476159,
    "relaxed_acc": 0.8045395166557805,
    "within2_acc": 0.9201502286087524,
    "macro_f1": 0.20065300279576337,
    "weighted_f1": 0.43456326646476773,
    "rare_f1_5_9": 0.051132376395534286,
    "rare_recall_5_9": 0.03270440251572327,
    "rare_precision_5_9": 0.12157534246575344,
    "mse_argmax": 1.7188112344872633,
    "rmse_argmax": 1.3110344139217944,
    "mae_argmax": 0.8318092749836709,
    "mse_expected": 1.2505764154378742,
    "rmse_expected": 1.1182917398594494,
    "mae_expected": 0.8019798128774607,
    "confusion_matrix": [
      [
        1382,
        575,
        35,
        0,
        38,
        2,
        0,
        0,
        0,
        0
      ],
      [
        430,
        1043,
        127,
        2,
        87,
        2,
        0,
        0,
        0,
        0
      ],
      [
        87,
        437,
        116,
        0,
        163,
        5,
        1,
        0,
        0,
        0
      ],
      [
        29,
        272,
        89,
        2,
        217,
        5,
        0,
        1,
        0,
        0
      ],
      [
        14,
        190,
        86,
        1,
        318,
        24,
        0,
        2,
        0,
        0
      ],
      [
        2,
        37,
        21,
        0,
        133,
        17,
        2,
        0,
        0,
        0
      ],
      [
        0,
        11,
        6,
        0,
        51,
        8,
        0,
        2,
        0,
        0
      ],
      [
        0,
        3,
        1,
        0,
        21,
        7,
        1,
        3,
        0,
        0
      ],
      [
        1,
        0,
        0,
        0,
        6,
        3,
        0,
        0,
        0,
        0
      ],
      [
        0,
        0,
        1,
        0,
        5,
        0,
        0,
        0,
        0,
        0
      ]
    ]
  },
  "bias": [
    0.03125,
    0.25,
    0.03125,
    -1.0,
    0.3125,
    0.0625,
    -0.5,
    0.5,
    0.0,
    0.0
  ]
}