{
  "val": {
    "exact_acc": 0.4527454582567871,
    "micro_f1": 0.4527454582567871,
    "relaxed_acc": 0.7985303123086344,
    "within2_acc": 0.9110022453561951,
    "macro_f1": 0.20371105003519716,
    "weighted_f1": 0.4215275666179377,
    "rare_f1_5_9": 0.04744905812789237,
    "rare_recall_5_9": 0.034769351567100704,
    "rare_precision_5_9": 0.27051282051282055,
    "mse_argmax": 1.8409879567258625,
    "rmse_argmax": 1.3568301134356735,
    "mae_argmax": 0.8701775872627067,
    "mse_expected": 1.384042202341075,
    "rmse_expected": 1.1764532299845476,
    "mae_expected": 0.8445326197457664,
    "confusion_matrix": [
      [
        1169,
        397,
        22,
        9,
        29,
        0,
        0,
        0,
        0,
        0
      ],
      [
        492,
        669,
        84,
        16,
        88,
        0,
        3,
        0,
        0,
        0
      ],
      [
        96,
        329,
        81,
        25,
        112,
        0,
        4,
        0,
        0,
        0
      ],
      [
        36,
        192,
        59,
        49,
        148,
        0,
        4,
        4,
        0,
        0
      ],
      [
        31,
        136,
        46,
        43,
        242,
        0,
        9,
        1,
        0,
        0
      ],
      [
        6,
        32,
        9,
        9,
        103,
        1,
        7,
        3,
        0,
        0
      ],
      [
        1,
        7,
        2,
        5,
        43,
        0,
        4,
        0,
        0,
        0
      ],
      [
        0,
        1,
        0,
        0,
        20,
        0,
        5,
        3,
        0,
        0
      ],
      [
        1,
        1,
        0,
        0,
        2,
        0,
        3,
        1,
        0,
        0
      ],
      [
        0,
        0,
        0,
        0,
        4,
        0,
        0,
        0,
        1,
        0
      ]
    ]
  },
  "test": {
    "exact_acc": 0.4516655780535598,
    "micro_f1": 0.4516655780535598,
    "relaxed_acc": 0.7952318745917701,
    "within2_acc": 0.9137818419333769,
    "macro_f1": 0.198730112127855,
    "weighted_f1": 0.41777038899046254,
    "rare_f1_5_9": 0.051461224148061535,
    "rare_recall_5_9": 0.03812288340590227,
    "rare_precision_5_9": 0.18363636363636365,
    "mse_argmax": 1.8621815806662312,
    "rmse_argmax": 1.36461774159148,
    "mae_argmax": 0.8736120182887002,
    "mse_expected": 1.3221691783850855,
    "rmse_expected": 1.1498561555190656,
    "mae_expected": 0.8168565913162206,
    "confusion_matrix": [
      [
        1452,
        502,
        23,
        12,
        41,
        0,
        2,
        0,
        0,
        0
      ],
      [
        591,
        871,
        106,
        24,
        97,
        0,
        2,
        0,
        0,
        0
      ],
      [
        126,
        392,
        101,
        30,
        155,
        0,
        3,
        2,
        0,
        0
      ],
      [
        43,
        250,
        71,
        29,
        214,
        1,
        7,
        0,
        0,
        0
      ],
      [
        25,
        177,
        66,
        50,
        301,
        0,
        12,
        3,
        0,
        1
      ],
      [
        5,
        31,
        20,
        16,
        128,
        1,
        11,
        0,
        0,
        0
      ],
      [
        3,
        8,
        5,
        2,
        49,
        0,
        8,
        3,
        0,
        0
      ],
      [
        2,
        6,
        0,
        2,
        17,
        0,
        6,
        3,
        0,
        0
      ],
      [
        1,
        0,
        1,
        0,
        4,
        0,
        4,
        0,
        0,
        0
      ],
      [
        0,
        0,
        1,
        0,
        5,
        0,
        0,
        0,
        0,
        0
      ]
    ]
  },
  "bias": [
    0.0,
    0.0,
    -0.375,
    -0.625,
    0.03125,
    -1.625,
    0.375,
    0.375,
    0.0,
    0.0
  ]
}