{
  "thresholds": [
    0.7666147947311401,
    2.7610177993774414,
    2.8242857456207275,
    2.8565926551818848,
    5.686455249786377,
    6.208889484405518,
    6.696372032165527,
    7.5511040687561035,
    8.713929176330566
  ],
  "test": {
    "exact_acc": 0.4634225996080993,
    "micro_f1": 0.4634225996080993,
    "relaxed_acc": 0.7882103200522534,
    "within2_acc": 0.9021881123448726,
    "macro_f1": 0.15733688304944987,
    "weighted_f1": 0.3994972167066919,
    "rare_f1_5_9": 0.0018264840182648401,
    "rare_recall_5_9": 0.0009433962264150943,
    "rare_precision_5_9": 0.02857142857142857,
    "mse_argmax": 1.9199869366427171,
    "rmse_argmax": 1.3856359322140563,
    "mae_argmax": 0.8794905290659699,
    "mse_expected": 1.3576711474653094,
    "rmse_expected": 1.1651914638656213,
    "mae_expected": 0.8220220692274384,
    "confusion_matrix": [
      [
        1616,
        380,
        2,
        1,
        33,
        0,
        0,
        0,
        0,
        0
      ],
      [
        700,
        886,
        6,
        7,
        92,
        0,
        0,
        0,
        0,
        0
      ],
      [
        100,
        544,
        16,
        2,
        147,
        0,
        0,
        0,
        0,
        0
      ],
      [
        33,
        363,
        4,
        4,
        211,
        0,
        0,
        0,
        0,
        0
      ],
      [
        14,
        286,
        15,
        1,
        315,
        4,
        0,
        0,
        0,
        0
      ],
      [
        1,
        67,
        4,
        4,
        135,
        1,
        0,
        0,
        0,
        0
      ],
      [
        1,
        15,
        0,
        1,
        59,
        1,
        0,
        1,
        0,
        0
      ],
      [
        0,
        7,
        0,
        0,
        28,
        1,
        0,
        0,
        0,
        0
      ],
      [
        0,
        1,
        0,
        0,
        9,
        0,
        0,
        0,
        0,
        0
      ],
      [
        0,
        3,
        0,
        0,
        3,
        0,
        0,
        0,
        0,
        0
      ]
    ]
  }
}