{
  "val": {
    "exact_acc": 0.44519289650949173,
    "micro_f1": 0.44519289650949173,
    "relaxed_acc": 0.7830169422331088,
    "within2_acc": 0.8946723821187997,
    "macro_f1": 0.1638293036304648,
    "weighted_f1": 0.3928243451917738,
    "rare_f1_5_9": 0.018018018018018018,
    "rare_recall_5_9": 0.011764705882352941,
    "rare_precision_5_9": 0.038461538461538464,
    "mse_argmax": 1.991630945090835,
    "rmse_argmax": 1.411251552732834,
    "mae_argmax": 0.9118187385180649,
    "mse_expected": 1.4619578361059307,
    "rmse_expected": 1.2091144842842347,
    "mae_expected": 0.8577909462800499,
    "confusion_matrix": [
      [
        1058,
        534,
        2,
        0,
        30,
        2,
        0,
        0,
        0,
        0
      ],
      [
        390,
        819,
        2,
        2,
        134,
        5,
        0,
        0,
        0,
        0
      ],
      [
        83,
        412,
        8,
        2,
        138,
        4,
        0,
        0,
        0,
        0
      ],
      [
        22,
        252,
        3,
        8,
        193,
        13,
        1,
        0,
        0,
        0
      ],
      [
        20,
        191,
        3,
        1,
        278,
        10,
        3,
        1,
        0,
        1
      ],
      [
        6,
        44,
        1,
        0,
        105,
        10,
        1,
        2,
        1,
        0
      ],
      [
        0,
        15,
        0,
        0,
        46,
        1,
        0,
        0,
        0,
        0
      ],
      [
        0,
        2,
        0,
        0,
        23,
        3,
        1,
        0,
        0,
        0
      ],
      [
        0,
        1,
        0,
        0,
        4,
        3,
        0,
        0,
        0,
        0
      ],
      [
        0,
        0,
        0,
        0,
        4,
        1,
        0,
        0,
        0,
        0
      ]
    ]
  },
  "test": {
    "exact_acc": 0.44790986283474854,
    "micro_f1": 0.44790986283474854,
    "relaxed_acc": 0.7844546048334422,
    "within2_acc": 0.8941868060091444,
    "macro_f1": 0.16195232370713003,
    "weighted_f1": 0.39506254084294795,
    "rare_f1_5_9": 0.017518248175182483,
    "rare_recall_5_9": 0.011320754716981133,
    "rare_precision_5_9": 0.03870967741935484,
    "mse_argmax": 2.017635532331809,
    "rmse_argmax": 1.4204349799733211,
    "mae_argmax": 0.9105160026126714,
    "mse_expected": 1.4240096985867645,
    "rmse_expected": 1.1933187749242717,
    "mae_expected": 0.8358529007779923,
    "confusion_matrix": [
      [
        1327,
        658,
        2,
        1,
        43,
        1,
        0,
        0,
        0,
        0
      ],
      [
        463,
        1055,
        10,
        1,
        157,
        5,
        0,
        0,
        0,
        0
      ],
      [
        108,
        487,
        14,
        1,
        190,
        8,
        1,
        0,
        0,
        0
      ],
      [
        37,
        299,
        9,
        2,
        263,
        5,
        0,
        0,
        0,
        0
      ],
      [
        20,
        241,
        10,
        1,
        333,
        24,
        1,
        3,
        1,
        1
      ],
      [
        2,
        55,
        3,
        0,
        136,
        12,
        3,
        1,
        0,
        0
      ],
      [
        2,
        15,
        0,
        1,
        54,
        5,
        0,
        0,
        0,
        1
      ],
      [
        1,
        6,
        0,
        1,
        26,
        1,
        1,
        0,
        0,
        0
      ],
      [
        1,
        1,
        0,
        0,
        8,
        0,
        0,
        0,
        0,
        0
      ],
      [
        1,
        1,
        0,
        0,
        3,
        1,
        0,
        0,
        0,
        0
      ]
    ]
  },
  "bias": [
    0.4375,
    1.0,
    -1.0,
    -1.5,
    0.4375,
    -0.5,
    -1.0,
    -0.5,
    -0.5,
    0.0
  ]
}