{
  "val": {
    "exact_acc": 0.4662175954276383,
    "micro_f1": 0.4662175954276383,
    "relaxed_acc": 0.8015921616656461,
    "within2_acc": 0.9089610124515207,
    "macro_f1": 0.1803415357687328,
    "weighted_f1": 0.40345673210667793,
    "rare_f1_5_9": 0.04541901867129831,
    "rare_recall_5_9": 0.03464503042596349,
    "rare_precision_5_9": 0.10666666666666666,
    "mse_argmax": 1.7834251888140438,
    "rmse_argmax": 1.3354494332673341,
    "mae_argmax": 0.8493570116350275,
    "mse_expected": 1.2989746183063662,
    "rmse_expected": 1.139725676777691,
    "mae_expected": 0.8169628397300587,
    "confusion_matrix": [
      [
        1208,
        392,
        0,
        0,
        26,
        0,
        0,
        0,
        0,
        0
      ],
      [
        490,
        772,
        0,
        0,
        90,
        0,
        0,
        0,
        0,
        0
      ],
      [
        74,
        446,
        1,
        0,
        124,
        2,
        0,
        0,
        0,
        0
      ],
      [
        22,
        269,
        0,
        5,
        190,
        3,
        1,
        2,
        0,
        0
      ],
      [
        10,
        205,
        0,
        0,
        288,
        5,
        0,
        0,
        0,
        0
      ],
      [
        2,
        40,
        0,
        0,
        114,
        6,
        0,
        8,
        0,
        0
      ],
      [
        2,
        10,
        0,
        1,
        46,
        1,
        0,
        2,
        0,
        0
      ],
      [
        0,
        1,
        0,
        0,
        24,
        0,
        0,
        4,
        0,
        0
      ],
      [
        0,
        1,
        0,
        0,
        2,
        1,
        1,
        3,
        0,
        0
      ],
      [
        0,
        1,
        0,
        0,
        3,
        0,
        0,
        1,
        0,
        0
      ]
    ]
  },
  "test": {
    "exact_acc": 0.47664924885695625,
    "micro_f1": 0.47664924885695625,
    "relaxed_acc": 0.8017635532331809,
    "within2_acc": 0.9105160026126714,
    "macro_f1": 0.18405799408889228,
    "weighted_f1": 0.41077843122975305,
    "rare_f1_5_9": 0.05108344859382204,
    "rare_recall_5_9": 0.03710691823899371,
    "rare_precision_5_9": 0.09425287356321839,
    "mse_argmax": 1.7695950359242325,
    "rmse_argmax": 1.3302612660392066,
    "mae_argmax": 0.8378510777269759,
    "mse_expected": 1.2387876076047664,
    "rmse_expected": 1.1130083591800946,
    "mae_expected": 0.7907638909335938,
    "confusion_matrix": [
      [
        1540,
        458,
        1,
        0,
        31,
        2,
        0,
        0,
        0,
        0
      ],
      [
        576,
        1011,
        0,
        0,
        103,
        1,
        0,
        0,
        0,
        0
      ],
      [
        104,
        526,
        3,
        0,
        175,
        1,
        0,
        0,
        0,
        0
      ],
      [
        37,
        323,
        0,
        0,
        251,
        3,
        0,
        1,
        0,
        0
      ],
      [
        14,
        253,
        0,
        0,
        355,
        9,
        0,
        4,
        0,
        0
      ],
      [
        2,
        44,
        0,
        0,
        158,
        4,
        2,
        2,
        0,
        0
      ],
      [
        3,
        12,
        0,
        0,
        56,
        5,
        0,
        2,
        0,
        0
      ],
      [
        0,
        4,
        0,
        0,
        23,
        2,
        1,
        6,
        0,
        0
      ],
      [
        0,
        0,
        0,
        0,
        6,
        1,
        0,
        3,
        0,
        0
      ],
      [
        0,
        1,
        0,
        0,
        4,
        1,
        0,
        0,
        0,
        0
      ]
    ]
  },
  "bias": [
    0.09375,
    0.0,
    -1.0,
    -1.0,
    0.0,
    0.0,
    0.0,
    1.0,
    0.0,
    0.0
  ]
}