{
  "thresholds": [
    0.5422882437705994,
    2.1715400218963623,
    2.389724016189575,
    2.7286345958709717,
    4.987448215484619,
    6.2221903800964355,
    6.542861461639404,
    7.521285533905029,
    8.578808784484863
  ],
  "test": {
    "exact_acc": 0.4761593729588504,
    "micro_f1": 0.4761593729588504,
    "relaxed_acc": 0.8081319399085565,
    "within2_acc": 0.92472240365774,
    "macro_f1": 0.18941509464792677,
    "weighted_f1": 0.4418226702051398,
    "rare_f1_5_9": 0.01129032258064516,
    "rare_recall_5_9": 0.006603773584905661,
    "rare_precision_5_9": 0.03888888888888889,
    "mse_argmax": 1.6562704114957545,
    "rmse_argmax": 1.2869616977578449,
    "mae_argmax": 0.8140104506858262,
    "mse_expected": 1.3298089362724494,
    "rmse_expected": 1.153173419860365,
    "mae_expected": 0.814041809694678,
    "confusion_matrix": [
      [
        1421,
        544,
        13,
        15,
        38,
        1,
        0,
        0,
        0,
        0
      ],
      [
        454,
        1016,
        44,
        54,
        123,
        0,
        0,
        0,
        0,
        0
      ],
      [
        68,
        434,
        59,
        58,
        187,
        3,
        0,
        0,
        0,
        0
      ],
      [
        13,
        270,
        33,
        58,
        240,
        1,
        0,
        0,
        0,
        0
      ],
      [
        7,
        164,
        40,
        56,
        355,
        13,
        0,
        0,
        0,
        0
      ],
      [
        0,
        27,
        9,
        19,
        150,
        7,
        0,
        0,
        0,
        0
      ],
      [
        1,
        8,
        2,
        2,
        58,
        6,
        0,
        1,
        0,
        0
      ],
      [
        0,
        4,
        1,
        1,
        26,
        4,
        0,
        0,
        0,
        0
      ],
      [
        1,
        0,
        0,
        0,
        8,
        1,
        0,
        0,
        0,
        0
      ],
      [
        0,
        2,
        0,
        0,
        4,
        0,
        0,
        0,
        0,
        0
      ]
    ]
  }
}