{
  "thresholds": [
    0.5849109888076782,
    2.4455406665802,
    2.4717090129852295,
    2.5119171142578125,
    4.81076717376709,
    6.490467071533203,
    7.424553871154785,
    7.424553871154785,
    8.159889221191406
  ],
  "test": {
    "exact_acc": 0.4779555845852384,
    "micro_f1": 0.4779555845852384,
    "relaxed_acc": 0.8050293925538864,
    "within2_acc": 0.9165578053559765,
    "macro_f1": 0.1660086226337154,
    "weighted_f1": 0.41790070385694,
    "rare_f1_5_9": 0.0032388663967611335,
    "rare_recall_5_9": 0.0018867924528301887,
    "rare_precision_5_9": 0.011428571428571429,
    "mse_argmax": 1.7075440888308295,
    "rmse_argmax": 1.3067303045505716,
    "mae_argmax": 0.8251143043762247,
    "mse_expected": 1.2904443578695641,
    "rmse_expected": 1.135977269961668,
    "mae_expected": 0.8060709978568895,
    "confusion_matrix": [
      [
        1422,
        569,
        3,
        1,
        36,
        1,
        0,
        0,
        0,
        0
      ],
      [
        454,
        1130,
        5,
        7,
        95,
        0,
        0,
        0,
        0,
        0
      ],
      [
        64,
        559,
        3,
        5,
        177,
        1,
        0,
        0,
        0,
        0
      ],
      [
        15,
        358,
        1,
        10,
        228,
        3,
        0,
        0,
        0,
        0
      ],
      [
        7,
        242,
        9,
        10,
        360,
        7,
        0,
        0,
        0,
        0
      ],
      [
        1,
        52,
        1,
        0,
        156,
        2,
        0,
        0,
        0,
        0
      ],
      [
        1,
        14,
        0,
        0,
        54,
        9,
        0,
        0,
        0,
        0
      ],
      [
        0,
        0,
        0,
        0,
        28,
        8,
        0,
        0,
        0,
        0
      ],
      [
        0,
        0,
        0,
        0,
        7,
        3,
        0,
        0,
        0,
        0
      ],
      [
        0,
        1,
        0,
        0,
        4,
        1,
        0,
        0,
        0,
        0
      ]
    ]
  }
}