{
  "thresholds": [
    0.4621793329715729,
    2.0469937324523926,
    3.026580572128296,
    3.502375841140747,
    5.020733833312988,
    6.019959449768066,
    6.999993324279785,
    7.527799606323242,
    7.745745658874512
  ],
  "test": {
    "exact_acc": 0.42015022860875245,
    "micro_f1": 0.42015022860875245,
    "relaxed_acc": 0.757184846505552,
    "within2_acc": 0.8829196603527106,
    "macro_f1": 0.16950903755161936,
    "weighted_f1": 0.38849351450148123,
    "rare_f1_5_9": 0.029960715513717078,
    "rare_recall_5_9": 0.02011772294791163,
    "rare_precision_5_9": 0.06040601023017903,
    "mse_argmax": 2.331319399085565,
    "rmse_argmax": 1.526865874622118,
    "mae_argmax": 0.994611365120836,
    "mse_expected": 2.3086030846549868,
    "rmse_expected": 1.5194087944509822,
    "mae_expected": 1.0163326879192376,
    "confusion_matrix": [
      [
        1367,
        568,
        45,
        0,
        49,
        2,
        0,
        1,
        0,
        0
      ],
      [
        567,
        838,
        142,
        0,
        138,
        5,
        1,
        0,
        0,
        0
      ],
      [
        137,
        384,
        125,
        0,
        147,
        9,
        3,
        1,
        0,
        3
      ],
      [
        54,
        258,
        120,
        0,
        165,
        11,
        4,
        0,
        0,
        3
      ],
      [
        45,
        201,
        118,
        0,
        230,
        19,
        9,
        7,
        0,
        6
      ],
      [
        5,
        53,
        48,
        0,
        86,
        10,
        2,
        3,
        0,
        5
      ],
      [
        1,
        12,
        13,
        0,
        40,
        5,
        2,
        4,
        0,
        1
      ],
      [
        3,
        4,
        6,
        0,
        18,
        2,
        2,
        1,
        0,
        0
      ],
      [
        1,
        3,
        1,
        0,
        4,
        1,
        0,
        0,
        0,
        0
      ],
      [
        1,
        1,
        1,
        0,
        3,
        0,
        0,
        0,
        0,
        0
      ]
    ]
  }
}