{
  "val": {
    "exact_acc": 0.44764237599510104,
    "micro_f1": 0.44764237599510104,
    "relaxed_acc": 0.7803633394570321,
    "within2_acc": 0.8956929985711369,
    "macro_f1": 0.16048389553305012,
    "weighted_f1": 0.39162704576934937,
    "rare_f1_5_9": 0.0125,
    "rare_recall_5_9": 0.007058823529411765,
    "rare_precision_5_9": 0.05454545454545454,
    "mse_argmax": 2.031843233312921,
    "rmse_argmax": 1.4254273861943725,
    "mae_argmax": 0.9152888344560114,
    "mse_expected": 1.472106462052641,
    "rmse_expected": 1.213303944629144,
    "mae_expected": 0.8622058178404763,
    "confusion_matrix": [
      [
        1108,
        487,
        3,
        0,
        27,
        1,
        0,
        0,
        0,
        0
      ],
      [
        431,
        800,
        12,
        1,
        106,
        1,
        0,
        1,
        0,
        0
      ],
      [
        97,
        413,
        10,
        1,
        124,
        2,
        0,
        0,
        0,
        0
      ],
      [
        24,
        280,
        3,
        5,
        176,
        4,
        0,
        0,
        0,
        0
      ],
      [
        25,
        207,
        6,
        0,
        264,
        3,
        1,
        1,
        0,
        1
      ],
      [
        5,
        52,
        0,
        0,
        103,
        6,
        0,
        3,
        1,
        0
      ],
      [
        0,
        17,
        0,
        0,
        45,
        0,
        0,
        0,
        0,
        0
      ],
      [
        0,
        4,
        0,
        0,
        23,
        1,
        1,
        0,
        0,
        0
      ],
      [
        0,
        2,
        0,
        0,
        3,
        3,
        0,
        0,
        0,
        0
      ],
      [
        0,
        1,
        0,
        0,
        3,
        1,
        0,
        0,
        0,
        0
      ]
    ]
  },
  "test": {
    "exact_acc": 0.4503592423252776,
    "micro_f1": 0.4503592423252776,
    "relaxed_acc": 0.7805355976485957,
    "within2_acc": 0.8891247550620509,
    "macro_f1": 0.16935730334354476,
    "weighted_f1": 0.39490426358733566,
    "rare_f1_5_9": 0.03398537838371864,
    "rare_recall_5_9": 0.019601677148846957,
    "rare_precision_5_9": 0.12873563218390804,
    "mse_argmax": 2.096995427824951,
    "rmse_argmax": 1.4481006276585033,
    "mae_argmax": 0.9225996080992815,
    "mse_expected": 1.4289430292460545,
    "rmse_expected": 1.1953840509418112,
    "mae_expected": 0.8368780288968443,
    "confusion_matrix": [
      [
        1383,
        606,
        3,
        1,
        38,
        0,
        0,
        1,
        0,
        0
      ],
      [
        503,
        1049,
        11,
        0,
        126,
        2,
        0,
        0,
        0,
        0
      ],
      [
        104,
        523,
        16,
        1,
        162,
        3,
        0,
        0,
        0,
        0
      ],
      [
        44,
        329,
        12,
        1,
        227,
        0,
        0,
        1,
        1,
        0
      ],
      [
        27,
        283,
        12,
        1,
        298,
        11,
        1,
        1,
        1,
        0
      ],
      [
        5,
        72,
        4,
        0,
        120,
        9,
        2,
        0,
        0,
        0
      ],
      [
        4,
        16,
        0,
        0,
        54,
        3,
        0,
        1,
        0,
        0
      ],
      [
        1,
        7,
        0,
        0,
        25,
        0,
        1,
        2,
        0,
        0
      ],
      [
        1,
        1,
        0,
        0,
        8,
        0,
        0,
        0,
        0,
        0
      ],
      [
        1,
        1,
        0,
        0,
        3,
        1,
        0,
        0,
        0,
        0
      ]
    ]
  },
  "bias": [
    0.5625,
    1.0,
    -0.625,
    -1.5,
    0.25,
    -0.875,
    -1.0,
    -0.25,
    0.0,
    0.0
  ]
}