{
  "val": {
    "exact_acc": 0.4651969789753011,
    "micro_f1": 0.4651969789753011,
    "relaxed_acc": 0.7991426821800367,
    "within2_acc": 0.9075321494182487,
    "macro_f1": 0.1678137036958971,
    "weighted_f1": 0.40194558181297435,
    "rare_f1_5_9": 0.022448979591836733,
    "rare_recall_5_9": 0.012941176470588237,
    "rare_precision_5_9": 0.08461538461538462,
    "mse_argmax": 1.77893447642376,
    "rmse_argmax": 1.3337670247924711,
    "mae_argmax": 0.8522147377015717,
    "mse_expected": 1.2687420243476704,
    "rmse_expected": 1.126384492235076,
    "mae_expected": 0.8186649229200542,
    "confusion_matrix": [
      [
        1232,
        347,
        0,
        0,
        47,
        0,
        0,
        0,
        0,
        0
      ],
      [
        514,
        690,
        0,
        0,
        148,
        0,
        0,
        0,
        0,
        0
      ],
      [
        82,
        393,
        0,
        0,
        172,
        0,
        0,
        0,
        0,
        0
      ],
      [
        22,
        220,
        0,
        5,
        242,
        3,
        0,
        0,
        0,
        0
      ],
      [
        8,
        158,
        0,
        0,
        341,
        1,
        0,
        0,
        0,
        0
      ],
      [
        3,
        20,
        0,
        0,
        136,
        11,
        0,
        0,
        0,
        0
      ],
      [
        2,
        7,
        0,
        0,
        50,
        3,
        0,
        0,
        0,
        0
      ],
      [
        0,
        0,
        0,
        0,
        25,
        4,
        0,
        0,
        0,
        0
      ],
      [
        0,
        1,
        0,
        0,
        4,
        3,
        0,
        0,
        0,
        0
      ],
      [
        0,
        0,
        0,
        0,
        4,
        1,
        0,
        0,
        0,
        0
      ]
    ]
  },
  "test": {
    "exact_acc": 0.4782821685173089,
    "micro_f1": 0.4782821685173089,
    "relaxed_acc": 0.798824297844546,
    "within2_acc": 0.9132919660352711,
    "macro_f1": 0.16448717327046364,
    "weighted_f1": 0.411964427263988,
    "rare_f1_5_9": 0.009561752988047808,
    "rare_recall_5_9": 0.0056603773584905665,
    "rare_precision_5_9": 0.03076923076923077,
    "mse_argmax": 1.7374265186152842,
    "rmse_argmax": 1.3181147592737457,
    "mae_argmax": 0.8334421946440235,
    "mse_expected": 1.2061356452006895,
    "rmse_expected": 1.0982420704019171,
    "mae_expected": 0.7904842571237846,
    "confusion_matrix": [
      [
        1577,
        406,
        1,
        0,
        46,
        2,
        0,
        0,
        0,
        0
      ],
      [
        609,
        920,
        0,
        0,
        162,
        0,
        0,
        0,
        0,
        0
      ],
      [
        97,
        458,
        3,
        0,
        250,
        1,
        0,
        0,
        0,
        0
      ],
      [
        30,
        282,
        0,
        0,
        300,
        3,
        0,
        0,
        0,
        0
      ],
      [
        13,
        192,
        0,
        0,
        423,
        7,
        0,
        0,
        0,
        0
      ],
      [
        1,
        30,
        0,
        0,
        175,
        6,
        0,
        0,
        0,
        0
      ],
      [
        1,
        10,
        0,
        0,
        59,
        8,
        0,
        0,
        0,
        0
      ],
      [
        0,
        2,
        0,
        0,
        25,
        9,
        0,
        0,
        0,
        0
      ],
      [
        0,
        0,
        0,
        0,
        8,
        2,
        0,
        0,
        0,
        0
      ],
      [
        0,
        1,
        0,
        0,
        4,
        1,
        0,
        0,
        0,
        0
      ]
    ]
  },
  "bias": [
    0.15625,
    0.0,
    -0.5,
    -0.5,
    0.5,
    0.75,
    0.0,
    0.0,
    0.0,
    0.0
  ]
}