{
  "thresholds": [
    0.7880000472068787,
    2.1010444164276123,
    2.5,
    3.009999990463257,
    4.429999828338623,
    6.25,
    6.5,
    7.5,
    8.5
  ],
  "test": {
    "exact_acc": 0.4464402351404311,
    "micro_f1": 0.4464402351404311,
    "relaxed_acc": 0.8016002612671457,
    "within2_acc": 0.9234160679294579,
    "macro_f1": 0.19253133107378795,
    "weighted_f1": 0.4143616752685638,
    "rare_f1_5_9": 0.04649405772495756,
    "rare_recall_5_9": 0.030761167553620385,
    "rare_precision_5_9": 0.2489795918367347,
    "mse_argmax": 1.7433050293925538,
    "rmse_argmax": 1.3203427696596646,
    "mae_argmax": 0.8563030698889614,
    "mse_expected": 1.414877343446775,
    "rmse_expected": 1.1894861678249038,
    "mae_expected": 0.8394225648936138,
    "confusion_matrix": [
      [
        1582,
        375,
        27,
        19,
        27,
        2,
        0,
        0,
        0,
        0
      ],
      [
        722,
        766,
        80,
        71,
        52,
        0,
        0,
        0,
        0,
        0
      ],
      [
        123,
        421,
        69,
        78,
        114,
        4,
        0,
        0,
        0,
        0
      ],
      [
        47,
        250,
        76,
        77,
        161,
        4,
        0,
        0,
        0,
        0
      ],
      [
        24,
        178,
        71,
        114,
        214,
        34,
        0,
        0,
        0,
        0
      ],
      [
        1,
        40,
        15,
        36,
        95,
        24,
        1,
        0,
        0,
        0
      ],
      [
        1,
        13,
        1,
        5,
        39,
        17,
        1,
        1,
        0,
        0
      ],
      [
        0,
        3,
        2,
        3,
        16,
        11,
        0,
        1,
        0,
        0
      ],
      [
        0,
        0,
        1,
        0,
        7,
        2,
        0,
        0,
        0,
        0
      ],
      [
        0,
        1,
        1,
        0,
        4,
        0,
        0,
        0,
        0,
        0
      ]
    ]
  }
}