{
  "val": {
    "exact_acc": 0.4294754031434987,
    "micro_f1": 0.4294754031434987,
    "relaxed_acc": 0.7703612982241274,
    "within2_acc": 0.8887528066952439,
    "macro_f1": 0.1787608285443151,
    "weighted_f1": 0.38935738500232425,
    "rare_f1_5_9": 0.04051577325439948,
    "rare_recall_5_9": 0.03582150101419878,
    "rare_precision_5_9": 0.06256410256410257,
    "mse_argmax": 2.186364564196775,
    "rmse_argmax": 1.478636048592342,
    "mae_argmax": 0.9587670953255767,
    "mse_expected": 1.6524514255144522,
    "rmse_expected": 1.2854771197942234,
    "mae_expected": 0.9030439128357249,
    "confusion_matrix": [
      [
        1080,
        496,
        11,
        7,
        28,
        2,
        0,
        2,
        0,
        0
      ],
      [
        450,
        740,
        38,
        22,
        94,
        3,
        0,
        5,
        0,
        0
      ],
      [
        103,
        384,
        23,
        11,
        121,
        4,
        0,
        1,
        0,
        0
      ],
      [
        51,
        231,
        27,
        33,
        134,
        12,
        0,
        4,
        0,
        0
      ],
      [
        38,
        192,
        20,
        30,
        217,
        7,
        0,
        1,
        1,
        2
      ],
      [
        7,
        46,
        7,
        8,
        87,
        7,
        0,
        8,
        0,
        0
      ],
      [
        3,
        9,
        1,
        2,
        43,
        1,
        0,
        3,
        0,
        0
      ],
      [
        1,
        2,
        1,
        0,
        20,
        1,
        0,
        4,
        0,
        0
      ],
      [
        1,
        1,
        2,
        0,
        1,
        1,
        0,
        2,
        0,
        0
      ],
      [
        0,
        0,
        0,
        0,
        4,
        1,
        0,
        0,
        0,
        0
      ]
    ]
  },
  "test": {
    "exact_acc": 0.4317439581972567,
    "micro_f1": 0.4317439581972567,
    "relaxed_acc": 0.7766165904637492,
    "within2_acc": 0.8878184193337688,
    "macro_f1": 0.17484117761638146,
    "weighted_f1": 0.39042613782730023,
    "rare_f1_5_9": 0.04051282051282051,
    "rare_recall_5_9": 0.03626834381551362,
    "rare_precision_5_9": 0.06314102564102564,
    "mse_argmax": 2.1502286087524496,
    "rmse_argmax": 1.4663657827269598,
    "mae_argmax": 0.9490529065969955,
    "mse_expected": 1.5563837889450867,
    "rmse_expected": 1.247551116766398,
    "mae_expected": 0.8767976804425658,
    "confusion_matrix": [
      [
        1361,
        612,
        13,
        10,
        35,
        1,
        0,
        0,
        0,
        0
      ],
      [
        546,
        965,
        45,
        18,
        113,
        2,
        0,
        2,
        0,
        0
      ],
      [
        123,
        459,
        32,
        26,
        158,
        7,
        0,
        3,
        0,
        1
      ],
      [
        59,
        279,
        35,
        27,
        212,
        1,
        0,
        2,
        0,
        0
      ],
      [
        48,
        246,
        28,
        34,
        245,
        20,
        0,
        12,
        1,
        1
      ],
      [
        9,
        56,
        13,
        13,
        107,
        9,
        0,
        5,
        0,
        0
      ],
      [
        5,
        10,
        2,
        6,
        40,
        5,
        0,
        9,
        0,
        1
      ],
      [
        1,
        6,
        3,
        1,
        17,
        2,
        0,
        5,
        0,
        1
      ],
      [
        1,
        0,
        1,
        1,
        4,
        1,
        0,
        1,
        0,
        1
      ],
      [
        0,
        0,
        1,
        1,
        4,
        0,
        0,
        0,
        0,
        0
      ]
    ]
  },
  "bias": [
    0.5,
    0.625,
    -0.5,
    -0.5,
    0.5625,
    -0.5,
    -1.5,
    0.5625,
    -0.5,
    0.0
  ]
}