{
  "val": {
    "exact_acc": 0.46091038987548477,
    "micro_f1": 0.46091038987548477,
    "relaxed_acc": 0.798326189018167,
    "within2_acc": 0.9099816289038579,
    "macro_f1": 0.168081667022784,
    "weighted_f1": 0.4121171307414271,
    "rare_f1_5_9": 0.0022988505747126436,
    "rare_recall_5_9": 0.001176470588235294,
    "rare_precision_5_9": 0.05,
    "mse_argmax": 1.7852622984282507,
    "rmse_argmax": 1.3361370807025192,
    "mae_argmax": 0.8560930802204532,
    "mse_expected": 1.3055670267837602,
    "rmse_expected": 1.1426141198076278,
    "mae_expected": 0.8220121169091935,
    "confusion_matrix": [
      [
        1198,
        372,
        12,
        0,
        44,
        0,
        0,
        0,
        0,
        0
      ],
      [
        475,
        668,
        40,
        1,
        167,
        1,
        0,
        0,
        0,
        0
      ],
      [
        77,
        336,
        45,
        1,
        187,
        1,
        0,
        0,
        0,
        0
      ],
      [
        17,
        181,
        32,
        7,
        254,
        1,
        0,
        0,
        0,
        0
      ],
      [
        12,
        125,
        32,
        0,
        339,
        0,
        0,
        0,
        0,
        0
      ],
      [
        2,
        20,
        3,
        1,
        143,
        1,
        0,
        0,
        0,
        0
      ],
      [
        0,
        9,
        0,
        0,
        53,
        0,
        0,
        0,
        0,
        0
      ],
      [
        0,
        1,
        0,
        0,
        28,
        0,
        0,
        0,
        0,
        0
      ],
      [
        0,
        1,
        0,
        0,
        5,
        0,
        2,
        0,
        0,
        0
      ],
      [
        0,
        1,
        0,
        0,
        4,
        0,
        0,
        0,
        0,
        0
      ]
    ]
  },
  "test": {
    "exact_acc": 0.4683213585891574,
    "micro_f1": 0.4683213585891574,
    "relaxed_acc": 0.792782495101241,
    "within2_acc": 0.9105160026126714,
    "macro_f1": 0.16793332614398457,
    "weighted_f1": 0.4176526129401597,
    "rare_f1_5_9": 0.0018099547511312218,
    "rare_recall_5_9": 0.0009433962264150943,
    "rare_precision_5_9": 0.02222222222222222,
    "mse_argmax": 1.7944154147615938,
    "rmse_argmax": 1.3395579176585064,
    "mae_argmax": 0.8538536903984324,
    "mse_expected": 1.265985784904652,
    "rmse_expected": 1.1251603374206949,
    "mae_expected": 0.806328462327392,
    "confusion_matrix": [
      [
        1513,
        444,
        21,
        0,
        54,
        0,
        0,
        0,
        0,
        0
      ],
      [
        568,
        877,
        55,
        0,
        191,
        0,
        0,
        0,
        0,
        0
      ],
      [
        86,
        402,
        57,
        0,
        262,
        1,
        1,
        0,
        0,
        0
      ],
      [
        27,
        247,
        45,
        0,
        295,
        1,
        0,
        0,
        0,
        0
      ],
      [
        14,
        160,
        34,
        0,
        420,
        6,
        0,
        1,
        0,
        0
      ],
      [
        3,
        26,
        11,
        0,
        168,
        1,
        3,
        0,
        0,
        0
      ],
      [
        1,
        7,
        0,
        0,
        70,
        0,
        0,
        0,
        0,
        0
      ],
      [
        0,
        3,
        0,
        0,
        32,
        0,
        1,
        0,
        0,
        0
      ],
      [
        1,
        0,
        0,
        0,
        9,
        0,
        0,
        0,
        0,
        0
      ],
      [
        0,
        1,
        0,
        0,
        5,
        0,
        0,
        0,
        0,
        0
      ]
    ]
  },
  "bias": [
    -0.3125,
    -0.125,
    -0.5,
    -1.25,
    -0.25,
    -1.0,
    -1.0,
    -0.5,
    0.0,
    -0.25
  ]
}