{
  "thresholds": [
    0.6780954003334045,
    2.3621373176574707,
    2.8165457248687744,
    2.832810163497925,
    4.57759428024292,
    5.133597373962402,
    6.078847885131836,
    7.303173542022705,
    8.931266784667969
  ],
  "test": {
    "exact_acc": 0.46750489875898105,
    "micro_f1": 0.46750489875898105,
    "relaxed_acc": 0.8020901371652515,
    "within2_acc": 0.9234160679294579,
    "macro_f1": 0.17409346812278187,
    "weighted_f1": 0.42034988531482453,
    "rare_f1_5_9": 0.006896551724137931,
    "rare_recall_5_9": 0.0037735849056603774,
    "rare_precision_5_9": 0.04,
    "mse_argmax": 1.6856629653821031,
    "rmse_argmax": 1.2983308381849763,
    "mae_argmax": 0.8303396472893534,
    "mse_expected": 1.2940094494849586,
    "rmse_expected": 1.137545361506502,
    "mae_expected": 0.8162369869076382,
    "confusion_matrix": [
      [
        1587,
        383,
        27,
        0,
        35,
        0,
        0,
        0,
        0,
        0
      ],
      [
        665,
        804,
        96,
        2,
        124,
        0,
        0,
        0,
        0,
        0
      ],
      [
        99,
        411,
        95,
        1,
        203,
        0,
        0,
        0,
        0,
        0
      ],
      [
        24,
        255,
        90,
        2,
        242,
        2,
        0,
        0,
        0,
        0
      ],
      [
        12,
        155,
        89,
        2,
        371,
        6,
        0,
        0,
        0,
        0
      ],
      [
        1,
        31,
        24,
        3,
        149,
        4,
        0,
        0,
        0,
        0
      ],
      [
        1,
        10,
        4,
        0,
        59,
        4,
        0,
        0,
        0,
        0
      ],
      [
        0,
        1,
        3,
        0,
        28,
        4,
        0,
        0,
        0,
        0
      ],
      [
        0,
        0,
        0,
        0,
        10,
        0,
        0,
        0,
        0,
        0
      ],
      [
        0,
        1,
        1,
        0,
        4,
        0,
        0,
        0,
        0,
        0
      ]
    ]
  }
}