{
  "val": {
    "exact_acc": 0.4647887323943662,
    "micro_f1": 0.4647887323943662,
    "relaxed_acc": 0.8060828740559298,
    "within2_acc": 0.920596040008165,
    "macro_f1": 0.18324821257950327,
    "weighted_f1": 0.42095598238377485,
    "rare_f1_5_9": 0.017704517704517704,
    "rare_recall_5_9": 0.010425963488843813,
    "rare_precision_5_9": 0.07857142857142857,
    "mse_argmax": 1.695448050622576,
    "rmse_argmax": 1.3020937180643242,
    "mae_argmax": 0.832006531945295,
    "mse_expected": 1.3108929272638965,
    "rmse_expected": 1.1449423248635262,
    "mae_expected": 0.8182021781407367,
    "confusion_matrix": [
      [
        1266,
        303,
        34,
        0,
        23,
        0,
        0,
        0,
        0,
        0
      ],
      [
        542,
        608,
        100,
        0,
        102,
        0,
        0,
        0,
        0,
        0
      ],
      [
        91,
        331,
        102,
        1,
        121,
        1,
        0,
        0,
        0,
        0
      ],
      [
        25,
        185,
        73,
        6,
        198,
        5,
        0,
        0,
        0,
        0
      ],
      [
        14,
        131,
        70,
        0,
        291,
        0,
        0,
        1,
        0,
        1
      ],
      [
        2,
        21,
        14,
        0,
        124,
        3,
        0,
        5,
        1,
        0
      ],
      [
        0,
        10,
        3,
        0,
        49,
        0,
        0,
        0,
        0,
        0
      ],
      [
        0,
        1,
        0,
        0,
        26,
        1,
        0,
        1,
        0,
        0
      ],
      [
        0,
        2,
        0,
        0,
        4,
        2,
        0,
        0,
        0,
        0
      ],
      [
        0,
        1,
        0,
        0,
        4,
        0,
        0,
        0,
        0,
        0
      ]
    ]
  },
  "test": {
    "exact_acc": 0.46211626387981714,
    "micro_f1": 0.46211626387981714,
    "relaxed_acc": 0.7932723709993469,
    "within2_acc": 0.9162312214239059,
    "macro_f1": 0.17521593041275046,
    "weighted_f1": 0.41655176441062053,
    "rare_f1_5_9": 0.010530514559234145,
    "rare_recall_5_9": 0.006498951781970649,
    "rare_precision_5_9": 0.05333333333333333,
    "mse_argmax": 1.7900065316786413,
    "rmse_argmax": 1.337911257026654,
    "mae_argmax": 0.8556499020248204,
    "mse_expected": 1.279037580147059,
    "rmse_expected": 1.1309454364146216,
    "mae_expected": 0.8028709817463253,
    "confusion_matrix": [
      [
        1585,
        367,
        41,
        0,
        39,
        0,
        0,
        0,
        0,
        0
      ],
      [
        670,
        771,
        125,
        1,
        122,
        1,
        0,
        1,
        0,
        0
      ],
      [
        117,
        379,
        119,
        1,
        192,
        0,
        1,
        0,
        0,
        0
      ],
      [
        38,
        248,
        96,
        0,
        233,
        0,
        0,
        0,
        0,
        0
      ],
      [
        12,
        168,
        94,
        0,
        353,
        3,
        0,
        4,
        1,
        0
      ],
      [
        3,
        30,
        28,
        0,
        147,
        1,
        2,
        1,
        0,
        0
      ],
      [
        2,
        8,
        5,
        0,
        59,
        1,
        0,
        2,
        0,
        1
      ],
      [
        0,
        4,
        2,
        0,
        28,
        0,
        1,
        1,
        0,
        0
      ],
      [
        1,
        0,
        0,
        0,
        8,
        0,
        0,
        1,
        0,
        0
      ],
      [
        0,
        2,
        0,
        0,
        4,
        0,
        0,
        0,
        0,
        0
      ]
    ]
  },
  "bias": [
    -0.0625,
    -0.0625,
    -0.25,
    -2.0,
    -0.5,
    -1.0,
    -1.5,
    0.0,
    0.0,
    0.0
  ]
}