{
  "val": {
    "exact_acc": 0.4296795264339661,
    "micro_f1": 0.4296795264339661,
    "relaxed_acc": 0.768320065319453,
    "within2_acc": 0.886507450500102,
    "macro_f1": 0.17864977609170818,
    "weighted_f1": 0.38721568145647584,
    "rare_f1_5_9": 0.040983336083154596,
    "rare_recall_5_9": 0.03582150101419878,
    "rare_precision_5_9": 0.06348364279398762,
    "mse_argmax": 2.2576035925699123,
    "rmse_argmax": 1.5025323931848897,
    "mae_argmax": 0.9695856297203511,
    "mse_expected": 1.6677677854847988,
    "rmse_expected": 1.2914208398058313,
    "mae_expected": 0.9046943507931868,
    "confusion_matrix": [
      [
        1101,
        480,
        11,
        7,
        23,
        2,
        0,
        2,
        0,
        0
      ],
      [
        475,
        731,
        38,
        22,
        78,
        3,
        0,
        5,
        0,
        0
      ],
      [
        124,
        384,
        25,
        11,
        98,
        4,
        0,
        1,
        0,
        0
      ],
      [
        62,
        233,
        27,
        33,
        121,
        12,
        0,
        4,
        0,
        0
      ],
      [
        57,
        186,
        20,
        30,
        204,
        7,
        0,
        1,
        1,
        2
      ],
      [
        13,
        46,
        7,
        8,
        81,
        7,
        0,
        8,
        0,
        0
      ],
      [
        3,
        10,
        1,
        2,
        42,
        1,
        0,
        3,
        0,
        0
      ],
      [
        1,
        2,
        1,
        0,
        20,
        1,
        0,
        4,
        0,
        0
      ],
      [
        2,
        1,
        2,
        0,
        1,
        1,
        0,
        1,
        0,
        0
      ],
      [
        0,
        0,
        0,
        0,
        4,
        1,
        0,
        0,
        0,
        0
      ]
    ]
  },
  "test": {
    "exact_acc": 0.42619203135205747,
    "micro_f1": 0.42619203135205747,
    "relaxed_acc": 0.7754735467015023,
    "within2_acc": 0.8870019595035924,
    "macro_f1": 0.16975817697644405,
    "weighted_f1": 0.3824705272686778,
    "rare_f1_5_9": 0.03638136511375948,
    "rare_recall_5_9": 0.030712788259958067,
    "rare_precision_5_9": 0.06035714285714285,
    "mse_argmax": 2.193174395819726,
    "rmse_argmax": 1.4809369992743533,
    "mae_argmax": 0.9603200522534291,
    "mse_expected": 1.5775464906291603,
    "rmse_expected": 1.256004176198933,
    "mae_expected": 0.8799311088093984,
    "confusion_matrix": [
      [
        1383,
        596,
        13,
        10,
        29,
        1,
        0,
        0,
        0,
        0
      ],
      [
        607,
        931,
        47,
        18,
        85,
        2,
        0,
        1,
        0,
        0
      ],
      [
        149,
        458,
        32,
        27,
        132,
        7,
        0,
        3,
        0,
        1
      ],
      [
        75,
        282,
        36,
        27,
        192,
        1,
        0,
        2,
        0,
        0
      ],
      [
        68,
        248,
        29,
        34,
        224,
        20,
        0,
        10,
        1,
        1
      ],
      [
        10,
        56,
        13,
        13,
        106,
        9,
        0,
        5,
        0,
        0
      ],
      [
        6,
        11,
        2,
        6,
        38,
        5,
        0,
        9,
        0,
        1
      ],
      [
        3,
        5,
        3,
        1,
        17,
        2,
        0,
        4,
        0,
        1
      ],
      [
        1,
        0,
        1,
        1,
        4,
        1,
        0,
        1,
        0,
        1
      ],
      [
        0,
        0,
        1,
        1,
        4,
        0,
        0,
        0,
        0,
        0
      ]
    ]
  },
  "bias": [
    0.65625,
    0.75,
    -0.5,
    -0.5,
    0.5,
    -0.5,
    -1.5,
    0.5,
    -0.5,
    0.0
  ]
}