{
  "val": {
    "exact_acc": 0.4633598693610941,
    "micro_f1": 0.4633598693610941,
    "relaxed_acc": 0.7991426821800367,
    "within2_acc": 0.9067156562563788,
    "macro_f1": 0.17387105104970452,
    "weighted_f1": 0.3974771017091494,
    "rare_f1_5_9": 0.036381734478039066,
    "rare_recall_5_9": 0.02876267748478702,
    "rare_precision_5_9": 0.24444444444444446,
    "mse_argmax": 1.82282098387426,
    "rmse_argmax": 1.3501188776823543,
    "mae_argmax": 0.8593590528679322,
    "mse_expected": 1.315656062053685,
    "rmse_expected": 1.1470205150971298,
    "mae_expected": 0.82039226259071,
    "confusion_matrix": [
      [
        1236,
        361,
        0,
        0,
        29,
        0,
        0,
        0,
        0,
        0
      ],
      [
        524,
        734,
        0,
        0,
        94,
        0,
        0,
        0,
        0,
        0
      ],
      [
        88,
        436,
        0,
        0,
        123,
        0,
        0,
        0,
        0,
        0
      ],
      [
        25,
        262,
        0,
        5,
        198,
        0,
        0,
        2,
        0,
        0
      ],
      [
        14,
        204,
        0,
        0,
        290,
        0,
        0,
        0,
        0,
        0
      ],
      [
        3,
        39,
        0,
        0,
        121,
        1,
        0,
        6,
        0,
        0
      ],
      [
        2,
        11,
        0,
        0,
        47,
        0,
        0,
        2,
        0,
        0
      ],
      [
        0,
        1,
        0,
        0,
        24,
        0,
        0,
        4,
        0,
        0
      ],
      [
        0,
        1,
        0,
        0,
        4,
        0,
        0,
        3,
        0,
        0
      ],
      [
        0,
        1,
        0,
        0,
        3,
        0,
        0,
        1,
        0,
        0
      ]
    ]
  },
  "test": {
    "exact_acc": 0.4758327890267799,
    "micro_f1": 0.4758327890267799,
    "relaxed_acc": 0.7998040496407577,
    "within2_acc": 0.909046374918354,
    "macro_f1": 0.18019748805109664,
    "weighted_f1": 0.40726334987409823,
    "rare_f1_5_9": 0.04550552251486831,
    "rare_recall_5_9": 0.03427672955974843,
    "rare_precision_5_9": 0.1631578947368421,
    "mse_argmax": 1.7864141084258653,
    "rmse_argmax": 1.3365680335941996,
    "mae_argmax": 0.8422599608099282,
    "mse_expected": 1.2595927713662376,
    "rmse_expected": 1.1223158073226258,
    "mae_expected": 0.7955175517385129,
    "confusion_matrix": [
      [
        1581,
        416,
        1,
        0,
        33,
        0,
        0,
        1,
        0,
        0
      ],
      [
        623,
        963,
        0,
        0,
        105,
        0,
        0,
        0,
        0,
        0
      ],
      [
        105,
        526,
        2,
        0,
        176,
        0,
        0,
        0,
        0,
        0
      ],
      [
        41,
        324,
        0,
        0,
        249,
        0,
        0,
        1,
        0,
        0
      ],
      [
        14,
        258,
        0,
        0,
        361,
        0,
        0,
        2,
        0,
        0
      ],
      [
        3,
        41,
        0,
        0,
        164,
        1,
        0,
        3,
        0,
        0
      ],
      [
        4,
        11,
        0,
        0,
        59,
        0,
        0,
        4,
        0,
        0
      ],
      [
        0,
        3,
        0,
        0,
        26,
        1,
        0,
        6,
        0,
        0
      ],
      [
        0,
        0,
        0,
        0,
        8,
        0,
        0,
        2,
        0,
        0
      ],
      [
        0,
        1,
        0,
        0,
        5,
        0,
        0,
        0,
        0,
        0
      ]
    ]
  },
  "bias": [
    0.15625,
    0.0,
    -1.0,
    -1.0,
    0.0,
    -0.5,
    0.0,
    1.0,
    0.0,
    0.0
  ]
}