{
  "thresholds": [
    0.6871221661567688,
    1.8811137676239014,
    2.7152416706085205,
    2.748459577560425,
    4.475386619567871,
    5.31255578994751,
    6.054480075836182,
    7.675771713256836,
    8.491005897521973
  ],
  "test": {
    "exact_acc": 0.4802416721097322,
    "micro_f1": 0.4802416721097322,
    "relaxed_acc": 0.8223383409536251,
    "within2_acc": 0.9382756368386675,
    "macro_f1": 0.19315210132971466,
    "weighted_f1": 0.4479025343035677,
    "rare_f1_5_9": 0.012857142857142855,
    "rare_recall_5_9": 0.008490566037735849,
    "rare_precision_5_9": 0.026470588235294117,
    "mse_argmax": 1.4947746570868714,
    "rmse_argmax": 1.2226097730211678,
    "mae_argmax": 0.7769431743958197,
    "mse_expected": 1.2163263966760307,
    "rmse_expected": 1.102871885885224,
    "mae_expected": 0.7918558093630846,
    "confusion_matrix": [
      [
        1524,
        421,
        55,
        1,
        29,
        2,
        0,
        0,
        0,
        0
      ],
      [
        556,
        860,
        183,
        2,
        90,
        0,
        0,
        0,
        0,
        0
      ],
      [
        75,
        371,
        196,
        4,
        161,
        2,
        0,
        0,
        0,
        0
      ],
      [
        18,
        210,
        157,
        9,
        217,
        4,
        0,
        0,
        0,
        0
      ],
      [
        10,
        120,
        144,
        4,
        343,
        14,
        0,
        0,
        0,
        0
      ],
      [
        1,
        18,
        33,
        3,
        148,
        9,
        0,
        0,
        0,
        0
      ],
      [
        1,
        3,
        11,
        0,
        43,
        20,
        0,
        0,
        0,
        0
      ],
      [
        0,
        0,
        2,
        0,
        21,
        13,
        0,
        0,
        0,
        0
      ],
      [
        0,
        0,
        0,
        0,
        7,
        3,
        0,
        0,
        0,
        0
      ],
      [
        0,
        1,
        0,
        1,
        3,
        1,
        0,
        0,
        0,
        0
      ]
    ]
  }
}