{
  "val": {
    "exact_acc": 0.38967136150234744,
    "micro_f1": 0.38967136150234744,
    "relaxed_acc": 0.7466829965299041,
    "within2_acc": 0.8961012451520719,
    "macro_f1": 0.2001127864728045,
    "weighted_f1": 0.38641582992379786,
    "rare_f1_5_9": 0.07707637428347561,
    "rare_recall_5_9": 0.08310802852843027,
    "rare_precision_5_9": 0.07195859213250518,
    "mse_argmax": 2.2869973463972237,
    "rmse_argmax": 1.5122821649405325,
    "mae_argmax": 1.0181669728516023,
    "mse_expected": 2.2869794662823324,
    "rmse_expected": 1.5122762532957834,
    "mae_expected": 1.0181707166177674,
    "confusion_matrix": [
      [
        1084,
        365,
        98,
        37,
        32,
        6,
        2,
        1,
        1,
        0
      ],
      [
        475,
        447,
        193,
        126,
        78,
        19,
        7,
        7,
        0,
        0
      ],
      [
        98,
        195,
        112,
        112,
        97,
        29,
        3,
        0,
        0,
        1
      ],
      [
        47,
        108,
        87,
        81,
        102,
        47,
        16,
        2,
        2,
        0
      ],
      [
        31,
        72,
        82,
        104,
        146,
        38,
        20,
        9,
        4,
        2
      ],
      [
        6,
        22,
        22,
        23,
        46,
        28,
        15,
        6,
        2,
        0
      ],
      [
        1,
        9,
        2,
        10,
        19,
        6,
        7,
        6,
        2,
        0
      ],
      [
        0,
        1,
        1,
        4,
        9,
        6,
        4,
        4,
        0,
        0
      ],
      [
        0,
        1,
        1,
        1,
        1,
        4,
        0,
        0,
        0,
        0
      ],
      [
        0,
        0,
        1,
        0,
        1,
        1,
        1,
        0,
        1,
        0
      ]
    ]
  },
  "test": {
    "exact_acc": 0.395166557805356,
    "micro_f1": 0.395166557805356,
    "relaxed_acc": 0.7473873285434357,
    "within2_acc": 0.8938602220770738,
    "macro_f1": 0.19038972740229357,
    "weighted_f1": 0.3914549357839889,
    "rare_f1_5_9": 0.05234589083882359,
    "rare_recall_5_9": 0.05307208514755685,
    "rare_precision_5_9": 0.05208422746781116,
    "mse_argmax": 2.3086218158066623,
    "rmse_argmax": 1.519414958399009,
    "mae_argmax": 1.016329196603527,
    "mse_expected": 2.3086030846549868,
    "rmse_expected": 1.5194087944509822,
    "mae_expected": 1.0163326879192376,
    "confusion_matrix": [
      [
        1367,
        458,
        110,
        45,
        38,
        11,
        2,
        1,
        0,
        0
      ],
      [
        567,
        596,
        242,
        142,
        110,
        28,
        5,
        1,
        0,
        0
      ],
      [
        137,
        237,
        147,
        125,
        115,
        32,
        9,
        4,
        2,
        1
      ],
      [
        54,
        142,
        116,
        120,
        127,
        38,
        11,
        4,
        2,
        1
      ],
      [
        45,
        93,
        108,
        118,
        157,
        73,
        19,
        16,
        4,
        2
      ],
      [
        5,
        27,
        26,
        48,
        61,
        25,
        10,
        5,
        5,
        0
      ],
      [
        1,
        5,
        7,
        13,
        25,
        15,
        5,
        6,
        0,
        1
      ],
      [
        3,
        2,
        2,
        6,
        11,
        7,
        2,
        3,
        0,
        0
      ],
      [
        1,
        1,
        2,
        1,
        2,
        2,
        1,
        0,
        0,
        0
      ],
      [
        1,
        0,
        1,
        1,
        1,
        2,
        0,
        0,
        0,
        0
      ]
    ]
  },
  "bias": [
    0.0,
    0.0,
    0.0,
    0.0,
    0.0,
    0.0,
    0.0,
    0.0,
    0.0,
    0.0
  ]
}