{
  "val": {
    "exact_acc": 0.43335374566238005,
    "micro_f1": 0.43335374566238005,
    "relaxed_acc": 0.7775056133904878,
    "within2_acc": 0.8952847519902021,
    "macro_f1": 0.17792351512607033,
    "weighted_f1": 0.4044574727415237,
    "rare_f1_5_9": 0.013415233415233416,
    "rare_recall_5_9": 0.00924949290060852,
    "rare_precision_5_9": 0.04,
    "mse_argmax": 2.0722596448254746,
    "rmse_argmax": 1.4395345236657142,
    "mae_argmax": 0.9348846703408858,
    "mse_expected": 1.6037546203899584,
    "rmse_expected": 1.2663943384230516,
    "mae_expected": 0.8944017675705423,
    "confusion_matrix": [
      [
        1094,
        458,
        14,
        20,
        40,
        0,
        0,
        0,
        0,
        0
      ],
      [
        441,
        674,
        41,
        62,
        130,
        1,
        0,
        3,
        0,
        0
      ],
      [
        82,
        336,
        44,
        60,
        122,
        2,
        1,
        0,
        0,
        0
      ],
      [
        34,
        195,
        26,
        65,
        163,
        6,
        1,
        1,
        1,
        0
      ],
      [
        24,
        134,
        32,
        62,
        243,
        2,
        2,
        4,
        3,
        2
      ],
      [
        6,
        41,
        5,
        19,
        88,
        2,
        4,
        4,
        1,
        0
      ],
      [
        1,
        11,
        2,
        7,
        38,
        1,
        0,
        2,
        0,
        0
      ],
      [
        0,
        2,
        0,
        3,
        22,
        0,
        1,
        1,
        0,
        0
      ],
      [
        1,
        2,
        1,
        1,
        2,
        0,
        1,
        0,
        0,
        0
      ],
      [
        0,
        0,
        0,
        0,
        3,
        1,
        0,
        0,
        1,
        0
      ]
    ]
  },
  "test": {
    "exact_acc": 0.43141737426518617,
    "micro_f1": 0.43141737426518617,
    "relaxed_acc": 0.7764532984977139,
    "within2_acc": 0.8976159372958851,
    "macro_f1": 0.18004059667335828,
    "weighted_f1": 0.40452541675865744,
    "rare_f1_5_9": 0.02643478260869565,
    "rare_recall_5_9": 0.016771488469601675,
    "rare_precision_5_9": 0.09523809523809523,
    "mse_argmax": 2.041639451338994,
    "rmse_argmax": 1.4288594932109295,
    "mae_argmax": 0.9322338340953625,
    "mse_expected": 1.5553889548684927,
    "rmse_expected": 1.2471523382764804,
    "mae_expected": 0.8726394433101976,
    "confusion_matrix": [
      [
        1380,
        560,
        23,
        21,
        48,
        0,
        0,
        0,
        0,
        0
      ],
      [
        522,
        857,
        78,
        76,
        156,
        2,
        0,
        0,
        0,
        0
      ],
      [
        110,
        401,
        54,
        73,
        170,
        0,
        1,
        0,
        0,
        0
      ],
      [
        36,
        243,
        35,
        75,
        223,
        2,
        0,
        1,
        0,
        0
      ],
      [
        31,
        180,
        42,
        95,
        268,
        6,
        2,
        8,
        2,
        1
      ],
      [
        3,
        47,
        11,
        27,
        113,
        6,
        3,
        2,
        0,
        0
      ],
      [
        2,
        10,
        3,
        14,
        45,
        2,
        0,
        1,
        0,
        1
      ],
      [
        0,
        6,
        1,
        5,
        21,
        0,
        1,
        2,
        0,
        0
      ],
      [
        1,
        1,
        1,
        1,
        6,
        0,
        0,
        0,
        0,
        0
      ],
      [
        1,
        0,
        0,
        1,
        4,
        0,
        0,
        0,
        0,
        0
      ]
    ]
  },
  "bias": [
    0.0,
    0.5,
    -0.5,
    -0.21875,
    0.3125,
    -1.5,
    -1.0,
    -0.5,
    -0.5,
    -0.5
  ]
}