{
  "val": {
    "exact_acc": 0.4349867319861196,
    "micro_f1": 0.4349867319861196,
    "relaxed_acc": 0.7666870789957134,
    "within2_acc": 0.8844662175954277,
    "macro_f1": 0.16989507247352165,
    "weighted_f1": 0.38871301522958535,
    "rare_f1_5_9": 0.030583679114799443,
    "rare_recall_5_9": 0.020569259962049335,
    "rare_precision_5_9": 0.06457204767063922,
    "mse_argmax": 2.1488058787507653,
    "rmse_argmax": 1.4658805813403646,
    "mae_argmax": 0.9542763829352929,
    "mse_expected": 1.5627285696280713,
    "rmse_expected": 1.2500914245078523,
    "mae_expected": 0.8763706337863646,
    "confusion_matrix": [
      [
        1123,
        454,
        10,
        0,
        37,
        2,
        0,
        0,
        0,
        0
      ],
      [
        466,
        698,
        18,
        11,
        153,
        5,
        1,
        0,
        0,
        0
      ],
      [
        111,
        347,
        17,
        14,
        148,
        10,
        0,
        0,
        0,
        0
      ],
      [
        51,
        209,
        9,
        16,
        184,
        20,
        3,
        0,
        0,
        0
      ],
      [
        36,
        164,
        12,
        11,
        263,
        15,
        4,
        2,
        0,
        1
      ],
      [
        7,
        40,
        2,
        2,
        102,
        12,
        2,
        2,
        1,
        0
      ],
      [
        2,
        10,
        0,
        1,
        45,
        1,
        2,
        1,
        0,
        0
      ],
      [
        0,
        3,
        0,
        0,
        22,
        3,
        1,
        0,
        0,
        0
      ],
      [
        1,
        1,
        0,
        1,
        3,
        2,
        0,
        0,
        0,
        0
      ],
      [
        0,
        0,
        0,
        0,
        4,
        1,
        0,
        0,
        0,
        0
      ]
    ]
  },
  "test": {
    "exact_acc": 0.4390920966688439,
    "micro_f1": 0.4390920966688439,
    "relaxed_acc": 0.772860875244938,
    "within2_acc": 0.8899412148922273,
    "macro_f1": 0.16892475138763313,
    "weighted_f1": 0.3912056259606456,
    "rare_f1_5_9": 0.028413962033067973,
    "rare_recall_5_9": 0.01833575229801645,
    "rare_precision_5_9": 0.06746031746031747,
    "mse_argmax": 2.131776616590464,
    "rmse_argmax": 1.4600604838808782,
    "mae_argmax": 0.9410516002612671,
    "mse_expected": 1.5195811358877607,
    "rmse_expected": 1.2327129170604811,
    "mae_expected": 0.8589722938438047,
    "confusion_matrix": [
      [
        1405,
        558,
        14,
        4,
        50,
        1,
        0,
        0,
        0,
        0
      ],
      [
        573,
        897,
        23,
        12,
        180,
        6,
        0,
        0,
        0,
        0
      ],
      [
        147,
        425,
        18,
        14,
        198,
        6,
        1,
        0,
        0,
        0
      ],
      [
        61,
        256,
        17,
        17,
        254,
        10,
        0,
        0,
        0,
        0
      ],
      [
        37,
        190,
        20,
        13,
        336,
        30,
        4,
        3,
        1,
        1
      ],
      [
        5,
        51,
        5,
        5,
        125,
        14,
        6,
        1,
        0,
        0
      ],
      [
        4,
        12,
        2,
        3,
        49,
        4,
        2,
        1,
        0,
        1
      ],
      [
        2,
        5,
        0,
        1,
        26,
        1,
        1,
        0,
        0,
        0
      ],
      [
        1,
        1,
        0,
        1,
        7,
        0,
        0,
        0,
        0,
        0
      ],
      [
        2,
        1,
        0,
        0,
        3,
        0,
        0,
        0,
        0,
        0
      ]
    ]
  },
  "bias": [
    0.6875,
    1.0,
    -0.625,
    -0.78125,
    0.75,
    -0.25,
    -0.5,
    -0.5,
    -0.5,
    0.0
  ]
}