{
  "val": {
    "exact_acc": 0.46172688303735454,
    "micro_f1": 0.46172688303735454,
    "relaxed_acc": 0.7942437232088181,
    "within2_acc": 0.9118187385180649,
    "macro_f1": 0.17462097781361854,
    "weighted_f1": 0.409795962565814,
    "rare_f1_5_9": 0.016742896742896744,
    "rare_recall_5_9": 0.010425963488843813,
    "rare_precision_5_9": 0.06000000000000001,
    "mse_argmax": 1.800163298632374,
    "rmse_argmax": 1.3417016429267625,
    "mae_argmax": 0.8591549295774648,
    "mse_expected": 1.3259308860630217,
    "rmse_expected": 1.1514907233942537,
    "mae_expected": 0.8188869804838489,
    "confusion_matrix": [
      [
        1254,
        323,
        17,
        0,
        32,
        0,
        0,
        0,
        0,
        0
      ],
      [
        538,
        635,
        50,
        0,
        128,
        1,
        0,
        0,
        0,
        0
      ],
      [
        100,
        340,
        47,
        1,
        158,
        1,
        0,
        0,
        0,
        0
      ],
      [
        25,
        203,
        33,
        6,
        217,
        6,
        0,
        2,
        0,
        0
      ],
      [
        14,
        139,
        37,
        0,
        316,
        0,
        0,
        2,
        0,
        0
      ],
      [
        3,
        29,
        4,
        0,
        126,
        3,
        0,
        4,
        1,
        0
      ],
      [
        0,
        11,
        1,
        0,
        49,
        0,
        0,
        1,
        0,
        0
      ],
      [
        0,
        1,
        0,
        0,
        25,
        2,
        0,
        1,
        0,
        0
      ],
      [
        0,
        1,
        0,
        0,
        5,
        2,
        0,
        0,
        0,
        0
      ],
      [
        0,
        1,
        0,
        0,
        4,
        0,
        0,
        0,
        0,
        0
      ]
    ]
  },
  "test": {
    "exact_acc": 0.46032005225342915,
    "micro_f1": 0.46032005225342915,
    "relaxed_acc": 0.7895166557805356,
    "within2_acc": 0.9092096668843893,
    "macro_f1": 0.17344783032384298,
    "weighted_f1": 0.40731191244125287,
    "rare_f1_5_9": 0.020206489675516224,
    "rare_recall_5_9": 0.012997903563941298,
    "rare_precision_5_9": 0.06190476190476191,
    "mse_argmax": 1.859079033311561,
    "rmse_argmax": 1.3634804851231135,
    "mae_argmax": 0.8708360548661006,
    "mse_expected": 1.3014014295242533,
    "rmse_expected": 1.140789827060293,
    "mae_expected": 0.807205353087233,
    "confusion_matrix": [
      [
        1569,
        394,
        22,
        0,
        45,
        1,
        0,
        1,
        0,
        0
      ],
      [
        671,
        801,
        65,
        1,
        152,
        1,
        0,
        0,
        0,
        0
      ],
      [
        121,
        403,
        60,
        1,
        222,
        1,
        1,
        0,
        0,
        0
      ],
      [
        42,
        261,
        52,
        0,
        259,
        1,
        0,
        0,
        0,
        0
      ],
      [
        19,
        179,
        39,
        0,
        385,
        7,
        0,
        6,
        0,
        0
      ],
      [
        4,
        32,
        13,
        0,
        158,
        2,
        2,
        1,
        0,
        0
      ],
      [
        1,
        9,
        0,
        0,
        65,
        1,
        0,
        2,
        0,
        0
      ],
      [
        1,
        4,
        1,
        0,
        27,
        0,
        1,
        2,
        0,
        0
      ],
      [
        1,
        0,
        0,
        0,
        9,
        0,
        0,
        0,
        0,
        0
      ],
      [
        0,
        2,
        0,
        0,
        4,
        0,
        0,
        0,
        0,
        0
      ]
    ]
  },
  "bias": [
    0.5,
    0.5,
    0.0,
    -1.5,
    0.15625,
    -0.625,
    -1.5,
    0.375,
    0.0,
    0.0
  ]
}