{
  "thresholds": [
    0.6797075271606445,
    2.796238422393799,
    2.8487610816955566,
    3.167616367340088,
    5.0656585693359375,
    5.504608154296875,
    5.504608154296875,
    7.524453639984131,
    9.265257835388184
  ],
  "test": {
    "exact_acc": 0.45574787720444154,
    "micro_f1": 0.45574787720444154,
    "relaxed_acc": 0.7877204441541477,
    "within2_acc": 0.9036577400391901,
    "macro_f1": 0.17199081547366002,
    "weighted_f1": 0.4066853690183463,
    "rare_f1_5_9": 0.022003215209338085,
    "rare_recall_5_9": 0.01582809224318658,
    "rare_precision_5_9": 0.04468864468864468,
    "mse_argmax": 1.915088177661659,
    "rmse_argmax": 1.383867109827262,
    "mae_argmax": 0.8850424559111691,
    "mse_expected": 1.4646037989775378,
    "rmse_expected": 1.2102081634898758,
    "mae_expected": 0.8508738165831251,
    "confusion_matrix": [
      [
        1529,
        461,
        0,
        13,
        28,
        0,
        0,
        1,
        0,
        0
      ],
      [
        598,
        947,
        7,
        45,
        93,
        1,
        0,
        0,
        0,
        0
      ],
      [
        99,
        508,
        3,
        52,
        143,
        3,
        0,
        1,
        0,
        0
      ],
      [
        32,
        333,
        9,
        54,
        184,
        3,
        0,
        0,
        0,
        0
      ],
      [
        15,
        264,
        11,
        70,
        251,
        14,
        0,
        10,
        0,
        0
      ],
      [
        1,
        56,
        5,
        18,
        122,
        5,
        0,
        5,
        0,
        0
      ],
      [
        1,
        16,
        2,
        2,
        49,
        6,
        0,
        2,
        0,
        0
      ],
      [
        0,
        6,
        0,
        2,
        22,
        4,
        0,
        2,
        0,
        0
      ],
      [
        0,
        2,
        0,
        0,
        5,
        3,
        0,
        0,
        0,
        0
      ],
      [
        0,
        2,
        0,
        1,
        3,
        0,
        0,
        0,
        0,
        0
      ]
    ]
  }
}