{
  "val": {
    "exact_acc": 0.4545825678709941,
    "micro_f1": 0.4545825678709941,
    "relaxed_acc": 0.7938354766278832,
    "within2_acc": 0.9058991630945091,
    "macro_f1": 0.1688743932366883,
    "weighted_f1": 0.4066794303548017,
    "rare_f1_5_9": 0.008376963350785341,
    "rare_recall_5_9": 0.004705882352941176,
    "rare_precision_5_9": 0.03809523809523809,
    "mse_argmax": 1.863849765258216,
    "rmse_argmax": 1.365228832561859,
    "mae_argmax": 0.8758930393957951,
    "mse_expected": 1.3328630018929477,
    "rmse_expected": 1.154496860928148,
    "mae_expected": 0.827857056778222,
    "confusion_matrix": [
      [
        1163,
        412,
        11,
        1,
        37,
        2,
        0,
        0,
        0,
        0
      ],
      [
        472,
        698,
        34,
        0,
        146,
        2,
        0,
        0,
        0,
        0
      ],
      [
        76,
        359,
        39,
        6,
        166,
        1,
        0,
        0,
        0,
        0
      ],
      [
        16,
        215,
        30,
        8,
        216,
        7,
        0,
        0,
        0,
        0
      ],
      [
        18,
        151,
        18,
        4,
        315,
        2,
        0,
        0,
        0,
        0
      ],
      [
        4,
        29,
        5,
        2,
        124,
        4,
        2,
        0,
        0,
        0
      ],
      [
        0,
        10,
        0,
        1,
        51,
        0,
        0,
        0,
        0,
        0
      ],
      [
        0,
        2,
        0,
        0,
        24,
        2,
        1,
        0,
        0,
        0
      ],
      [
        0,
        1,
        1,
        0,
        5,
        0,
        1,
        0,
        0,
        0
      ],
      [
        0,
        1,
        0,
        0,
        3,
        1,
        0,
        0,
        0,
        0
      ]
    ]
  },
  "test": {
    "exact_acc": 0.4644023514043109,
    "micro_f1": 0.4644023514043109,
    "relaxed_acc": 0.7896799477465709,
    "within2_acc": 0.9046374918354017,
    "macro_f1": 0.17261645179253698,
    "weighted_f1": 0.4140395184664295,
    "rare_f1_5_9": 0.016421363524489294,
    "rare_recall_5_9": 0.009167876149008224,
    "rare_precision_5_9": 0.08042328042328042,
    "mse_argmax": 1.8714892227302418,
    "rmse_argmax": 1.368023838509491,
    "mae_argmax": 0.8711626387981711,
    "mse_expected": 1.2896287003455424,
    "rmse_expected": 1.1356182018378986,
    "mae_expected": 0.8081242392401837,
    "confusion_matrix": [
      [
        1493,
        469,
        12,
        1,
        56,
        1,
        0,
        0,
        0,
        0
      ],
      [
        564,
        908,
        41,
        2,
        175,
        1,
        0,
        0,
        0,
        0
      ],
      [
        92,
        435,
        43,
        5,
        232,
        1,
        1,
        0,
        0,
        0
      ],
      [
        34,
        274,
        34,
        4,
        268,
        1,
        0,
        0,
        0,
        0
      ],
      [
        14,
        191,
        26,
        5,
        388,
        9,
        2,
        0,
        0,
        0
      ],
      [
        5,
        33,
        10,
        1,
        154,
        7,
        2,
        0,
        0,
        0
      ],
      [
        1,
        10,
        1,
        0,
        60,
        4,
        1,
        1,
        0,
        0
      ],
      [
        0,
        5,
        0,
        0,
        28,
        2,
        1,
        0,
        0,
        0
      ],
      [
        0,
        0,
        0,
        0,
        9,
        1,
        0,
        0,
        0,
        0
      ],
      [
        0,
        2,
        0,
        0,
        4,
        0,
        0,
        0,
        0,
        0
      ]
    ]
  },
  "bias": [
    0.28125,
    0.53125,
    -0.1875,
    -0.75,
    0.25,
    -0.5,
    -0.5,
    -0.5,
    0.0,
    0.0
  ]
}