{
  "val": {
    "exact_acc": 0.46458460910389876,
    "micro_f1": 0.46458460910389876,
    "relaxed_acc": 0.8040416411512553,
    "within2_acc": 0.9154929577464789,
    "macro_f1": 0.1721645141943992,
    "weighted_f1": 0.4156096378098327,
    "rare_f1_5_9": 0.004571428571428572,
    "rare_recall_5_9": 0.002352941176470588,
    "rare_precision_5_9": 0.08,
    "mse_argmax": 1.7509695856297203,
    "rmse_argmax": 1.3232420737074984,
    "mae_argmax": 0.842620943049602,
    "mse_expected": 1.319830159042452,
    "rmse_expected": 1.1488386131404411,
    "mae_expected": 0.822070805925108,
    "confusion_matrix": [
      [
        1247,
        334,
        23,
        0,
        22,
        0,
        0,
        0,
        0,
        0
      ],
      [
        529,
        677,
        60,
        0,
        85,
        1,
        0,
        0,
        0,
        0
      ],
      [
        86,
        384,
        68,
        0,
        109,
        0,
        0,
        0,
        0,
        0
      ],
      [
        22,
        229,
        48,
        5,
        187,
        1,
        0,
        0,
        0,
        0
      ],
      [
        13,
        168,
        49,
        0,
        277,
        1,
        0,
        0,
        0,
        0
      ],
      [
        2,
        34,
        11,
        0,
        120,
        2,
        0,
        1,
        0,
        0
      ],
      [
        0,
        13,
        1,
        0,
        48,
        0,
        0,
        0,
        0,
        0
      ],
      [
        0,
        1,
        0,
        0,
        28,
        0,
        0,
        0,
        0,
        0
      ],
      [
        0,
        2,
        0,
        0,
        6,
        0,
        0,
        0,
        0,
        0
      ],
      [
        0,
        1,
        0,
        0,
        4,
        0,
        0,
        0,
        0,
        0
      ]
    ]
  },
  "test": {
    "exact_acc": 0.46603527106466364,
    "micro_f1": 0.46603527106466364,
    "relaxed_acc": 0.7937622468974527,
    "within2_acc": 0.9137818419333769,
    "macro_f1": 0.16968940482217995,
    "weighted_f1": 0.41539034560324234,
    "rare_f1_5_9": 0.005479452054794521,
    "rare_recall_5_9": 0.0028301886792452833,
    "rare_precision_5_9": 0.08571428571428572,
    "mse_argmax": 1.7887001959503592,
    "rmse_argmax": 1.3374229682304544,
    "mae_argmax": 0.8530372305682561,
    "mse_expected": 1.2830694300331762,
    "rmse_expected": 1.1327265468916918,
    "mae_expected": 0.8058588204168776,
    "confusion_matrix": [
      [
        1575,
        402,
        23,
        0,
        32,
        0,
        0,
        0,
        0,
        0
      ],
      [
        656,
        859,
        72,
        0,
        104,
        0,
        0,
        0,
        0,
        0
      ],
      [
        104,
        446,
        79,
        0,
        180,
        0,
        0,
        0,
        0,
        0
      ],
      [
        33,
        298,
        62,
        0,
        222,
        0,
        0,
        0,
        0,
        0
      ],
      [
        11,
        215,
        69,
        1,
        338,
        1,
        0,
        0,
        0,
        0
      ],
      [
        1,
        43,
        22,
        0,
        143,
        3,
        0,
        0,
        0,
        0
      ],
      [
        2,
        10,
        4,
        0,
        60,
        2,
        0,
        0,
        0,
        0
      ],
      [
        0,
        5,
        1,
        0,
        29,
        1,
        0,
        0,
        0,
        0
      ],
      [
        0,
        0,
        0,
        0,
        10,
        0,
        0,
        0,
        0,
        0
      ],
      [
        0,
        2,
        0,
        0,
        4,
        0,
        0,
        0,
        0,
        0
      ]
    ]
  },
  "bias": [
    0.375,
    0.4375,
    0.0625,
    -1.0,
    -0.25,
    -0.5,
    -0.5,
    0.0,
    0.0,
    0.0
  ]
}