{
  "val": {
    "exact_acc": 0.44539701979995916,
    "micro_f1": 0.44539701979995916,
    "relaxed_acc": 0.7860787915901204,
    "within2_acc": 0.9056950398040416,
    "macro_f1": 0.20721583505975363,
    "weighted_f1": 0.41385548107987224,
    "rare_f1_5_9": 0.0657522106068846,
    "rare_recall_5_9": 0.05392494929006085,
    "rare_precision_5_9": 0.10658986175115208,
    "mse_argmax": 1.9642784241681976,
    "rmse_argmax": 1.401527175679515,
    "mae_argmax": 0.9016125739946927,
    "mse_expected": 1.456509423416001,
    "rmse_expected": 1.2068593221316233,
    "mae_expected": 0.8614332867113805,
    "confusion_matrix": [
      [
        1159,
        388,
        34,
        6,
        38,
        0,
        0,
        1,
        0,
        0
      ],
      [
        486,
        611,
        122,
        14,
        111,
        2,
        0,
        5,
        1,
        0
      ],
      [
        106,
        283,
        107,
        10,
        137,
        2,
        0,
        2,
        0,
        0
      ],
      [
        42,
        159,
        80,
        21,
        175,
        11,
        0,
        3,
        1,
        0
      ],
      [
        36,
        110,
        67,
        15,
        273,
        4,
        0,
        3,
        0,
        0
      ],
      [
        8,
        24,
        20,
        3,
        100,
        7,
        0,
        7,
        1,
        0
      ],
      [
        2,
        6,
        4,
        1,
        45,
        1,
        0,
        3,
        0,
        0
      ],
      [
        0,
        1,
        1,
        0,
        21,
        3,
        0,
        3,
        0,
        0
      ],
      [
        0,
        0,
        1,
        0,
        4,
        1,
        0,
        1,
        1,
        0
      ],
      [
        0,
        0,
        0,
        0,
        4,
        0,
        0,
        0,
        1,
        0
      ]
    ]
  },
  "test": {
    "exact_acc": 0.43696930111038534,
    "micro_f1": 0.43696930111038534,
    "relaxed_acc": 0.7878837361201829,
    "within2_acc": 0.9100261267145656,
    "macro_f1": 0.18996482844494716,
    "weighted_f1": 0.40592332684374793,
    "rare_f1_5_9": 0.04906453647256674,
    "rare_recall_5_9": 0.040985324947589094,
    "rare_precision_5_9": 0.07857142857142857,
    "mse_argmax": 1.9203135205747877,
    "rmse_argmax": 1.385753773429749,
    "mae_argmax": 0.9007184846505552,
    "mse_expected": 1.3954804986295268,
    "rmse_expected": 1.1813045748787765,
    "mae_expected": 0.837550332293735,
    "confusion_matrix": [
      [
        1432,
        499,
        44,
        3,
        52,
        1,
        1,
        0,
        0,
        0
      ],
      [
        601,
        774,
        158,
        17,
        138,
        1,
        0,
        2,
        0,
        0
      ],
      [
        124,
        346,
        121,
        17,
        191,
        6,
        0,
        4,
        0,
        0
      ],
      [
        47,
        202,
        114,
        10,
        235,
        5,
        0,
        2,
        0,
        0
      ],
      [
        34,
        136,
        100,
        18,
        320,
        17,
        0,
        10,
        0,
        0
      ],
      [
        7,
        29,
        22,
        8,
        127,
        14,
        1,
        3,
        1,
        0
      ],
      [
        3,
        5,
        6,
        2,
        47,
        6,
        0,
        8,
        1,
        0
      ],
      [
        1,
        3,
        3,
        0,
        18,
        5,
        1,
        5,
        0,
        0
      ],
      [
        0,
        0,
        1,
        0,
        6,
        1,
        1,
        1,
        0,
        0
      ],
      [
        0,
        0,
        1,
        0,
        5,
        0,
        0,
        0,
        0,
        0
      ]
    ]
  },
  "bias": [
    0.125,
    0.125,
    -0.125,
    -0.75,
    0.5,
    -0.5,
    -1.0,
    0.5,
    0.25,
    -0.5
  ]
}