{
  "thresholds": [
    0.7600000500679016,
    2.616666793823242,
    2.7319467067718506,
    2.8154666423797607,
    4.599999904632568,
    5.5,
    6.5,
    7.5,
    8.5
  ],
  "test": {
    "exact_acc": 0.4707707380796865,
    "micro_f1": 0.4707707380796865,
    "relaxed_acc": 0.8001306335728282,
    "within2_acc": 0.9172109732201176,
    "macro_f1": 0.17126381472523883,
    "weighted_f1": 0.4141823256976017,
    "rare_f1_5_9": 0.012903225806451613,
    "rare_recall_5_9": 0.007547169811320755,
    "rare_precision_5_9": 0.04444444444444444,
    "mse_argmax": 1.7238732854343566,
    "rmse_argmax": 1.3129635506876633,
    "mae_argmax": 0.8358915741345526,
    "mse_expected": 1.2628316204657037,
    "rmse_expected": 1.123757812193403,
    "mae_expected": 0.8102116988291591,
    "confusion_matrix": [
      [
        1590,
        393,
        7,
        5,
        37,
        0,
        0,
        0,
        0,
        0
      ],
      [
        656,
        868,
        28,
        13,
        126,
        0,
        0,
        0,
        0,
        0
      ],
      [
        95,
        464,
        20,
        23,
        207,
        0,
        0,
        0,
        0,
        0
      ],
      [
        24,
        300,
        16,
        14,
        258,
        3,
        0,
        0,
        0,
        0
      ],
      [
        11,
        198,
        19,
        15,
        383,
        9,
        0,
        0,
        0,
        0
      ],
      [
        1,
        41,
        6,
        7,
        149,
        8,
        0,
        0,
        0,
        0
      ],
      [
        1,
        10,
        2,
        0,
        59,
        6,
        0,
        0,
        0,
        0
      ],
      [
        0,
        2,
        0,
        1,
        26,
        7,
        0,
        0,
        0,
        0
      ],
      [
        0,
        0,
        0,
        0,
        7,
        3,
        0,
        0,
        0,
        0
      ],
      [
        0,
        1,
        1,
        0,
        4,
        0,
        0,
        0,
        0,
        0
      ]
    ]
  }
}