{
  "thresholds": [
    0.6979999542236328,
    1.9500000476837158,
    2.695333480834961,
    2.799999952316284,
    4.366666793823242,
    5.5,
    6.5,
    7.5,
    8.5
  ],
  "test": {
    "exact_acc": 0.4802416721097322,
    "micro_f1": 0.4802416721097322,
    "relaxed_acc": 0.8228282168517309,
    "within2_acc": 0.9392553886348791,
    "macro_f1": 0.1982368965153516,
    "weighted_f1": 0.4516816173480775,
    "rare_f1_5_9": 0.017391304347826087,
    "rare_recall_5_9": 0.012264150943396227,
    "rare_precision_5_9": 0.02988505747126437,
    "mse_argmax": 1.4822011757021554,
    "rmse_argmax": 1.2174568475729048,
    "mae_argmax": 0.7748203788373612,
    "mse_expected": 1.2061356452006895,
    "rmse_expected": 1.0982420704019171,
    "mae_expected": 0.7904842571237846,
    "confusion_matrix": [
      [
        1525,
        419,
        53,
        3,
        31,
        1,
        0,
        0,
        0,
        0
      ],
      [
        552,
        859,
        168,
        17,
        95,
        0,
        0,
        0,
        0,
        0
      ],
      [
        78,
        361,
        176,
        22,
        170,
        2,
        0,
        0,
        0,
        0
      ],
      [
        17,
        204,
        137,
        25,
        226,
        6,
        0,
        0,
        0,
        0
      ],
      [
        10,
        115,
        121,
        23,
        343,
        23,
        0,
        0,
        0,
        0
      ],
      [
        1,
        19,
        26,
        6,
        147,
        13,
        0,
        0,
        0,
        0
      ],
      [
        1,
        3,
        10,
        1,
        43,
        20,
        0,
        0,
        0,
        0
      ],
      [
        0,
        0,
        2,
        0,
        19,
        15,
        0,
        0,
        0,
        0
      ],
      [
        0,
        0,
        0,
        0,
        6,
        4,
        0,
        0,
        0,
        0
      ],
      [
        0,
        1,
        0,
        0,
        2,
        3,
        0,
        0,
        0,
        0
      ]
    ]
  }
}