{
  "val": {
    "exact_acc": 0.46703408858950807,
    "micro_f1": 0.46703408858950807,
    "relaxed_acc": 0.8015921616656461,
    "within2_acc": 0.9083486425801184,
    "macro_f1": 0.17463938908758886,
    "weighted_f1": 0.41026189124795004,
    "rare_f1_5_9": 0.029921259842519688,
    "rare_recall_5_9": 0.02235294117647059,
    "rare_precision_5_9": 0.04523809523809524,
    "mse_argmax": 1.8048581343131251,
    "rmse_argmax": 1.3434500862753052,
    "mae_argmax": 0.8516023678301694,
    "mse_expected": 1.3127065122923662,
    "rmse_expected": 1.145734049547436,
    "mae_expected": 0.8232880658427176,
    "confusion_matrix": [
      [
        1140,
        462,
        0,
        0,
        21,
        3,
        0,
        0,
        0,
        0
      ],
      [
        409,
        854,
        3,
        0,
        80,
        6,
        0,
        0,
        0,
        0
      ],
      [
        63,
        464,
        4,
        0,
        111,
        5,
        0,
        0,
        0,
        0
      ],
      [
        17,
        274,
        1,
        6,
        174,
        19,
        1,
        0,
        0,
        0
      ],
      [
        9,
        214,
        2,
        0,
        265,
        17,
        1,
        0,
        0,
        0
      ],
      [
        2,
        44,
        0,
        0,
        101,
        19,
        4,
        0,
        0,
        0
      ],
      [
        1,
        12,
        0,
        0,
        46,
        3,
        0,
        0,
        0,
        0
      ],
      [
        0,
        2,
        0,
        0,
        20,
        6,
        1,
        0,
        0,
        0
      ],
      [
        0,
        1,
        0,
        0,
        1,
        5,
        1,
        0,
        0,
        0
      ],
      [
        0,
        1,
        0,
        0,
        3,
        1,
        0,
        0,
        0,
        0
      ]
    ]
  },
  "test": {
    "exact_acc": 0.47028086218158066,
    "micro_f1": 0.47028086218158066,
    "relaxed_acc": 0.7996407576747224,
    "within2_acc": 0.9087197909862835,
    "macro_f1": 0.17036839189085357,
    "weighted_f1": 0.41156026414902264,
    "rare_f1_5_9": 0.024050632911392405,
    "rare_recall_5_9": 0.017924528301886792,
    "rare_precision_5_9": 0.036538461538461534,
    "mse_argmax": 1.806009144350098,
    "rmse_argmax": 1.3438783964146823,
    "mae_argmax": 0.8500979751796212,
    "mse_expected": 1.2456782695537818,
    "rmse_expected": 1.1160995786908003,
    "mae_expected": 0.7944037847716703,
    "confusion_matrix": [
      [
        1430,
        562,
        1,
        0,
        37,
        2,
        0,
        0,
        0,
        0
      ],
      [
        486,
        1098,
        5,
        0,
        98,
        4,
        0,
        0,
        0,
        0
      ],
      [
        83,
        549,
        5,
        0,
        165,
        6,
        1,
        0,
        0,
        0
      ],
      [
        28,
        344,
        3,
        2,
        225,
        13,
        0,
        0,
        0,
        0
      ],
      [
        12,
        261,
        0,
        1,
        326,
        34,
        1,
        0,
        0,
        0
      ],
      [
        3,
        48,
        1,
        0,
        137,
        19,
        4,
        0,
        0,
        0
      ],
      [
        1,
        15,
        1,
        0,
        52,
        9,
        0,
        0,
        0,
        0
      ],
      [
        0,
        3,
        0,
        0,
        22,
        9,
        2,
        0,
        0,
        0
      ],
      [
        1,
        0,
        0,
        0,
        4,
        5,
        0,
        0,
        0,
        0
      ],
      [
        0,
        1,
        0,
        0,
        2,
        3,
        0,
        0,
        0,
        0
      ]
    ]
  },
  "bias": [
    -0.09375,
    0.0,
    -1.0,
    -1.3125,
    -0.125,
    0.0,
    0.0,
    0.0,
    0.0,
    0.0
  ]
}