{
  "thresholds": [
    0.6957675814628601,
    1.5468027591705322,
    2.7207674980163574,
    3.203906536102295,
    5.3974385261535645,
    5.983287334442139,
    6.487398624420166,
    7.558730602264404,
    8.499337196350098
  ],
  "test": {
    "exact_acc": 0.4487263226649249,
    "micro_f1": 0.4487263226649249,
    "relaxed_acc": 0.8001306335728282,
    "within2_acc": 0.9299477465708688,
    "macro_f1": 0.18551903368622732,
    "weighted_f1": 0.42405868185680107,
    "rare_f1_5_9": 0.010259214699770317,
    "rare_recall_5_9": 0.005394291243347847,
    "rare_precision_5_9": 0.10454545454545454,
    "mse_argmax": 1.693990855649902,
    "rmse_argmax": 1.3015340393742694,
    "mae_argmax": 0.8458523840627041,
    "mse_expected": 1.5195811358877607,
    "rmse_expected": 1.2327129170604811,
    "mae_expected": 0.8589722938438047,
    "confusion_matrix": [
      [
        1570,
        333,
        83,
        17,
        29,
        0,
        0,
        0,
        0,
        0
      ],
      [
        659,
        633,
        244,
        51,
        104,
        0,
        0,
        0,
        0,
        0
      ],
      [
        121,
        274,
        207,
        56,
        150,
        1,
        0,
        0,
        0,
        0
      ],
      [
        36,
        154,
        170,
        50,
        205,
        0,
        0,
        0,
        0,
        0
      ],
      [
        25,
        89,
        151,
        78,
        284,
        6,
        1,
        1,
        0,
        0
      ],
      [
        2,
        20,
        31,
        29,
        125,
        3,
        2,
        0,
        0,
        0
      ],
      [
        1,
        3,
        10,
        9,
        53,
        0,
        1,
        0,
        1,
        0
      ],
      [
        0,
        4,
        2,
        2,
        27,
        1,
        0,
        0,
        0,
        0
      ],
      [
        1,
        0,
        1,
        0,
        8,
        0,
        0,
        0,
        0,
        0
      ],
      [
        0,
        1,
        2,
        1,
        2,
        0,
        0,
        0,
        0,
        0
      ]
    ]
  }
}