{
  "thresholds": [
    0.7356783151626587,
    2.2418928146362305,
    2.5148136615753174,
    3.2213759422302246,
    4.530978679656982,
    6.2723283767700195,
    6.506668567657471,
    7.496294975280762,
    8.525221824645996
  ],
  "test": {
    "exact_acc": 0.45003265839320705,
    "micro_f1": 0.45003265839320705,
    "relaxed_acc": 0.8056825604180274,
    "within2_acc": 0.9286414108425866,
    "macro_f1": 0.1931107333605754,
    "weighted_f1": 0.42257527725147465,
    "rare_f1_5_9": 0.03584563584563585,
    "rare_recall_5_9": 0.023480083857442345,
    "rare_precision_5_9": 0.11137254901960784,
    "mse_argmax": 1.6786414108425864,
    "rmse_argmax": 1.2956239465379553,
    "mae_argmax": 0.8406270411495754,
    "mse_expected": 1.3954804986295268,
    "rmse_expected": 1.1813045748787765,
    "mae_expected": 0.837550332293735,
    "confusion_matrix": [
      [
        1502,
        452,
        20,
        31,
        25,
        2,
        0,
        0,
        0,
        0
      ],
      [
        629,
        851,
        59,
        108,
        43,
        1,
        0,
        0,
        0,
        0
      ],
      [
        92,
        446,
        54,
        107,
        106,
        4,
        0,
        0,
        0,
        0
      ],
      [
        28,
        266,
        54,
        127,
        136,
        4,
        0,
        0,
        0,
        0
      ],
      [
        17,
        174,
        55,
        158,
        202,
        29,
        0,
        0,
        0,
        0
      ],
      [
        0,
        36,
        15,
        51,
        90,
        19,
        1,
        0,
        0,
        0
      ],
      [
        0,
        13,
        1,
        6,
        41,
        15,
        0,
        2,
        0,
        0
      ],
      [
        0,
        2,
        1,
        8,
        14,
        10,
        0,
        1,
        0,
        0
      ],
      [
        0,
        0,
        0,
        1,
        8,
        1,
        0,
        0,
        0,
        0
      ],
      [
        0,
        1,
        1,
        0,
        4,
        0,
        0,
        0,
        0,
        0
      ]
    ]
  }
}