{
  "thresholds": [
    0.7416597604751587,
    2.3919575214385986,
    2.579308271408081,
    3.0436580181121826,
    4.511767387390137,
    6.2173967361450195,
    6.986280918121338,
    6.986280918121338,
    9.023244857788086
  ],
  "test": {
    "exact_acc": 0.44268451992161983,
    "micro_f1": 0.44268451992161983,
    "relaxed_acc": 0.781352057478772,
    "within2_acc": 0.9021881123448726,
    "macro_f1": 0.1856934269366579,
    "weighted_f1": 0.3988665130627182,
    "rare_f1_5_9": 0.04916894070950136,
    "rare_recall_5_9": 0.029535558780841797,
    "rare_precision_5_9": 0.17878787878787877,
    "mse_argmax": 1.946440235140431,
    "rmse_argmax": 1.3951488218611057,
    "mae_argmax": 0.9062704114957544,
    "mse_expected": 1.5563837889450867,
    "rmse_expected": 1.247551116766398,
    "mae_expected": 0.8767976804425658,
    "confusion_matrix": [
      [
        1603,
        375,
        9,
        18,
        26,
        1,
        0,
        0,
        0,
        0
      ],
      [
        786,
        753,
        36,
        31,
        84,
        1,
        0,
        0,
        0,
        0
      ],
      [
        161,
        422,
        49,
        45,
        128,
        4,
        0,
        0,
        0,
        0
      ],
      [
        58,
        286,
        37,
        47,
        183,
        4,
        0,
        0,
        0,
        0
      ],
      [
        35,
        243,
        47,
        49,
        238,
        21,
        1,
        0,
        1,
        0
      ],
      [
        4,
        52,
        8,
        23,
        108,
        15,
        2,
        0,
        0,
        0
      ],
      [
        1,
        13,
        2,
        6,
        40,
        9,
        6,
        0,
        1,
        0
      ],
      [
        0,
        4,
        2,
        2,
        18,
        9,
        0,
        0,
        1,
        0
      ],
      [
        0,
        1,
        0,
        0,
        7,
        2,
        0,
        0,
        0,
        0
      ],
      [
        0,
        0,
        0,
        2,
        4,
        0,
        0,
        0,
        0,
        0
      ]
    ]
  }
}