{
  "val": {
    "exact_acc": 0.3947744437640335,
    "micro_f1": 0.3947744437640335,
    "relaxed_acc": 0.7568891610532762,
    "within2_acc": 0.9036538068993673,
    "macro_f1": 0.2005202321817947,
    "weighted_f1": 0.39203003435480854,
    "rare_f1_5_9": 0.06941651812240048,
    "rare_recall_5_9": 0.05712229274357129,
    "rare_precision_5_9": 0.09046439628482973,
    "mse_argmax": 2.1461522759746887,
    "rmse_argmax": 1.464975179303284,
    "mae_argmax": 0.9867319861196162,
    "mse_expected": 2.1455704337231145,
    "rmse_expected": 1.4647765815041947,
    "mae_expected": 0.986895359387192,
    "confusion_matrix": [
      [
        1041,
        404,
        113,
        35,
        21,
        8,
        1,
        2,
        1,
        0
      ],
      [
        441,
        510,
        201,
        122,
        64,
        9,
        3,
        2,
        0,
        0
      ],
      [
        96,
        214,
        134,
        110,
        74,
        15,
        4,
        0,
        0,
        0
      ],
      [
        55,
        120,
        96,
        92,
        87,
        31,
        9,
        1,
        0,
        1
      ],
      [
        33,
        94,
        91,
        116,
        130,
        33,
        8,
        0,
        1,
        2
      ],
      [
        6,
        21,
        28,
        32,
        51,
        20,
        6,
        4,
        2,
        0
      ],
      [
        1,
        5,
        5,
        14,
        20,
        9,
        4,
        3,
        1,
        0
      ],
      [
        1,
        1,
        1,
        4,
        9,
        7,
        3,
        3,
        0,
        0
      ],
      [
        0,
        0,
        2,
        2,
        2,
        2,
        0,
        0,
        0,
        0
      ],
      [
        0,
        0,
        1,
        0,
        2,
        2,
        0,
        0,
        0,
        0
      ]
    ]
  },
  "test": {
    "exact_acc": 0.38912475506205096,
    "micro_f1": 0.38912475506205096,
    "relaxed_acc": 0.7622468974526453,
    "within2_acc": 0.9033311561071196,
    "macro_f1": 0.18998080060767694,
    "weighted_f1": 0.385738037457825,
    "rare_f1_5_9": 0.05349946827767218,
    "rare_recall_5_9": 0.0456297371391711,
    "rare_precision_5_9": 0.06533416749363594,
    "mse_argmax": 2.1461463096015674,
    "rmse_argmax": 1.4649731429625485,
    "mae_argmax": 0.9884062704114958,
    "mse_expected": 2.145550186766521,
    "rmse_expected": 1.464769670209798,
    "mae_expected": 0.988569055129062,
    "confusion_matrix": [
      [
        1281,
        549,
        115,
        47,
        28,
        11,
        1,
        0,
        0,
        0
      ],
      [
        545,
        642,
        259,
        147,
        83,
        12,
        2,
        1,
        0,
        0
      ],
      [
        136,
        277,
        160,
        112,
        98,
        21,
        4,
        0,
        0,
        1
      ],
      [
        59,
        150,
        138,
        126,
        112,
        22,
        5,
        2,
        1,
        0
      ],
      [
        50,
        114,
        108,
        136,
        144,
        57,
        14,
        8,
        2,
        2
      ],
      [
        6,
        28,
        37,
        39,
        64,
        23,
        10,
        4,
        1,
        0
      ],
      [
        1,
        5,
        9,
        16,
        20,
        17,
        5,
        4,
        1,
        0
      ],
      [
        2,
        4,
        4,
        5,
        9,
        6,
        4,
        2,
        0,
        0
      ],
      [
        1,
        0,
        1,
        0,
        2,
        1,
        4,
        1,
        0,
        0
      ],
      [
        1,
        0,
        2,
        1,
        0,
        2,
        0,
        0,
        0,
        0
      ]
    ]
  },
  "bias": [
    0.0,
    0.0,
    0.0,
    0.0,
    0.0,
    0.0,
    0.0,
    0.0,
    0.0,
    0.0
  ]
}