{
  "val": {
    "exact_acc": 0.4696876913655848,
    "micro_f1": 0.4696876913655848,
    "relaxed_acc": 0.8048581343131251,
    "within2_acc": 0.9126352316799347,
    "macro_f1": 0.17976617984166188,
    "weighted_f1": 0.4144681183076117,
    "rare_f1_5_9": 0.03302752293577982,
    "rare_recall_5_9": 0.021176470588235293,
    "rare_precision_5_9": 0.075,
    "mse_argmax": 1.7391304347826086,
    "rmse_argmax": 1.318760946791574,
    "mae_argmax": 0.8373137374974484,
    "mse_expected": 1.2591010832673586,
    "rmse_expected": 1.1220967352538544,
    "mae_expected": 0.8146518694952847,
    "confusion_matrix": [
      [
        1221,
        359,
        8,
        0,
        38,
        0,
        0,
        0,
        0,
        0
      ],
      [
        496,
        720,
        16,
        0,
        120,
        0,
        0,
        0,
        0,
        0
      ],
      [
        73,
        397,
        20,
        0,
        154,
        3,
        0,
        0,
        0,
        0
      ],
      [
        18,
        224,
        13,
        5,
        227,
        5,
        0,
        0,
        0,
        0
      ],
      [
        10,
        162,
        11,
        0,
        317,
        8,
        0,
        0,
        0,
        0
      ],
      [
        3,
        24,
        2,
        0,
        123,
        18,
        0,
        0,
        0,
        0
      ],
      [
        2,
        9,
        0,
        0,
        48,
        3,
        0,
        0,
        0,
        0
      ],
      [
        0,
        0,
        0,
        0,
        24,
        5,
        0,
        0,
        0,
        0
      ],
      [
        0,
        1,
        0,
        0,
        2,
        5,
        0,
        0,
        0,
        0
      ],
      [
        0,
        1,
        0,
        0,
        3,
        1,
        0,
        0,
        0,
        0
      ]
    ]
  },
  "test": {
    "exact_acc": 0.4800783801436969,
    "micro_f1": 0.4800783801436969,
    "relaxed_acc": 0.8043762246897452,
    "within2_acc": 0.9165578053559765,
    "macro_f1": 0.1756041504467321,
    "weighted_f1": 0.42220224268027373,
    "rare_f1_5_9": 0.0199288256227758,
    "rare_recall_5_9": 0.013207547169811321,
    "rare_precision_5_9": 0.04057971014492754,
    "mse_argmax": 1.702971913781842,
    "rmse_argmax": 1.3049796602943058,
    "mae_argmax": 0.8228282168517309,
    "mse_expected": 1.1975732517909892,
    "rmse_expected": 1.0943369004977348,
    "mae_expected": 0.7871477987344508,
    "confusion_matrix": [
      [
        1549,
        430,
        5,
        0,
        45,
        3,
        0,
        0,
        0,
        0
      ],
      [
        581,
        951,
        20,
        0,
        139,
        0,
        0,
        0,
        0,
        0
      ],
      [
        97,
        461,
        28,
        0,
        222,
        1,
        0,
        0,
        0,
        0
      ],
      [
        30,
        278,
        22,
        0,
        281,
        4,
        0,
        0,
        0,
        0
      ],
      [
        12,
        192,
        16,
        0,
        398,
        17,
        0,
        0,
        0,
        0
      ],
      [
        1,
        32,
        4,
        0,
        161,
        14,
        0,
        0,
        0,
        0
      ],
      [
        2,
        10,
        0,
        0,
        53,
        13,
        0,
        0,
        0,
        0
      ],
      [
        0,
        1,
        0,
        0,
        23,
        12,
        0,
        0,
        0,
        0
      ],
      [
        0,
        0,
        0,
        0,
        6,
        4,
        0,
        0,
        0,
        0
      ],
      [
        0,
        1,
        0,
        0,
        4,
        1,
        0,
        0,
        0,
        0
      ]
    ]
  },
  "bias": [
    0.25,
    0.125,
    0.0,
    -0.5,
    0.5,
    0.75,
    0.0,
    0.0,
    0.0,
    0.0
  ]
}