{
  "thresholds": [
    0.7706667184829712,
    1.8590002059936523,
    2.5933332443237305,
    2.831022024154663,
    4.599999904632568,
    5.5,
    6.5,
    7.5,
    8.5
  ],
  "test": {
    "exact_acc": 0.47844546048334424,
    "micro_f1": 0.47844546048334424,
    "relaxed_acc": 0.8231548007838014,
    "within2_acc": 0.9402351404310908,
    "macro_f1": 0.20154554288807672,
    "weighted_f1": 0.45196088420824615,
    "rare_f1_5_9": 0.012260536398467432,
    "rare_recall_5_9": 0.007547169811320755,
    "rare_precision_5_9": 0.03265306122448979,
    "mse_argmax": 1.4786087524493794,
    "rmse_argmax": 1.2159805723980048,
    "mae_argmax": 0.7751469627694317,
    "mse_expected": 1.2170525651813617,
    "rmse_expected": 1.1032010538344141,
    "mae_expected": 0.7908874577494559,
    "confusion_matrix": [
      [
        1561,
        394,
        47,
        7,
        21,
        2,
        0,
        0,
        0,
        0
      ],
      [
        624,
        807,
        172,
        31,
        57,
        0,
        0,
        0,
        0,
        0
      ],
      [
        96,
        364,
        194,
        41,
        114,
        0,
        0,
        0,
        0,
        0
      ],
      [
        22,
        218,
        147,
        57,
        169,
        2,
        0,
        0,
        0,
        0
      ],
      [
        11,
        128,
        139,
        46,
        303,
        8,
        0,
        0,
        0,
        0
      ],
      [
        1,
        18,
        37,
        19,
        129,
        8,
        0,
        0,
        0,
        0
      ],
      [
        1,
        3,
        12,
        4,
        42,
        16,
        0,
        0,
        0,
        0
      ],
      [
        0,
        0,
        2,
        1,
        23,
        9,
        1,
        0,
        0,
        0
      ],
      [
        0,
        0,
        0,
        0,
        7,
        3,
        0,
        0,
        0,
        0
      ],
      [
        0,
        1,
        0,
        1,
        3,
        1,
        0,
        0,
        0,
        0
      ]
    ]
  }
}