{
  "val": {
    "exact_acc": 0.46111451316595226,
    "micro_f1": 0.46111451316595226,
    "relaxed_acc": 0.7977138191467646,
    "within2_acc": 0.9071239028373137,
    "macro_f1": 0.16369444788249693,
    "weighted_f1": 0.40773700371338056,
    "rare_f1_5_9": 0.0022988505747126436,
    "rare_recall_5_9": 0.001176470588235294,
    "rare_precision_5_9": 0.05,
    "mse_argmax": 1.8083282302510717,
    "rmse_argmax": 1.344740952842246,
    "mae_argmax": 0.8603796693202694,
    "mse_expected": 1.3158713165584823,
    "rmse_expected": 1.1471143432799027,
    "mae_expected": 0.8252562152282279,
    "confusion_matrix": [
      [
        1169,
        404,
        7,
        0,
        46,
        0,
        0,
        0,
        0,
        0
      ],
      [
        443,
        711,
        21,
        0,
        176,
        1,
        0,
        0,
        0,
        0
      ],
      [
        69,
        357,
        23,
        0,
        197,
        1,
        0,
        0,
        0,
        0
      ],
      [
        14,
        192,
        17,
        5,
        263,
        1,
        0,
        0,
        0,
        0
      ],
      [
        11,
        130,
        17,
        0,
        350,
        0,
        0,
        0,
        0,
        0
      ],
      [
        2,
        22,
        1,
        0,
        144,
        1,
        0,
        0,
        0,
        0
      ],
      [
        0,
        9,
        0,
        0,
        53,
        0,
        0,
        0,
        0,
        0
      ],
      [
        0,
        1,
        0,
        0,
        28,
        0,
        0,
        0,
        0,
        0
      ],
      [
        0,
        1,
        0,
        0,
        7,
        0,
        0,
        0,
        0,
        0
      ],
      [
        0,
        1,
        0,
        0,
        4,
        0,
        0,
        0,
        0,
        0
      ]
    ]
  },
  "test": {
    "exact_acc": 0.46750489875898105,
    "micro_f1": 0.46750489875898105,
    "relaxed_acc": 0.7918027433050294,
    "within2_acc": 0.9072501632919661,
    "macro_f1": 0.16305946836499927,
    "weighted_f1": 0.4119363806614319,
    "rare_f1_5_9": 0.001834862385321101,
    "rare_recall_5_9": 0.0009433962264150943,
    "rare_precision_5_9": 0.03333333333333333,
    "mse_argmax": 1.8045395166557805,
    "rmse_argmax": 1.343331499167566,
    "mae_argmax": 0.8580992815153494,
    "mse_expected": 1.2728548411654579,
    "rmse_expected": 1.1282086868861885,
    "mae_expected": 0.8094579893986958,
    "confusion_matrix": [
      [
        1470,
        492,
        15,
        0,
        55,
        0,
        0,
        0,
        0,
        0
      ],
      [
        532,
        931,
        21,
        0,
        207,
        0,
        0,
        0,
        0,
        0
      ],
      [
        74,
        426,
        25,
        0,
        282,
        1,
        1,
        0,
        0,
        0
      ],
      [
        25,
        252,
        23,
        0,
        315,
        0,
        0,
        0,
        0,
        0
      ],
      [
        11,
        170,
        13,
        0,
        436,
        4,
        0,
        1,
        0,
        0
      ],
      [
        1,
        33,
        4,
        0,
        173,
        1,
        0,
        0,
        0,
        0
      ],
      [
        1,
        6,
        0,
        0,
        71,
        0,
        0,
        0,
        0,
        0
      ],
      [
        0,
        3,
        0,
        0,
        33,
        0,
        0,
        0,
        0,
        0
      ],
      [
        0,
        0,
        0,
        0,
        10,
        0,
        0,
        0,
        0,
        0
      ],
      [
        0,
        1,
        0,
        0,
        5,
        0,
        0,
        0,
        0,
        0
      ]
    ]
  },
  "bias": [
    0.09375,
    0.375,
    -0.1875,
    -1.0,
    0.25,
    -0.5,
    -0.5,
    0.0,
    0.0,
    0.0
  ]
}