{
  "thresholds": [
    0.6441696286201477,
    2.079429864883423,
    2.170281171798706,
    2.359955072402954,
    5.273685932159424,
    6.025515079498291,
    6.746662616729736,
    7.323263168334961,
    8.173654556274414
  ],
  "test": {
    "exact_acc": 0.4658719790986284,
    "micro_f1": 0.4658719790986284,
    "relaxed_acc": 0.7993141737426519,
    "within2_acc": 0.9129653821032006,
    "macro_f1": 0.17141689391946954,
    "weighted_f1": 0.41587291798833403,
    "rare_f1_5_9": 0.00847457627118644,
    "rare_recall_5_9": 0.004716981132075472,
    "rare_precision_5_9": 0.04166666666666667,
    "mse_argmax": 1.7774330502939255,
    "rmse_argmax": 1.333204054259484,
    "mae_argmax": 0.8486283474853037,
    "mse_expected": 1.4289430292460545,
    "rmse_expected": 1.1953840509418112,
    "mae_expected": 0.8368780288968443,
    "confusion_matrix": [
      [
        1502,
        474,
        5,
        6,
        44,
        1,
        0,
        0,
        0,
        0
      ],
      [
        576,
        928,
        12,
        28,
        146,
        1,
        0,
        0,
        0,
        0
      ],
      [
        80,
        467,
        16,
        40,
        206,
        0,
        0,
        0,
        0,
        0
      ],
      [
        23,
        285,
        8,
        33,
        265,
        1,
        0,
        0,
        0,
        0
      ],
      [
        9,
        202,
        13,
        32,
        369,
        8,
        2,
        0,
        0,
        0
      ],
      [
        1,
        35,
        5,
        12,
        153,
        5,
        1,
        0,
        0,
        0
      ],
      [
        1,
        11,
        0,
        0,
        61,
        4,
        0,
        1,
        0,
        0
      ],
      [
        0,
        5,
        1,
        0,
        26,
        3,
        1,
        0,
        0,
        0
      ],
      [
        0,
        1,
        0,
        0,
        8,
        1,
        0,
        0,
        0,
        0
      ],
      [
        0,
        1,
        0,
        2,
        3,
        0,
        0,
        0,
        0,
        0
      ]
    ]
  }
}