{
  "thresholds": [
    0.5,
    2.0500001907348633,
    3.0139999389648438,
    3.5,
    5.050000190734863,
    6.013999938964844,
    7.006800174713135,
    7.5,
    7.75
  ],
  "test": {
    "exact_acc": 0.42064010450685824,
    "micro_f1": 0.42064010450685824,
    "relaxed_acc": 0.7576747224036577,
    "within2_acc": 0.8840627041149576,
    "macro_f1": 0.17194454813177876,
    "weighted_f1": 0.3890625223252731,
    "rare_f1_5_9": 0.034831736674035864,
    "rare_recall_5_9": 0.02481857764876633,
    "rare_precision_5_9": 0.061250000000000006,
    "mse_argmax": 2.3200522534291315,
    "rmse_argmax": 1.523171774104658,
    "mae_argmax": 0.992161985630307,
    "mse_expected": 2.3086197662573498,
    "rmse_expected": 1.5194142839454123,
    "mae_expected": 1.0163295247490787,
    "confusion_matrix": [
      [
        1367,
        568,
        45,
        0,
        49,
        2,
        1,
        0,
        0,
        0
      ],
      [
        567,
        838,
        142,
        0,
        138,
        5,
        1,
        0,
        0,
        0
      ],
      [
        137,
        384,
        125,
        0,
        147,
        9,
        4,
        0,
        0,
        3
      ],
      [
        54,
        258,
        120,
        0,
        165,
        11,
        4,
        0,
        0,
        3
      ],
      [
        45,
        201,
        118,
        0,
        230,
        19,
        16,
        0,
        0,
        6
      ],
      [
        5,
        53,
        48,
        0,
        86,
        10,
        5,
        0,
        0,
        5
      ],
      [
        1,
        12,
        13,
        0,
        40,
        5,
        6,
        0,
        0,
        1
      ],
      [
        3,
        4,
        6,
        0,
        18,
        2,
        3,
        0,
        0,
        0
      ],
      [
        1,
        3,
        1,
        0,
        4,
        1,
        0,
        0,
        0,
        0
      ],
      [
        1,
        1,
        1,
        0,
        3,
        0,
        0,
        0,
        0,
        0
      ]
    ]
  }
}