{
  "thresholds": [
    0.70333331823349,
    2.345600128173828,
    2.5663156509399414,
    2.756631374359131,
    4.611999988555908,
    5.900000095367432,
    6.5,
    7.5,
    8.5
  ],
  "test": {
    "exact_acc": 0.4691378184193338,
    "micro_f1": 0.4691378184193338,
    "relaxed_acc": 0.8038863487916394,
    "within2_acc": 0.9248856956237753,
    "macro_f1": 0.18541180156513262,
    "weighted_f1": 0.42326784894685576,
    "rare_f1_5_9": 0.028140214216163584,
    "rare_recall_5_9": 0.01954523463957426,
    "rare_precision_5_9": 0.236,
    "mse_argmax": 1.6696603527106466,
    "rmse_argmax": 1.2921533781678731,
    "mae_argmax": 0.8247877204441542,
    "mse_expected": 1.279037580147059,
    "rmse_expected": 1.1309454364146216,
    "mae_expected": 0.8028709817463253,
    "confusion_matrix": [
      [
        1628,
        354,
        15,
        7,
        27,
        1,
        0,
        0,
        0,
        0
      ],
      [
        693,
        822,
        44,
        36,
        94,
        2,
        0,
        0,
        0,
        0
      ],
      [
        109,
        439,
        42,
        32,
        179,
        8,
        0,
        0,
        0,
        0
      ],
      [
        24,
        287,
        43,
        35,
        217,
        9,
        0,
        0,
        0,
        0
      ],
      [
        11,
        183,
        40,
        45,
        327,
        29,
        0,
        0,
        0,
        0
      ],
      [
        1,
        36,
        10,
        12,
        135,
        18,
        0,
        0,
        0,
        0
      ],
      [
        1,
        9,
        2,
        2,
        44,
        19,
        1,
        0,
        0,
        0
      ],
      [
        0,
        1,
        2,
        2,
        21,
        10,
        0,
        0,
        0,
        0
      ],
      [
        1,
        0,
        0,
        0,
        5,
        4,
        0,
        0,
        0,
        0
      ],
      [
        0,
        1,
        1,
        0,
        4,
        0,
        0,
        0,
        0,
        0
      ]
    ]
  }
}