{
  "val": {
    "exact_acc": 0.4633598693610941,
    "micro_f1": 0.4633598693610941,
    "relaxed_acc": 0.799755052051439,
    "within2_acc": 0.906307409675444,
    "macro_f1": 0.16142791273129534,
    "weighted_f1": 0.3997519717896156,
    "rare_f1_5_9": 0.008648648648648649,
    "rare_recall_5_9": 0.004705882352941176,
    "rare_precision_5_9": 0.05333333333333333,
    "mse_argmax": 1.80526638089406,
    "rmse_argmax": 1.3436020173005323,
    "mae_argmax": 0.8569095733823229,
    "mse_expected": 1.3403976785775762,
    "rmse_expected": 1.1577554485199264,
    "mae_expected": 0.831041346639594,
    "confusion_matrix": [
      [
        1237,
        353,
        0,
        1,
        35,
        0,
        0,
        0,
        0,
        0
      ],
      [
        525,
        700,
        0,
        1,
        126,
        0,
        0,
        0,
        0,
        0
      ],
      [
        78,
        406,
        3,
        2,
        156,
        2,
        0,
        0,
        0,
        0
      ],
      [
        23,
        232,
        0,
        6,
        227,
        4,
        0,
        0,
        0,
        0
      ],
      [
        11,
        174,
        0,
        0,
        320,
        3,
        0,
        0,
        0,
        0
      ],
      [
        2,
        30,
        0,
        0,
        132,
        4,
        0,
        1,
        1,
        0
      ],
      [
        0,
        12,
        0,
        0,
        50,
        0,
        0,
        0,
        0,
        0
      ],
      [
        0,
        1,
        0,
        0,
        28,
        0,
        0,
        0,
        0,
        0
      ],
      [
        0,
        1,
        0,
        0,
        5,
        2,
        0,
        0,
        0,
        0
      ],
      [
        0,
        1,
        0,
        0,
        4,
        0,
        0,
        0,
        0,
        0
      ]
    ]
  },
  "test": {
    "exact_acc": 0.47093403004572176,
    "micro_f1": 0.47093403004572176,
    "relaxed_acc": 0.7947419986936642,
    "within2_acc": 0.9079033311561071,
    "macro_f1": 0.1580147110411676,
    "weighted_f1": 0.4046487154054986,
    "rare_f1_5_9": 0.0017857142857142857,
    "rare_recall_5_9": 0.0009433962264150943,
    "rare_precision_5_9": 0.016666666666666666,
    "mse_argmax": 1.8318092749836707,
    "rmse_argmax": 1.3534434879165331,
    "mae_argmax": 0.8556499020248204,
    "mse_expected": 1.3070600513449218,
    "rmse_expected": 1.1432672703024966,
    "mae_expected": 0.81509929956809,
    "confusion_matrix": [
      [
        1571,
        416,
        1,
        0,
        43,
        1,
        0,
        0,
        0,
        0
      ],
      [
        628,
        914,
        3,
        1,
        145,
        0,
        0,
        0,
        0,
        0
      ],
      [
        97,
        476,
        4,
        2,
        227,
        2,
        1,
        0,
        0,
        0
      ],
      [
        28,
        302,
        1,
        0,
        283,
        1,
        0,
        0,
        0,
        0
      ],
      [
        11,
        224,
        1,
        1,
        394,
        4,
        0,
        0,
        0,
        0
      ],
      [
        1,
        44,
        0,
        0,
        163,
        1,
        3,
        0,
        0,
        0
      ],
      [
        1,
        13,
        0,
        0,
        62,
        2,
        0,
        0,
        0,
        0
      ],
      [
        0,
        5,
        0,
        0,
        29,
        1,
        1,
        0,
        0,
        0
      ],
      [
        1,
        0,
        0,
        0,
        9,
        0,
        0,
        0,
        0,
        0
      ],
      [
        0,
        2,
        0,
        0,
        4,
        0,
        0,
        0,
        0,
        0
      ]
    ]
  },
  "bias": [
    0.375,
    0.5625,
    -0.9375,
    -0.5,
    0.0,
    0.0,
    0.0,
    0.0,
    0.0,
    0.0
  ]
}