{
  "thresholds": [
    0.6000000238418579,
    2.75,
    2.812991142272949,
    3.2199110984802246,
    4.583333492279053,
    6.452333450317383,
    6.5,
    7.5,
    8.5
  ],
  "test": {
    "exact_acc": 0.4549314173742652,
    "micro_f1": 0.4549314173742652,
    "relaxed_acc": 0.7984977139124755,
    "within2_acc": 0.9165578053559765,
    "macro_f1": 0.1795694262570025,
    "weighted_f1": 0.41351421734650906,
    "rare_f1_5_9": 0.031360868993911786,
    "rare_recall_5_9": 0.020488630865989354,
    "rare_precision_5_9": 0.24935064935064935,
    "mse_argmax": 1.7900065316786413,
    "rmse_argmax": 1.337911257026654,
    "mae_argmax": 0.8589157413455258,
    "mse_expected": 1.412911283720164,
    "rmse_expected": 1.188659448168467,
    "mae_expected": 0.8396169627349117,
    "confusion_matrix": [
      [
        1410,
        575,
        4,
        13,
        29,
        1,
        0,
        0,
        0,
        0
      ],
      [
        513,
        1054,
        10,
        58,
        56,
        0,
        0,
        0,
        0,
        0
      ],
      [
        75,
        536,
        13,
        60,
        122,
        3,
        0,
        0,
        0,
        0
      ],
      [
        17,
        362,
        9,
        58,
        166,
        3,
        0,
        0,
        0,
        0
      ],
      [
        11,
        261,
        18,
        91,
        231,
        23,
        0,
        0,
        0,
        0
      ],
      [
        0,
        56,
        3,
        29,
        105,
        19,
        0,
        0,
        0,
        0
      ],
      [
        0,
        15,
        0,
        5,
        41,
        15,
        1,
        1,
        0,
        0
      ],
      [
        0,
        6,
        0,
        2,
        17,
        11,
        0,
        0,
        0,
        0
      ],
      [
        0,
        1,
        0,
        0,
        7,
        2,
        0,
        0,
        0,
        0
      ],
      [
        0,
        2,
        0,
        0,
        4,
        0,
        0,
        0,
        0,
        0
      ]
    ]
  }
}