{
  "val": {
    "exact_acc": 0.4649928556848336,
    "micro_f1": 0.4649928556848336,
    "relaxed_acc": 0.7977138191467646,
    "within2_acc": 0.9087568891610532,
    "macro_f1": 0.17838508192617047,
    "weighted_f1": 0.4046904465149181,
    "rare_f1_5_9": 0.045925925925925926,
    "rare_recall_5_9": 0.036470588235294116,
    "rare_precision_5_9": 0.062,
    "mse_argmax": 1.7903653806899367,
    "rmse_argmax": 1.3380453582333958,
    "mae_argmax": 0.8538477240253113,
    "mse_expected": 1.2770254722000418,
    "rmse_expected": 1.130055517308792,
    "mae_expected": 0.8194101330814263,
    "confusion_matrix": [
      [
        1232,
        362,
        0,
        0,
        31,
        1,
        0,
        0,
        0,
        0
      ],
      [
        516,
        724,
        0,
        0,
        110,
        2,
        0,
        0,
        0,
        0
      ],
      [
        85,
        417,
        0,
        0,
        142,
        3,
        0,
        0,
        0,
        0
      ],
      [
        22,
        246,
        0,
        5,
        203,
        16,
        0,
        0,
        0,
        0
      ],
      [
        9,
        194,
        0,
        0,
        286,
        19,
        0,
        0,
        0,
        0
      ],
      [
        3,
        32,
        0,
        0,
        104,
        31,
        0,
        0,
        0,
        0
      ],
      [
        2,
        9,
        0,
        0,
        42,
        9,
        0,
        0,
        0,
        0
      ],
      [
        0,
        0,
        0,
        0,
        16,
        13,
        0,
        0,
        0,
        0
      ],
      [
        0,
        1,
        0,
        0,
        3,
        4,
        0,
        0,
        0,
        0
      ],
      [
        0,
        1,
        0,
        0,
        2,
        2,
        0,
        0,
        0,
        0
      ]
    ]
  },
  "test": {
    "exact_acc": 0.47566949706074463,
    "micro_f1": 0.47566949706074463,
    "relaxed_acc": 0.8017635532331809,
    "within2_acc": 0.9132919660352711,
    "macro_f1": 0.16914801284692677,
    "weighted_f1": 0.4120021202336922,
    "rare_f1_5_9": 0.02195121951219512,
    "rare_recall_5_9": 0.016981132075471698,
    "rare_precision_5_9": 0.03103448275862069,
    "mse_argmax": 1.7367733507511431,
    "rmse_argmax": 1.3178669700509014,
    "mae_argmax": 0.8337687785760941,
    "mse_expected": 1.2163263966760307,
    "rmse_expected": 1.102871885885224,
    "mae_expected": 0.7918558093630846,
    "confusion_matrix": [
      [
        1575,
        418,
        1,
        0,
        34,
        4,
        0,
        0,
        0,
        0
      ],
      [
        611,
        958,
        0,
        0,
        122,
        0,
        0,
        0,
        0,
        0
      ],
      [
        96,
        504,
        3,
        0,
        200,
        6,
        0,
        0,
        0,
        0
      ],
      [
        31,
        317,
        0,
        0,
        257,
        10,
        0,
        0,
        0,
        0
      ],
      [
        12,
        230,
        0,
        0,
        359,
        34,
        0,
        0,
        0,
        0
      ],
      [
        1,
        41,
        0,
        0,
        152,
        18,
        0,
        0,
        0,
        0
      ],
      [
        1,
        13,
        0,
        0,
        43,
        21,
        0,
        0,
        0,
        0
      ],
      [
        0,
        2,
        0,
        0,
        18,
        16,
        0,
        0,
        0,
        0
      ],
      [
        0,
        0,
        0,
        0,
        6,
        4,
        0,
        0,
        0,
        0
      ],
      [
        0,
        1,
        0,
        0,
        2,
        3,
        0,
        0,
        0,
        0
      ]
    ]
  },
  "bias": [
    0.15625,
    0.0,
    -0.5,
    -0.5,
    0.25,
    0.78125,
    0.0,
    0.0,
    0.0,
    0.0
  ]
}