{
  "val": {
    "exact_acc": 0.4658093488467034,
    "micro_f1": 0.4658093488467034,
    "relaxed_acc": 0.8030210246989181,
    "within2_acc": 0.9130434782608695,
    "macro_f1": 0.17700670707747068,
    "weighted_f1": 0.4114391041362795,
    "rare_f1_5_9": 0.03033175355450237,
    "rare_recall_5_9": 0.018823529411764704,
    "rare_precision_5_9": 0.07804878048780488,
    "mse_argmax": 1.7519902020820575,
    "rmse_argmax": 1.3236276674662166,
    "mae_argmax": 0.8432333129210043,
    "mse_expected": 1.267425069143812,
    "rmse_expected": 1.1257997464664007,
    "mae_expected": 0.8177812535612885,
    "confusion_matrix": [
      [
        1210,
        379,
        5,
        0,
        32,
        0,
        0,
        0,
        0,
        0
      ],
      [
        494,
        740,
        11,
        0,
        107,
        0,
        0,
        0,
        0,
        0
      ],
      [
        73,
        419,
        21,
        0,
        133,
        1,
        0,
        0,
        0,
        0
      ],
      [
        16,
        249,
        16,
        5,
        203,
        3,
        0,
        0,
        0,
        0
      ],
      [
        9,
        180,
        21,
        0,
        290,
        8,
        0,
        0,
        0,
        0
      ],
      [
        3,
        28,
        3,
        0,
        120,
        16,
        0,
        0,
        0,
        0
      ],
      [
        2,
        9,
        1,
        0,
        48,
        2,
        0,
        0,
        0,
        0
      ],
      [
        0,
        1,
        0,
        0,
        21,
        7,
        0,
        0,
        0,
        0
      ],
      [
        0,
        1,
        0,
        0,
        4,
        3,
        0,
        0,
        0,
        0
      ],
      [
        0,
        1,
        0,
        0,
        3,
        1,
        0,
        0,
        0,
        0
      ]
    ]
  },
  "test": {
    "exact_acc": 0.48105813193990854,
    "micro_f1": 0.48105813193990854,
    "relaxed_acc": 0.802416721097322,
    "within2_acc": 0.9162312214239059,
    "macro_f1": 0.1755326913981874,
    "weighted_f1": 0.4236354882459982,
    "rare_f1_5_9": 0.01863799283154122,
    "rare_recall_5_9": 0.012264150943396227,
    "rare_precision_5_9": 0.03880597014925373,
    "mse_argmax": 1.7119529719137818,
    "rmse_argmax": 1.3084162074484487,
    "mae_argmax": 0.8242978445460484,
    "mse_expected": 1.2078122812646812,
    "rmse_expected": 1.0990051325015189,
    "mae_expected": 0.7904945924841084,
    "confusion_matrix": [
      [
        1531,
        454,
        9,
        0,
        36,
        2,
        0,
        0,
        0,
        0
      ],
      [
        554,
        1003,
        16,
        0,
        118,
        0,
        0,
        0,
        0,
        0
      ],
      [
        94,
        487,
        30,
        1,
        196,
        1,
        0,
        0,
        0,
        0
      ],
      [
        28,
        311,
        23,
        0,
        249,
        4,
        0,
        0,
        0,
        0
      ],
      [
        12,
        220,
        18,
        0,
        369,
        16,
        0,
        0,
        0,
        0
      ],
      [
        0,
        40,
        4,
        0,
        155,
        13,
        0,
        0,
        0,
        0
      ],
      [
        3,
        10,
        0,
        0,
        52,
        13,
        0,
        0,
        0,
        0
      ],
      [
        0,
        2,
        0,
        0,
        21,
        13,
        0,
        0,
        0,
        0
      ],
      [
        0,
        0,
        0,
        0,
        6,
        4,
        0,
        0,
        0,
        0
      ],
      [
        0,
        1,
        0,
        0,
        4,
        1,
        0,
        0,
        0,
        0
      ]
    ]
  },
  "bias": [
    0.125,
    0.03125,
    -0.125,
    -0.5,
    0.25,
    0.5,
    0.0,
    0.0,
    0.0,
    0.0
  ]
}