{
  "thresholds": [
    0.656118631362915,
    2.635338068008423,
    2.8457672595977783,
    3.056196451187134,
    4.596479892730713,
    5.842966556549072,
    7.07835578918457,
    7.516449451446533,
    8.729253768920898
  ],
  "test": {
    "exact_acc": 0.4701175702155454,
    "micro_f1": 0.4701175702155454,
    "relaxed_acc": 0.80421293272371,
    "within2_acc": 0.9225996080992815,
    "macro_f1": 0.18152659465062607,
    "weighted_f1": 0.42778695734621114,
    "rare_f1_5_9": 0.015658362989323844,
    "rare_recall_5_9": 0.010377358490566039,
    "rare_precision_5_9": 0.03188405797101449,
    "mse_argmax": 1.683050293925539,
    "rmse_argmax": 1.297324282485123,
    "mae_argmax": 0.8267472240365774,
    "mse_expected": 1.2728548411654579,
    "rmse_expected": 1.1282086868861885,
    "mae_expected": 0.8094579893986958,
    "confusion_matrix": [
      [
        1515,
        470,
        10,
        11,
        25,
        1,
        0,
        0,
        0,
        0
      ],
      [
        568,
        953,
        38,
        39,
        90,
        3,
        0,
        0,
        0,
        0
      ],
      [
        75,
        485,
        41,
        35,
        168,
        5,
        0,
        0,
        0,
        0
      ],
      [
        17,
        305,
        37,
        36,
        213,
        7,
        0,
        0,
        0,
        0
      ],
      [
        8,
        198,
        46,
        41,
        323,
        19,
        0,
        0,
        0,
        0
      ],
      [
        1,
        46,
        12,
        12,
        130,
        11,
        0,
        0,
        0,
        0
      ],
      [
        1,
        9,
        4,
        2,
        52,
        10,
        0,
        0,
        0,
        0
      ],
      [
        0,
        1,
        0,
        4,
        20,
        11,
        0,
        0,
        0,
        0
      ],
      [
        0,
        0,
        1,
        0,
        7,
        2,
        0,
        0,
        0,
        0
      ],
      [
        0,
        1,
        1,
        0,
        4,
        0,
        0,
        0,
        0,
        0
      ]
    ]
  }
}