{
  "thresholds": [
    0.7720000743865967,
    2.208235502243042,
    2.640066623687744,
    3.1708202362060547,
    5.366666793823242,
    6.004000186920166,
    6.06486701965332,
    7.5,
    8.5
  ],
  "test": {
    "exact_acc": 0.44937949052906595,
    "micro_f1": 0.44937949052906595,
    "relaxed_acc": 0.7803723056825604,
    "within2_acc": 0.9026779882429784,
    "macro_f1": 0.18449666331598716,
    "weighted_f1": 0.41228470986147925,
    "rare_f1_5_9": 0.02298689956331878,
    "rare_recall_5_9": 0.014884696016771486,
    "rare_precision_5_9": 0.07563025210084033,
    "mse_argmax": 1.9676681907250164,
    "rmse_argmax": 1.4027359661479477,
    "mae_argmax": 0.9023514043109079,
    "mse_expected": 1.6185881923924579,
    "rmse_expected": 1.2722374748420429,
    "mae_expected": 0.8815600025351619,
    "confusion_matrix": [
      [
        1576,
        375,
        20,
        22,
        39,
        0,
        0,
        0,
        0,
        0
      ],
      [
        689,
        738,
        69,
        61,
        134,
        0,
        0,
        0,
        0,
        0
      ],
      [
        142,
        375,
        65,
        68,
        156,
        0,
        0,
        3,
        0,
        0
      ],
      [
        53,
        242,
        52,
        74,
        192,
        2,
        0,
        0,
        0,
        0
      ],
      [
        33,
        177,
        51,
        66,
        293,
        6,
        2,
        6,
        1,
        0
      ],
      [
        0,
        46,
        10,
        21,
        130,
        4,
        0,
        1,
        0,
        0
      ],
      [
        1,
        8,
        10,
        5,
        48,
        3,
        0,
        2,
        1,
        0
      ],
      [
        2,
        3,
        0,
        3,
        24,
        2,
        0,
        2,
        0,
        0
      ],
      [
        1,
        0,
        1,
        0,
        8,
        0,
        0,
        0,
        0,
        0
      ],
      [
        0,
        3,
        1,
        0,
        2,
        0,
        0,
        0,
        0,
        0
      ]
    ]
  }
}