{
  "thresholds": [
    0.6233333349227905,
    2.237333297729492,
    2.436326026916504,
    2.462498188018799,
    4.900000095367432,
    5.673666954040527,
    6.5,
    7.5,
    8.5
  ],
  "test": {
    "exact_acc": 0.474689745264533,
    "micro_f1": 0.474689745264533,
    "relaxed_acc": 0.8001306335728282,
    "within2_acc": 0.9154147615937296,
    "macro_f1": 0.17508126924847237,
    "weighted_f1": 0.4246451941052259,
    "rare_f1_5_9": 0.011584362139917696,
    "rare_recall_5_9": 0.006337687469762941,
    "rare_precision_5_9": 0.12580645161290321,
    "mse_argmax": 1.7217504898758982,
    "rmse_argmax": 1.3121549031558348,
    "mae_argmax": 0.8324624428478119,
    "mse_expected": 1.2896287003455424,
    "rmse_expected": 1.1356182018378986,
    "mae_expected": 0.8081242392401837,
    "confusion_matrix": [
      [
        1512,
        458,
        10,
        1,
        50,
        1,
        0,
        0,
        0,
        0
      ],
      [
        547,
        922,
        36,
        4,
        182,
        0,
        0,
        0,
        0,
        0
      ],
      [
        68,
        430,
        46,
        7,
        256,
        2,
        0,
        0,
        0,
        0
      ],
      [
        17,
        264,
        29,
        5,
        298,
        2,
        0,
        0,
        0,
        0
      ],
      [
        7,
        163,
        34,
        4,
        417,
        9,
        1,
        0,
        0,
        0
      ],
      [
        1,
        25,
        12,
        0,
        170,
        4,
        0,
        0,
        0,
        0
      ],
      [
        1,
        8,
        2,
        0,
        61,
        5,
        1,
        0,
        0,
        0
      ],
      [
        0,
        1,
        0,
        0,
        29,
        6,
        0,
        0,
        0,
        0
      ],
      [
        0,
        1,
        0,
        0,
        7,
        2,
        0,
        0,
        0,
        0
      ],
      [
        0,
        2,
        0,
        0,
        4,
        0,
        0,
        0,
        0,
        0
      ]
    ]
  }
}