{
  "val": {
    "exact_acc": 0.4472341294141662,
    "micro_f1": 0.4472341294141662,
    "relaxed_acc": 0.7891406409471321,
    "within2_acc": 0.9061032863849765,
    "macro_f1": 0.1918853838578749,
    "weighted_f1": 0.4125721205712779,
    "rare_f1_5_9": 0.03689258985980816,
    "rare_recall_5_9": 0.031115618661257605,
    "rare_precision_5_9": 0.1,
    "mse_argmax": 1.9330475607266788,
    "rmse_argmax": 1.3903408074017962,
    "mae_argmax": 0.8944682588283324,
    "mse_expected": 1.470459036881558,
    "rmse_expected": 1.212624854141444,
    "mae_expected": 0.8624280952234694,
    "confusion_matrix": [
      [
        1140,
        412,
        35,
        2,
        37,
        0,
        0,
        0,
        0,
        0
      ],
      [
        471,
        651,
        122,
        6,
        98,
        0,
        0,
        4,
        0,
        0
      ],
      [
        103,
        301,
        110,
        3,
        129,
        0,
        0,
        1,
        0,
        0
      ],
      [
        49,
        172,
        82,
        14,
        167,
        4,
        1,
        3,
        0,
        0
      ],
      [
        35,
        122,
        70,
        9,
        269,
        1,
        0,
        2,
        0,
        0
      ],
      [
        8,
        29,
        21,
        1,
        100,
        3,
        2,
        6,
        0,
        0
      ],
      [
        2,
        7,
        4,
        1,
        45,
        0,
        0,
        3,
        0,
        0
      ],
      [
        0,
        1,
        1,
        0,
        22,
        1,
        0,
        4,
        0,
        0
      ],
      [
        0,
        0,
        2,
        0,
        4,
        0,
        1,
        1,
        0,
        0
      ],
      [
        0,
        0,
        0,
        0,
        4,
        0,
        0,
        0,
        1,
        0
      ]
    ]
  },
  "test": {
    "exact_acc": 0.4395819725669497,
    "micro_f1": 0.4395819725669497,
    "relaxed_acc": 0.7882103200522534,
    "within2_acc": 0.9077400391900718,
    "macro_f1": 0.17907063787520788,
    "weighted_f1": 0.40415422320967537,
    "rare_f1_5_9": 0.02781954887218045,
    "rare_recall_5_9": 0.02138364779874214,
    "rare_precision_5_9": 0.08472222222222223,
    "mse_argmax": 1.9666884389288046,
    "rmse_argmax": 1.4023866937934075,
    "mae_argmax": 0.9043109079033311,
    "mse_expected": 1.414877343446775,
    "rmse_expected": 1.1894861678249038,
    "mae_expected": 0.8394225648936138,
    "confusion_matrix": [
      [
        1421,
        512,
        45,
        3,
        49,
        1,
        1,
        0,
        0,
        0
      ],
      [
        588,
        815,
        155,
        6,
        125,
        0,
        0,
        2,
        0,
        0
      ],
      [
        126,
        365,
        122,
        11,
        179,
        2,
        0,
        4,
        0,
        0
      ],
      [
        49,
        216,
        118,
        4,
        226,
        0,
        0,
        2,
        0,
        0
      ],
      [
        37,
        155,
        101,
        8,
        322,
        4,
        0,
        8,
        0,
        0
      ],
      [
        9,
        34,
        24,
        2,
        131,
        5,
        5,
        1,
        1,
        0
      ],
      [
        4,
        6,
        6,
        1,
        52,
        2,
        0,
        6,
        1,
        0
      ],
      [
        2,
        5,
        2,
        0,
        19,
        2,
        3,
        3,
        0,
        0
      ],
      [
        1,
        0,
        1,
        0,
        6,
        0,
        1,
        1,
        0,
        0
      ],
      [
        0,
        0,
        1,
        0,
        5,
        0,
        0,
        0,
        0,
        0
      ]
    ]
  },
  "bias": [
    0.34375,
    0.375,
    0.03125,
    -0.875,
    0.5,
    -0.75,
    -0.5,
    0.46875,
    0.0,
    -0.5
  ]
}