{
  "thresholds": [
    0.6804805994033813,
    1.9620773792266846,
    2.4189670085906982,
    2.4763238430023193,
    4.835077285766602,
    6.278008937835693,
    6.71489143371582,
    7.207096099853516,
    8.430344581604004
  ],
  "test": {
    "exact_acc": 0.4678314826910516,
    "micro_f1": 0.4678314826910516,
    "relaxed_acc": 0.8104180274330502,
    "within2_acc": 0.9263553233180928,
    "macro_f1": 0.18463105873942828,
    "weighted_f1": 0.43098183889214275,
    "rare_f1_5_9": 0.01695920191990965,
    "rare_recall_5_9": 0.010111272375423318,
    "rare_precision_5_9": 0.22807017543859648,
    "mse_argmax": 1.6399412148922272,
    "rmse_argmax": 1.2806018955523326,
    "mae_argmax": 0.8182560418027433,
    "mse_expected": 1.2906207034933073,
    "rmse_expected": 1.136054885775026,
    "mae_expected": 0.810730438665489,
    "confusion_matrix": [
      [
        1493,
        450,
        31,
        3,
        54,
        1,
        0,
        0,
        0,
        0
      ],
      [
        555,
        873,
        119,
        9,
        135,
        0,
        0,
        0,
        0,
        0
      ],
      [
        77,
        407,
        95,
        8,
        219,
        3,
        0,
        0,
        0,
        0
      ],
      [
        18,
        216,
        101,
        15,
        261,
        4,
        0,
        0,
        0,
        0
      ],
      [
        11,
        134,
        87,
        9,
        380,
        14,
        0,
        0,
        0,
        0
      ],
      [
        0,
        25,
        12,
        5,
        162,
        8,
        0,
        0,
        0,
        0
      ],
      [
        1,
        7,
        5,
        1,
        51,
        12,
        1,
        0,
        0,
        0
      ],
      [
        0,
        0,
        1,
        0,
        24,
        11,
        0,
        0,
        0,
        0
      ],
      [
        0,
        1,
        0,
        0,
        5,
        4,
        0,
        0,
        0,
        0
      ],
      [
        0,
        1,
        0,
        0,
        5,
        0,
        0,
        0,
        0,
        0
      ]
    ]
  }
}