{
  "thresholds": [
    0.8300000429153442,
    1.8700000047683716,
    2.5898444652557373,
    2.7418911457061768,
    4.366666793823242,
    5.5,
    6.5,
    7.5,
    8.5
  ],
  "test": {
    "exact_acc": 0.47256694970607444,
    "micro_f1": 0.47256694970607444,
    "relaxed_acc": 0.8220117570215545,
    "within2_acc": 0.939745264532985,
    "macro_f1": 0.19531611694994372,
    "weighted_f1": 0.43951128087193514,
    "rare_f1_5_9": 0.020066889632107024,
    "rare_recall_5_9": 0.014150943396226415,
    "rare_precision_5_9": 0.034482758620689655,
    "mse_argmax": 1.492815153494448,
    "rmse_argmax": 1.2218081492175636,
    "mae_argmax": 0.78314826910516,
    "mse_expected": 1.2078122812646812,
    "rmse_expected": 1.0990051325015189,
    "mae_expected": 0.7904945924841084,
    "confusion_matrix": [
      [
        1620,
        326,
        52,
        6,
        26,
        2,
        0,
        0,
        0,
        0
      ],
      [
        695,
        721,
        179,
        18,
        78,
        0,
        0,
        0,
        0,
        0
      ],
      [
        104,
        341,
        185,
        37,
        139,
        3,
        0,
        0,
        0,
        0
      ],
      [
        22,
        206,
        148,
        24,
        209,
        6,
        0,
        0,
        0,
        0
      ],
      [
        13,
        114,
        133,
        27,
        329,
        19,
        0,
        0,
        0,
        0
      ],
      [
        1,
        18,
        32,
        8,
        138,
        15,
        0,
        0,
        0,
        0
      ],
      [
        1,
        4,
        10,
        1,
        41,
        21,
        0,
        0,
        0,
        0
      ],
      [
        0,
        0,
        2,
        1,
        19,
        14,
        0,
        0,
        0,
        0
      ],
      [
        0,
        0,
        0,
        0,
        6,
        4,
        0,
        0,
        0,
        0
      ],
      [
        0,
        1,
        0,
        0,
        2,
        3,
        0,
        0,
        0,
        0
      ]
    ]
  }
}