{
  "thresholds": [
    0.6079999804496765,
    1.8708000183105469,
    2.2453761100769043,
    2.4430716037750244,
    4.880000114440918,
    6.150000095367432,
    6.5,
    7.5,
    8.5
  ],
  "test": {
    "exact_acc": 0.46864794252122793,
    "micro_f1": 0.46864794252122793,
    "relaxed_acc": 0.8063357282821685,
    "within2_acc": 0.9252122795558458,
    "macro_f1": 0.18434160874770505,
    "weighted_f1": 0.4325070665688549,
    "rare_f1_5_9": 0.013138686131386862,
    "rare_recall_5_9": 0.008490566037735849,
    "rare_precision_5_9": 0.02903225806451613,
    "mse_argmax": 1.66263879817113,
    "rmse_argmax": 1.289433518321565,
    "mae_argmax": 0.8233180927498367,
    "mse_expected": 1.3495619392610843,
    "rmse_expected": 1.1617064772398766,
    "mae_expected": 0.8215732902564595,
    "confusion_matrix": [
      [
        1486,
        461,
        22,
        12,
        49,
        2,
        0,
        0,
        0,
        0
      ],
      [
        548,
        902,
        76,
        40,
        125,
        0,
        0,
        0,
        0,
        0
      ],
      [
        86,
        405,
        75,
        28,
        212,
        3,
        0,
        0,
        0,
        0
      ],
      [
        20,
        229,
        76,
        30,
        257,
        3,
        0,
        0,
        0,
        0
      ],
      [
        10,
        145,
        65,
        31,
        368,
        15,
        1,
        0,
        0,
        0
      ],
      [
        1,
        26,
        9,
        12,
        155,
        9,
        0,
        0,
        0,
        0
      ],
      [
        1,
        11,
        1,
        2,
        47,
        15,
        0,
        1,
        0,
        0
      ],
      [
        0,
        0,
        1,
        2,
        22,
        11,
        0,
        0,
        0,
        0
      ],
      [
        0,
        0,
        1,
        0,
        5,
        4,
        0,
        0,
        0,
        0
      ],
      [
        0,
        1,
        0,
        0,
        5,
        0,
        0,
        0,
        0,
        0
      ]
    ]
  }
}