{
  "thresholds": [
    0.6621472835540771,
    1.634448766708374,
    2.578434705734253,
    2.6452136039733887,
    4.618241786956787,
    6.042613983154297,
    6.568047046661377,
    7.306694030761719,
    8.920930862426758
  ],
  "test": {
    "exact_acc": 0.47419986936642716,
    "micro_f1": 0.47419986936642716,
    "relaxed_acc": 0.8211952971913782,
    "within2_acc": 0.9395819725669498,
    "macro_f1": 0.19532487709694168,
    "weighted_f1": 0.44299587389892037,
    "rare_f1_5_9": 0.019875776397515525,
    "rare_recall_5_9": 0.01509433962264151,
    "rare_precision_5_9": 0.02909090909090909,
    "mse_argmax": 1.48791639451339,
    "rmse_argmax": 1.2198017849279406,
    "mae_argmax": 0.7815153494448073,
    "mse_expected": 1.2387876076047664,
    "rmse_expected": 1.1130083591800946,
    "mae_expected": 0.7907638909335938,
    "confusion_matrix": [
      [
        1567,
        374,
        59,
        3,
        27,
        2,
        0,
        0,
        0,
        0
      ],
      [
        620,
        769,
        203,
        11,
        88,
        0,
        0,
        0,
        0,
        0
      ],
      [
        95,
        341,
        205,
        8,
        156,
        4,
        0,
        0,
        0,
        0
      ],
      [
        22,
        192,
        161,
        13,
        219,
        8,
        0,
        0,
        0,
        0
      ],
      [
        11,
        106,
        148,
        7,
        334,
        29,
        0,
        0,
        0,
        0
      ],
      [
        1,
        15,
        40,
        2,
        138,
        16,
        0,
        0,
        0,
        0
      ],
      [
        1,
        2,
        13,
        0,
        37,
        25,
        0,
        0,
        0,
        0
      ],
      [
        0,
        0,
        2,
        0,
        17,
        17,
        0,
        0,
        0,
        0
      ],
      [
        0,
        0,
        1,
        0,
        3,
        6,
        0,
        0,
        0,
        0
      ],
      [
        0,
        1,
        0,
        0,
        2,
        3,
        0,
        0,
        0,
        0
      ]
    ]
  }
}