{
  "thresholds": [
    0.6251904368400574,
    2.7713961601257324,
    2.820331335067749,
    2.96427845954895,
    4.773620128631592,
    6.062926769256592,
    6.365870475769043,
    7.279748439788818,
    8.833283424377441
  ],
  "test": {
    "exact_acc": 0.47273024167210975,
    "micro_f1": 0.47273024167210975,
    "relaxed_acc": 0.7957217504898759,
    "within2_acc": 0.9150881776616591,
    "macro_f1": 0.17203766483738353,
    "weighted_f1": 0.41467171973251743,
    "rare_f1_5_9": 0.01206896551724138,
    "rare_recall_5_9": 0.006603773584905661,
    "rare_precision_5_9": 0.06999999999999999,
    "mse_argmax": 1.7633899412148921,
    "rmse_argmax": 1.3279269336883306,
    "mae_argmax": 0.8424232527759634,
    "mse_expected": 1.3070600513449218,
    "rmse_expected": 1.1432672703024966,
    "mae_expected": 0.81509929956809,
    "confusion_matrix": [
      [
        1592,
        398,
        3,
        8,
        31,
        0,
        0,
        0,
        0,
        0
      ],
      [
        656,
        883,
        6,
        24,
        122,
        0,
        0,
        0,
        0,
        0
      ],
      [
        101,
        467,
        10,
        23,
        207,
        1,
        0,
        0,
        0,
        0
      ],
      [
        22,
        314,
        6,
        27,
        246,
        0,
        0,
        0,
        0,
        0
      ],
      [
        12,
        212,
        11,
        19,
        376,
        5,
        0,
        0,
        0,
        0
      ],
      [
        1,
        47,
        0,
        8,
        149,
        7,
        0,
        0,
        0,
        0
      ],
      [
        1,
        12,
        0,
        3,
        59,
        3,
        0,
        0,
        0,
        0
      ],
      [
        0,
        2,
        0,
        3,
        27,
        4,
        0,
        0,
        0,
        0
      ],
      [
        0,
        1,
        0,
        0,
        9,
        0,
        0,
        0,
        0,
        0
      ],
      [
        0,
        2,
        0,
        0,
        4,
        0,
        0,
        0,
        0,
        0
      ]
    ]
  }
}