{
  "val": {
    "exact_acc": 0.45376607470912433,
    "micro_f1": 0.45376607470912433,
    "relaxed_acc": 0.7856705450091855,
    "within2_acc": 0.9022249438660951,
    "macro_f1": 0.19730843349917082,
    "weighted_f1": 0.4044375378114515,
    "rare_f1_5_9": 0.0689095469971964,
    "rare_recall_5_9": 0.058012170385395544,
    "rare_precision_5_9": 0.08938271604938272,
    "mse_argmax": 1.9657072872014696,
    "rmse_argmax": 1.4020368351799712,
    "mae_argmax": 0.8961012451520719,
    "mse_expected": 1.4177004822640389,
    "rmse_expected": 1.190672281639259,
    "mae_expected": 0.8490673945489834,
    "confusion_matrix": [
      [
        1178,
        415,
        3,
        2,
        26,
        0,
        0,
        2,
        0,
        0
      ],
      [
        507,
        723,
        13,
        10,
        86,
        11,
        0,
        2,
        0,
        0
      ],
      [
        113,
        379,
        16,
        10,
        126,
        3,
        0,
        0,
        0,
        0
      ],
      [
        45,
        235,
        11,
        25,
        153,
        21,
        0,
        2,
        0,
        0
      ],
      [
        36,
        171,
        6,
        17,
        256,
        18,
        0,
        4,
        0,
        0
      ],
      [
        8,
        38,
        0,
        5,
        94,
        20,
        0,
        5,
        0,
        0
      ],
      [
        1,
        9,
        1,
        2,
        44,
        3,
        0,
        2,
        0,
        0
      ],
      [
        0,
        1,
        0,
        0,
        20,
        3,
        0,
        5,
        0,
        0
      ],
      [
        0,
        2,
        0,
        0,
        1,
        2,
        0,
        3,
        0,
        0
      ],
      [
        0,
        0,
        0,
        0,
        4,
        0,
        0,
        0,
        1,
        0
      ]
    ]
  },
  "test": {
    "exact_acc": 0.45182887001959504,
    "micro_f1": 0.45182887001959504,
    "relaxed_acc": 0.7864141084258655,
    "within2_acc": 0.9008817766165904,
    "macro_f1": 0.18974860019785833,
    "weighted_f1": 0.40155281241690866,
    "rare_f1_5_9": 0.06546546546546547,
    "rare_recall_5_9": 0.06058700209643606,
    "rare_precision_5_9": 0.07485863418877772,
    "mse_argmax": 1.9810581319399085,
    "rmse_argmax": 1.4075006685397733,
    "mae_argmax": 0.8997387328543436,
    "mse_expected": 1.3495619392610843,
    "rmse_expected": 1.1617064772398766,
    "mae_expected": 0.8215732902564595,
    "confusion_matrix": [
      [
        1457,
        520,
        6,
        3,
        41,
        5,
        0,
        0,
        0,
        0
      ],
      [
        604,
        948,
        21,
        9,
        99,
        9,
        0,
        1,
        0,
        0
      ],
      [
        143,
        449,
        23,
        11,
        168,
        10,
        0,
        5,
        0,
        0
      ],
      [
        57,
        287,
        19,
        12,
        221,
        16,
        0,
        3,
        0,
        0
      ],
      [
        34,
        224,
        13,
        19,
        297,
        38,
        0,
        10,
        0,
        0
      ],
      [
        7,
        43,
        2,
        4,
        129,
        23,
        0,
        4,
        0,
        0
      ],
      [
        3,
        10,
        3,
        1,
        44,
        10,
        0,
        7,
        0,
        0
      ],
      [
        0,
        5,
        0,
        0,
        17,
        7,
        0,
        7,
        0,
        0
      ],
      [
        1,
        0,
        0,
        0,
        5,
        3,
        0,
        1,
        0,
        0
      ],
      [
        0,
        0,
        1,
        0,
        5,
        0,
        0,
        0,
        0,
        0
      ]
    ]
  },
  "bias": [
    0.03125,
    0.03125,
    -1.0,
    -1.0,
    0.0,
    -0.25,
    -1.5,
    0.625,
    0.0,
    0.0
  ]
}