{
  "val": {
    "exact_acc": 0.43478260869565216,
    "micro_f1": 0.43478260869565216,
    "relaxed_acc": 0.7711777913859972,
    "within2_acc": 0.8893651765666463,
    "macro_f1": 0.17257256065066007,
    "weighted_f1": 0.3931503814047826,
    "rare_f1_5_9": 0.026957694242084836,
    "rare_recall_5_9": 0.019371851076359352,
    "rare_precision_5_9": 0.06763197586726999,
    "mse_argmax": 2.1108389467238213,
    "rmse_argmax": 1.4528726533057952,
    "mae_argmax": 0.9452949581547254,
    "mse_expected": 1.5173049272069095,
    "rmse_expected": 1.2317893193265272,
    "mae_expected": 0.8700895558523152,
    "confusion_matrix": [
      [
        1157,
        402,
        18,
        0,
        47,
        2,
        0,
        0,
        0,
        0
      ],
      [
        484,
        627,
        60,
        6,
        171,
        1,
        1,
        2,
        0,
        0
      ],
      [
        102,
        318,
        47,
        9,
        170,
        1,
        0,
        0,
        0,
        0
      ],
      [
        37,
        185,
        43,
        11,
        203,
        4,
        3,
        6,
        0,
        0
      ],
      [
        32,
        138,
        37,
        10,
        283,
        2,
        3,
        2,
        0,
        1
      ],
      [
        6,
        37,
        6,
        2,
        110,
        2,
        4,
        3,
        0,
        0
      ],
      [
        1,
        8,
        3,
        0,
        47,
        0,
        1,
        2,
        0,
        0
      ],
      [
        0,
        2,
        0,
        0,
        24,
        0,
        1,
        2,
        0,
        0
      ],
      [
        1,
        1,
        0,
        0,
        4,
        0,
        2,
        0,
        0,
        0
      ],
      [
        0,
        0,
        0,
        0,
        4,
        1,
        0,
        0,
        0,
        0
      ]
    ]
  },
  "test": {
    "exact_acc": 0.4435009797517962,
    "micro_f1": 0.4435009797517962,
    "relaxed_acc": 0.7775963422599608,
    "within2_acc": 0.8969627694317439,
    "macro_f1": 0.1731210743280404,
    "weighted_f1": 0.40337653523025613,
    "rare_f1_5_9": 0.01790691046777727,
    "rare_recall_5_9": 0.011893243025318497,
    "rare_precision_5_9": 0.07466666666666666,
    "mse_argmax": 2.04523187459177,
    "rmse_argmax": 1.4301160353592886,
    "mae_argmax": 0.9208033964728936,
    "mse_expected": 1.4646037989775378,
    "rmse_expected": 1.2102081634898758,
    "mae_expected": 0.8508738165831251,
    "confusion_matrix": [
      [
        1439,
        503,
        25,
        4,
        61,
        0,
        0,
        0,
        0,
        0
      ],
      [
        585,
        817,
        89,
        6,
        192,
        1,
        1,
        0,
        0,
        0
      ],
      [
        135,
        360,
        79,
        8,
        223,
        2,
        1,
        1,
        0,
        0
      ],
      [
        40,
        225,
        65,
        10,
        270,
        1,
        1,
        3,
        0,
        0
      ],
      [
        24,
        168,
        49,
        8,
        365,
        5,
        4,
        10,
        0,
        2
      ],
      [
        6,
        39,
        11,
        2,
        139,
        4,
        6,
        5,
        0,
        0
      ],
      [
        3,
        9,
        2,
        1,
        56,
        2,
        1,
        4,
        0,
        0
      ],
      [
        2,
        5,
        0,
        1,
        26,
        0,
        1,
        1,
        0,
        0
      ],
      [
        1,
        1,
        0,
        0,
        7,
        0,
        0,
        1,
        0,
        0
      ],
      [
        2,
        0,
        0,
        0,
        4,
        0,
        0,
        0,
        0,
        0
      ]
    ]
  },
  "bias": [
    0.25,
    0.5,
    -0.28125,
    -1.0,
    0.5,
    -1.25,
    -0.5,
    0.125,
    -0.5,
    0.0
  ]
}