{
  "thresholds": [
    0.7599999904632568,
    2.502633571624756,
    2.6096668243408203,
    2.7860779762268066,
    4.233333110809326,
    5.5,
    6.5,
    7.5,
    8.5
  ],
  "test": {
    "exact_acc": 0.47387328543435664,
    "micro_f1": 0.47387328543435664,
    "relaxed_acc": 0.807805355976486,
    "within2_acc": 0.9201502286087524,
    "macro_f1": 0.18066300050011835,
    "weighted_f1": 0.4236095831637637,
    "rare_f1_5_9": 0.019169329073482427,
    "rare_recall_5_9": 0.014150943396226415,
    "rare_precision_5_9": 0.0297029702970297,
    "mse_argmax": 1.68370346178968,
    "rmse_argmax": 1.297575994610597,
    "mae_argmax": 0.8221750489875899,
    "mse_expected": 1.228059699511024,
    "rmse_expected": 1.1081785503749042,
    "mae_expected": 0.7956095493911413,
    "confusion_matrix": [
      [
        1584,
        413,
        4,
        5,
        24,
        2,
        0,
        0,
        0,
        0
      ],
      [
        639,
        942,
        20,
        20,
        70,
        0,
        0,
        0,
        0,
        0
      ],
      [
        101,
        519,
        25,
        36,
        125,
        3,
        0,
        0,
        0,
        0
      ],
      [
        22,
        342,
        26,
        36,
        181,
        8,
        0,
        0,
        0,
        0
      ],
      [
        13,
        241,
        22,
        30,
        300,
        29,
        0,
        0,
        0,
        0
      ],
      [
        1,
        47,
        6,
        14,
        129,
        15,
        0,
        0,
        0,
        0
      ],
      [
        1,
        13,
        1,
        2,
        38,
        23,
        0,
        0,
        0,
        0
      ],
      [
        0,
        2,
        0,
        1,
        19,
        14,
        0,
        0,
        0,
        0
      ],
      [
        0,
        0,
        0,
        0,
        6,
        4,
        0,
        0,
        0,
        0
      ],
      [
        0,
        1,
        1,
        0,
        1,
        3,
        0,
        0,
        0,
        0
      ]
    ]
  }
}