{
  "thresholds": [
    0.7333333492279053,
    2.1076767444610596,
    2.232999801635742,
    2.2908332347869873,
    4.849999904632568,
    5.927999973297119,
    6.5,
    7.5,
    8.5
  ],
  "test": {
    "exact_acc": 0.4706074461136512,
    "micro_f1": 0.4706074461136512,
    "relaxed_acc": 0.8051926845199217,
    "within2_acc": 0.9219464402351404,
    "macro_f1": 0.1713099782968781,
    "weighted_f1": 0.41240484502856195,
    "rare_f1_5_9": 0.0149812734082397,
    "rare_recall_5_9": 0.009433962264150945,
    "rare_precision_5_9": 0.03636363636363636,
    "mse_argmax": 1.6631286740692357,
    "rmse_argmax": 1.2896234621273124,
    "mae_argmax": 0.823481384715872,
    "mse_expected": 1.2456782695537818,
    "rmse_expected": 1.1160995786908003,
    "mae_expected": 0.7944037847716703,
    "confusion_matrix": [
      [
        1597,
        377,
        13,
        2,
        42,
        1,
        0,
        0,
        0,
        0
      ],
      [
        685,
        843,
        21,
        17,
        125,
        0,
        0,
        0,
        0,
        0
      ],
      [
        106,
        448,
        21,
        14,
        220,
        0,
        0,
        0,
        0,
        0
      ],
      [
        27,
        278,
        21,
        9,
        278,
        2,
        0,
        0,
        0,
        0
      ],
      [
        11,
        184,
        16,
        13,
        402,
        9,
        0,
        0,
        0,
        0
      ],
      [
        1,
        26,
        6,
        2,
        167,
        10,
        0,
        0,
        0,
        0
      ],
      [
        1,
        10,
        2,
        0,
        49,
        16,
        0,
        0,
        0,
        0
      ],
      [
        0,
        0,
        0,
        0,
        24,
        12,
        0,
        0,
        0,
        0
      ],
      [
        0,
        0,
        1,
        0,
        5,
        4,
        0,
        0,
        0,
        0
      ],
      [
        0,
        1,
        0,
        0,
        4,
        1,
        0,
        0,
        0,
        0
      ]
    ]
  }
}