{
  "thresholds": [
    0.6600000262260437,
    1.9500000476837158,
    2.695333480834961,
    2.75,
    4.538000106811523,
    5.5,
    6.5,
    7.5,
    8.5
  ],
  "test": {
    "exact_acc": 0.46864794252122793,
    "micro_f1": 0.46864794252122793,
    "relaxed_acc": 0.806009144350098,
    "within2_acc": 0.9284781188765513,
    "macro_f1": 0.1879008898881725,
    "weighted_f1": 0.43001822221077435,
    "rare_f1_5_9": 0.019580419580419582,
    "rare_recall_5_9": 0.013207547169811321,
    "rare_precision_5_9": 0.03783783783783784,
    "mse_argmax": 1.6061397779229263,
    "rmse_argmax": 1.2673357005635588,
    "mae_argmax": 0.8148269105160026,
    "mse_expected": 1.2807957825505105,
    "rmse_expected": 1.131722484777302,
    "mae_expected": 0.8054513907279244,
    "confusion_matrix": [
      [
        1619,
        314,
        58,
        4,
        36,
        1,
        0,
        0,
        0,
        0
      ],
      [
        688,
        685,
        160,
        10,
        148,
        0,
        0,
        0,
        0,
        0
      ],
      [
        105,
        314,
        149,
        8,
        228,
        5,
        0,
        0,
        0,
        0
      ],
      [
        23,
        183,
        125,
        11,
        266,
        7,
        0,
        0,
        0,
        0
      ],
      [
        11,
        107,
        95,
        10,
        392,
        20,
        0,
        0,
        0,
        0
      ],
      [
        1,
        16,
        31,
        2,
        148,
        14,
        0,
        0,
        0,
        0
      ],
      [
        1,
        3,
        7,
        1,
        53,
        13,
        0,
        0,
        0,
        0
      ],
      [
        0,
        0,
        2,
        0,
        25,
        9,
        0,
        0,
        0,
        0
      ],
      [
        0,
        0,
        1,
        0,
        5,
        4,
        0,
        0,
        0,
        0
      ],
      [
        0,
        1,
        0,
        1,
        3,
        1,
        0,
        0,
        0,
        0
      ]
    ]
  }
}