{
  "thresholds": [
    0.7073144912719727,
    2.251689910888672,
    2.4841530323028564,
    2.613140821456909,
    4.48940372467041,
    6.329305648803711,
    6.371508598327637,
    7.572495937347412,
    8.518584251403809
  ],
  "test": {
    "exact_acc": 0.43827563683866755,
    "micro_f1": 0.43827563683866755,
    "relaxed_acc": 0.781352057478772,
    "within2_acc": 0.9021881123448726,
    "macro_f1": 0.1668377519475916,
    "weighted_f1": 0.39167528177134175,
    "rare_f1_5_9": 0.02142857142857143,
    "rare_recall_5_9": 0.014150943396226415,
    "rare_precision_5_9": 0.044117647058823525,
    "mse_argmax": 1.9678314826910517,
    "rmse_argmax": 1.4027941697523025,
    "mae_argmax": 0.9129653821032006,
    "mse_expected": 1.5775464906291603,
    "rmse_expected": 1.256004176198933,
    "mae_expected": 0.8799311088093984,
    "confusion_matrix": [
      [
        1564,
        405,
        18,
        1,
        43,
        1,
        0,
        0,
        0,
        0
      ],
      [
        755,
        746,
        75,
        4,
        110,
        1,
        0,
        0,
        0,
        0
      ],
      [
        154,
        410,
        70,
        7,
        163,
        5,
        0,
        0,
        0,
        0
      ],
      [
        58,
        266,
        56,
        8,
        223,
        4,
        0,
        0,
        0,
        0
      ],
      [
        35,
        220,
        70,
        6,
        281,
        21,
        0,
        2,
        0,
        0
      ],
      [
        4,
        51,
        9,
        6,
        125,
        15,
        1,
        1,
        0,
        0
      ],
      [
        1,
        13,
        2,
        1,
        45,
        10,
        0,
        6,
        0,
        0
      ],
      [
        0,
        5,
        1,
        0,
        20,
        9,
        0,
        0,
        1,
        0
      ],
      [
        0,
        1,
        0,
        0,
        7,
        2,
        0,
        0,
        0,
        0
      ],
      [
        0,
        0,
        1,
        0,
        5,
        0,
        0,
        0,
        0,
        0
      ]
    ]
  }
}