{
  "thresholds": [
    0.696868896484375,
    2.4517078399658203,
    2.4704818725585938,
    3.085914134979248,
    4.6471428871154785,
    6.371731281280518,
    6.717294692993164,
    7.238931179046631,
    8.56082820892334
  ],
  "test": {
    "exact_acc": 0.4412148922273024,
    "micro_f1": 0.4412148922273024,
    "relaxed_acc": 0.7826583932070542,
    "within2_acc": 0.9002286087524494,
    "macro_f1": 0.17955134248839827,
    "weighted_f1": 0.39381830241817284,
    "rare_f1_5_9": 0.0433905836110399,
    "rare_recall_5_9": 0.02629414610546686,
    "rare_precision_5_9": 0.20857142857142857,
    "mse_argmax": 1.9776290006531678,
    "rmse_argmax": 1.4062819776464348,
    "mae_argmax": 0.9113324624428478,
    "mse_expected": 1.594030879369441,
    "rmse_expected": 1.26254935720131,
    "mae_expected": 0.8835577003041757,
    "confusion_matrix": [
      [
        1548,
        431,
        1,
        21,
        30,
        1,
        0,
        0,
        0,
        0
      ],
      [
        731,
        810,
        3,
        63,
        83,
        1,
        0,
        0,
        0,
        0
      ],
      [
        155,
        430,
        7,
        80,
        132,
        5,
        0,
        0,
        0,
        0
      ],
      [
        65,
        284,
        4,
        72,
        185,
        5,
        0,
        0,
        0,
        0
      ],
      [
        42,
        240,
        7,
        79,
        244,
        21,
        0,
        1,
        1,
        0
      ],
      [
        5,
        54,
        0,
        19,
        116,
        17,
        0,
        1,
        0,
        0
      ],
      [
        1,
        14,
        0,
        7,
        41,
        9,
        4,
        1,
        1,
        0
      ],
      [
        0,
        6,
        0,
        2,
        17,
        10,
        0,
        0,
        1,
        0
      ],
      [
        1,
        0,
        0,
        0,
        7,
        1,
        1,
        0,
        0,
        0
      ],
      [
        0,
        0,
        0,
        2,
        4,
        0,
        0,
        0,
        0,
        0
      ]
    ]
  }
}