{
  "val": {
    "exact_acc": 0.4449887732190243,
    "micro_f1": 0.4449887732190243,
    "relaxed_acc": 0.7740355174525413,
    "within2_acc": 0.8948765054092672,
    "macro_f1": 0.18256040709244742,
    "weighted_f1": 0.4047737545488674,
    "rare_f1_5_9": 0.030004478280340353,
    "rare_recall_5_9": 0.020851926977687625,
    "rare_precision_5_9": 0.06303030303030303,
    "mse_argmax": 2.039395795060216,
    "rmse_argmax": 1.4280741560087895,
    "mae_argmax": 0.9236578893651766,
    "mse_expected": 1.4770689044737288,
    "rmse_expected": 1.2153472361731559,
    "mae_expected": 0.8643065388699731,
    "confusion_matrix": [
      [
        1151,
        402,
        12,
        8,
        51,
        0,
        0,
        2,
        0,
        0
      ],
      [
        477,
        648,
        44,
        24,
        155,
        2,
        0,
        2,
        0,
        0
      ],
      [
        106,
        297,
        38,
        23,
        180,
        3,
        0,
        0,
        0,
        0
      ],
      [
        46,
        169,
        24,
        32,
        205,
        13,
        1,
        2,
        0,
        0
      ],
      [
        39,
        118,
        25,
        18,
        303,
        4,
        0,
        1,
        0,
        0
      ],
      [
        7,
        27,
        5,
        5,
        116,
        6,
        0,
        4,
        0,
        0
      ],
      [
        1,
        6,
        0,
        3,
        51,
        0,
        0,
        1,
        0,
        0
      ],
      [
        0,
        1,
        0,
        0,
        23,
        3,
        0,
        2,
        0,
        0
      ],
      [
        0,
        0,
        1,
        0,
        5,
        1,
        0,
        1,
        0,
        0
      ],
      [
        0,
        0,
        0,
        0,
        4,
        1,
        0,
        0,
        0,
        0
      ]
    ]
  },
  "test": {
    "exact_acc": 0.4435009797517962,
    "micro_f1": 0.4435009797517962,
    "relaxed_acc": 0.7833115610711953,
    "within2_acc": 0.9005551926845199,
    "macro_f1": 0.18526821653832543,
    "weighted_f1": 0.40342387946166525,
    "rare_f1_5_9": 0.04321845469705392,
    "rare_recall_5_9": 0.029874213836477988,
    "rare_precision_5_9": 0.09222222222222223,
    "mse_argmax": 2.001143043762247,
    "rmse_argmax": 1.414617631645473,
    "mae_argmax": 0.9113324624428478,
    "mse_expected": 1.412911283720164,
    "rmse_expected": 1.188659448168467,
    "mae_expected": 0.8396169627349117,
    "confusion_matrix": [
      [
        1421,
        518,
        21,
        9,
        60,
        2,
        1,
        0,
        0,
        0
      ],
      [
        597,
        829,
        56,
        27,
        178,
        1,
        0,
        3,
        0,
        0
      ],
      [
        125,
        366,
        54,
        27,
        228,
        7,
        0,
        2,
        0,
        0
      ],
      [
        55,
        221,
        30,
        20,
        287,
        1,
        0,
        1,
        0,
        0
      ],
      [
        38,
        144,
        28,
        31,
        375,
        14,
        0,
        5,
        0,
        0
      ],
      [
        8,
        31,
        8,
        7,
        140,
        14,
        3,
        1,
        0,
        0
      ],
      [
        3,
        6,
        2,
        2,
        55,
        4,
        0,
        5,
        1,
        0
      ],
      [
        1,
        5,
        0,
        0,
        22,
        2,
        3,
        3,
        0,
        0
      ],
      [
        1,
        0,
        1,
        0,
        7,
        0,
        1,
        0,
        0,
        0
      ],
      [
        0,
        0,
        0,
        1,
        5,
        0,
        0,
        0,
        0,
        0
      ]
    ]
  },
  "bias": [
    0.53125,
    0.5625,
    -0.25,
    -0.25,
    1.0,
    -0.125,
    -0.5,
    0.75,
    0.0,
    -0.5
  ]
}