{
  "thresholds": [
    0.75,
    2.1393332481384277,
    2.4350223541259766,
    2.7093334197998047,
    4.849999904632568,
    5.927999973297119,
    6.5,
    7.5,
    8.5
  ],
  "test": {
    "exact_acc": 0.472893533638145,
    "micro_f1": 0.472893533638145,
    "relaxed_acc": 0.8127041149575441,
    "within2_acc": 0.928314826910516,
    "macro_f1": 0.18644858413203758,
    "weighted_f1": 0.43065802868566994,
    "rare_f1_5_9": 0.013793103448275862,
    "rare_recall_5_9": 0.008490566037735849,
    "rare_precision_5_9": 0.036734693877551024,
    "mse_argmax": 1.5958523840627041,
    "rmse_argmax": 1.2632705110397788,
    "mae_argmax": 0.8058458523840627,
    "mse_expected": 1.2358360123703593,
    "rmse_expected": 1.1116816146587831,
    "mae_expected": 0.7938376426113678,
    "confusion_matrix": [
      [
        1576,
        399,
        18,
        13,
        25,
        1,
        0,
        0,
        0,
        0
      ],
      [
        661,
        866,
        54,
        32,
        78,
        0,
        0,
        0,
        0,
        0
      ],
      [
        104,
        455,
        60,
        48,
        142,
        0,
        0,
        0,
        0,
        0
      ],
      [
        25,
        280,
        48,
        48,
        211,
        3,
        0,
        0,
        0,
        0
      ],
      [
        11,
        186,
        51,
        43,
        337,
        7,
        0,
        0,
        0,
        0
      ],
      [
        1,
        28,
        14,
        18,
        142,
        9,
        0,
        0,
        0,
        0
      ],
      [
        1,
        11,
        4,
        1,
        48,
        13,
        0,
        0,
        0,
        0
      ],
      [
        0,
        0,
        1,
        1,
        22,
        12,
        0,
        0,
        0,
        0
      ],
      [
        0,
        0,
        0,
        0,
        7,
        3,
        0,
        0,
        0,
        0
      ],
      [
        0,
        1,
        0,
        0,
        4,
        1,
        0,
        0,
        0,
        0
      ]
    ]
  }
}