{
  "val": {
    "exact_acc": 0.43376199224331496,
    "micro_f1": 0.43376199224331496,
    "relaxed_acc": 0.7652582159624414,
    "within2_acc": 0.8871198203715044,
    "macro_f1": 0.17181607315112596,
    "weighted_f1": 0.3934687481396555,
    "rare_f1_5_9": 0.024331797235023038,
    "rare_recall_5_9": 0.01513184584178499,
    "rare_precision_5_9": 0.06312056737588652,
    "mse_argmax": 2.096958562972035,
    "rmse_argmax": 1.4480878989108483,
    "mae_argmax": 0.9493774239640743,
    "mse_expected": 1.51125885214411,
    "rmse_expected": 1.2293326857055864,
    "mae_expected": 0.872298962480444,
    "confusion_matrix": [
      [
        1179,
        363,
        15,
        4,
        63,
        2,
        0,
        0,
        0,
        0
      ],
      [
        505,
        565,
        46,
        15,
        215,
        5,
        0,
        1,
        0,
        0
      ],
      [
        106,
        271,
        35,
        15,
        213,
        7,
        0,
        0,
        0,
        0
      ],
      [
        36,
        148,
        28,
        22,
        246,
        12,
        0,
        0,
        0,
        0
      ],
      [
        24,
        109,
        26,
        21,
        316,
        8,
        0,
        1,
        1,
        2
      ],
      [
        5,
        24,
        3,
        7,
        120,
        7,
        0,
        3,
        0,
        1
      ],
      [
        1,
        5,
        2,
        2,
        51,
        1,
        0,
        0,
        0,
        0
      ],
      [
        0,
        1,
        0,
        0,
        26,
        1,
        0,
        1,
        0,
        0
      ],
      [
        0,
        1,
        0,
        0,
        4,
        3,
        0,
        0,
        0,
        0
      ],
      [
        0,
        0,
        0,
        0,
        4,
        1,
        0,
        0,
        0,
        0
      ]
    ]
  },
  "test": {
    "exact_acc": 0.4431743958197257,
    "micro_f1": 0.4431743958197257,
    "relaxed_acc": 0.769921619856303,
    "within2_acc": 0.8905943827563684,
    "macro_f1": 0.17106227313002703,
    "weighted_f1": 0.40303503253448364,
    "rare_f1_5_9": 0.014869888475836432,
    "rare_recall_5_9": 0.009433962264150945,
    "rare_precision_5_9": 0.03508771929824561,
    "mse_argmax": 2.0659699542782497,
    "rmse_argmax": 1.4373482369552097,
    "mae_argmax": 0.9317439581972567,
    "mse_expected": 1.4590707543214103,
    "rmse_expected": 1.2079200115576405,
    "mae_expected": 0.8520111020100405,
    "confusion_matrix": [
      [
        1476,
        450,
        18,
        8,
        77,
        2,
        0,
        0,
        0,
        1
      ],
      [
        600,
        740,
        65,
        16,
        266,
        4,
        0,
        0,
        0,
        0
      ],
      [
        132,
        317,
        53,
        15,
        285,
        6,
        0,
        0,
        0,
        1
      ],
      [
        40,
        184,
        32,
        23,
        329,
        7,
        0,
        0,
        0,
        0
      ],
      [
        21,
        136,
        30,
        11,
        412,
        23,
        0,
        1,
        0,
        1
      ],
      [
        2,
        31,
        8,
        5,
        152,
        10,
        1,
        1,
        2,
        0
      ],
      [
        3,
        5,
        0,
        4,
        60,
        4,
        0,
        2,
        0,
        0
      ],
      [
        2,
        4,
        0,
        1,
        28,
        1,
        0,
        0,
        0,
        0
      ],
      [
        0,
        0,
        0,
        1,
        9,
        0,
        0,
        0,
        0,
        0
      ],
      [
        0,
        0,
        0,
        1,
        5,
        0,
        0,
        0,
        0,
        0
      ]
    ]
  },
  "bias": [
    -0.125,
    0.0,
    -0.75,
    -0.84375,
    0.375,
    -0.75,
    -2.0,
    -0.5,
    -0.5,
    0.0
  ]
}