{
  "val": {
    "exact_acc": 0.42886303327209635,
    "micro_f1": 0.42886303327209635,
    "relaxed_acc": 0.7724025311288018,
    "within2_acc": 0.8924270259236579,
    "macro_f1": 0.18098514403100277,
    "weighted_f1": 0.39852044408597964,
    "rare_f1_5_9": 0.028653006382264024,
    "rare_recall_5_9": 0.02101419878296146,
    "rare_precision_5_9": 0.04937361827560796,
    "mse_argmax": 2.1726883037354563,
    "rmse_argmax": 1.4740041735814238,
    "mae_argmax": 0.9548887528066953,
    "mse_expected": 1.6514658635478225,
    "rmse_expected": 1.2850937178073132,
    "mae_expected": 0.8988773062805754,
    "confusion_matrix": [
      [
        1113,
        444,
        12,
        16,
        38,
        1,
        0,
        1,
        0,
        1
      ],
      [
        485,
        650,
        37,
        56,
        113,
        5,
        0,
        6,
        0,
        0
      ],
      [
        106,
        328,
        42,
        51,
        113,
        7,
        0,
        0,
        0,
        0
      ],
      [
        46,
        196,
        25,
        57,
        152,
        13,
        0,
        2,
        0,
        1
      ],
      [
        35,
        133,
        34,
        59,
        226,
        12,
        0,
        5,
        2,
        2
      ],
      [
        9,
        40,
        5,
        13,
        84,
        12,
        1,
        5,
        1,
        0
      ],
      [
        1,
        11,
        2,
        6,
        37,
        2,
        0,
        3,
        0,
        0
      ],
      [
        0,
        2,
        0,
        3,
        20,
        3,
        0,
        1,
        0,
        0
      ],
      [
        1,
        2,
        0,
        1,
        2,
        2,
        0,
        0,
        0,
        0
      ],
      [
        0,
        0,
        0,
        0,
        3,
        2,
        0,
        0,
        0,
        0
      ]
    ]
  },
  "test": {
    "exact_acc": 0.42798824297844545,
    "micro_f1": 0.42798824297844545,
    "relaxed_acc": 0.7705747877204442,
    "within2_acc": 0.8932070542129327,
    "macro_f1": 0.17904018757520657,
    "weighted_f1": 0.3979079567693014,
    "rare_f1_5_9": 0.03099320608217405,
    "rare_recall_5_9": 0.025157232704402517,
    "rare_precision_5_9": 0.04608695652173913,
    "mse_argmax": 2.1533311561071193,
    "rmse_argmax": 1.4674233050170353,
    "mae_argmax": 0.9534617896799478,
    "mse_expected": 1.6185881923924579,
    "rmse_expected": 1.2722374748420429,
    "mae_expected": 0.8815600025351619,
    "confusion_matrix": [
      [
        1403,
        540,
        26,
        18,
        45,
        0,
        0,
        0,
        0,
        0
      ],
      [
        571,
        837,
        66,
        65,
        143,
        9,
        0,
        0,
        0,
        0
      ],
      [
        140,
        391,
        48,
        62,
        159,
        5,
        1,
        3,
        0,
        0
      ],
      [
        59,
        239,
        34,
        71,
        201,
        9,
        0,
        2,
        0,
        0
      ],
      [
        46,
        173,
        37,
        80,
        250,
        33,
        1,
        14,
        0,
        1
      ],
      [
        6,
        46,
        9,
        28,
        108,
        9,
        3,
        3,
        0,
        0
      ],
      [
        3,
        10,
        3,
        9,
        43,
        3,
        0,
        5,
        0,
        2
      ],
      [
        3,
        4,
        1,
        5,
        18,
        1,
        1,
        3,
        0,
        0
      ],
      [
        1,
        1,
        1,
        1,
        6,
        0,
        0,
        0,
        0,
        0
      ],
      [
        3,
        0,
        0,
        1,
        2,
        0,
        0,
        0,
        0,
        0
      ]
    ]
  },
  "bias": [
    0.15625,
    0.5,
    -0.8125,
    -0.5,
    0.125,
    -1.0,
    -2.0,
    -0.5,
    -1.0,
    0.0
  ]
}