{
  "thresholds": [
    0.6671320199966431,
    2.2494869232177734,
    2.446911334991455,
    2.499089241027832,
    4.732061862945557,
    5.643535137176514,
    6.541407108306885,
    7.482568740844727,
    8.470120429992676
  ],
  "test": {
    "exact_acc": 0.4761593729588504,
    "micro_f1": 0.4761593729588504,
    "relaxed_acc": 0.8016002612671457,
    "within2_acc": 0.9165578053559765,
    "macro_f1": 0.1814210703655209,
    "weighted_f1": 0.4293379948467365,
    "rare_f1_5_9": 0.016491862567811936,
    "rare_recall_5_9": 0.009167876149008224,
    "rare_precision_5_9": 0.24242424242424243,
    "mse_argmax": 1.716361854996734,
    "rmse_argmax": 1.3100999408429626,
    "mae_argmax": 0.8290333115610712,
    "mse_expected": 1.2849787402914692,
    "rmse_expected": 1.133569027581236,
    "mae_expected": 0.8081102147700522,
    "confusion_matrix": [
      [
        1506,
        460,
        17,
        3,
        45,
        1,
        0,
        0,
        0,
        0
      ],
      [
        547,
        931,
        36,
        7,
        170,
        0,
        0,
        0,
        0,
        0
      ],
      [
        70,
        439,
        53,
        10,
        235,
        2,
        0,
        0,
        0,
        0
      ],
      [
        17,
        270,
        32,
        14,
        281,
        1,
        0,
        0,
        0,
        0
      ],
      [
        7,
        171,
        37,
        5,
        404,
        11,
        0,
        0,
        0,
        0
      ],
      [
        1,
        26,
        8,
        3,
        167,
        7,
        0,
        0,
        0,
        0
      ],
      [
        1,
        8,
        2,
        1,
        60,
        5,
        1,
        0,
        0,
        0
      ],
      [
        0,
        2,
        2,
        1,
        27,
        4,
        0,
        0,
        0,
        0
      ],
      [
        0,
        1,
        0,
        0,
        7,
        2,
        0,
        0,
        0,
        0
      ],
      [
        0,
        2,
        0,
        0,
        4,
        0,
        0,
        0,
        0,
        0
      ]
    ]
  }
}