{
  "thresholds": [
    0.8100000619888306,
    2.3308000564575195,
    2.6686666011810303,
    3.0879998207092285,
    4.5,
    5.650000095367432,
    6.5,
    7.5,
    8.5
  ],
  "test": {
    "exact_acc": 0.4740365774003919,
    "micro_f1": 0.4740365774003919,
    "relaxed_acc": 0.819888961463096,
    "within2_acc": 0.9335401698236446,
    "macro_f1": 0.19575827910886934,
    "weighted_f1": 0.4428213454071821,
    "rare_f1_5_9": 0.016417910447761194,
    "rare_recall_5_9": 0.010377358490566039,
    "rare_precision_5_9": 0.039285714285714285,
    "mse_argmax": 1.546374918354017,
    "rmse_argmax": 1.2435332397463355,
    "mae_argmax": 0.7919660352710647,
    "mse_expected": 1.2057560841107795,
    "rmse_expected": 1.0980692528756004,
    "mae_expected": 0.7964650965048589,
    "confusion_matrix": [
      [
        1541,
        432,
        22,
        15,
        20,
        2,
        0,
        0,
        0,
        0
      ],
      [
        610,
        910,
        62,
        55,
        54,
        0,
        0,
        0,
        0,
        0
      ],
      [
        90,
        453,
        79,
        91,
        95,
        1,
        0,
        0,
        0,
        0
      ],
      [
        19,
        280,
        66,
        94,
        153,
        3,
        0,
        0,
        0,
        0
      ],
      [
        9,
        181,
        60,
        107,
        268,
        10,
        0,
        0,
        0,
        0
      ],
      [
        1,
        27,
        18,
        34,
        121,
        11,
        0,
        0,
        0,
        0
      ],
      [
        1,
        11,
        4,
        4,
        45,
        13,
        0,
        0,
        0,
        0
      ],
      [
        0,
        1,
        0,
        3,
        20,
        12,
        0,
        0,
        0,
        0
      ],
      [
        0,
        0,
        0,
        0,
        7,
        3,
        0,
        0,
        0,
        0
      ],
      [
        0,
        1,
        0,
        1,
        3,
        1,
        0,
        0,
        0,
        0
      ]
    ]
  }
}