{
  "val": {
    "exact_acc": 0.4556031843233313,
    "micro_f1": 0.4556031843233313,
    "relaxed_acc": 0.8028169014084507,
    "within2_acc": 0.915084711165544,
    "macro_f1": 0.21078892937232396,
    "weighted_f1": 0.4302016610063982,
    "rare_f1_5_9": 0.05729442970822281,
    "rare_recall_5_9": 0.04202839756592292,
    "rare_precision_5_9": 0.09274725274725275,
    "mse_argmax": 1.7644417228005715,
    "rmse_argmax": 1.3283228985455953,
    "mae_argmax": 0.8540518473157788,
    "mse_expected": 1.3570720225581099,
    "rmse_expected": 1.1649343425953713,
    "mae_expected": 0.839577641298887,
    "confusion_matrix": [
      [
        1168,
        390,
        32,
        9,
        27,
        0,
        0,
        0,
        0,
        0
      ],
      [
        487,
        653,
        107,
        18,
        81,
        6,
        0,
        0,
        0,
        0
      ],
      [
        87,
        314,
        105,
        27,
        110,
        4,
        0,
        0,
        0,
        0
      ],
      [
        32,
        175,
        75,
        43,
        142,
        24,
        0,
        1,
        0,
        0
      ],
      [
        26,
        133,
        49,
        44,
        237,
        18,
        0,
        1,
        0,
        0
      ],
      [
        5,
        29,
        14,
        5,
        89,
        24,
        0,
        4,
        0,
        0
      ],
      [
        1,
        6,
        3,
        5,
        41,
        5,
        0,
        1,
        0,
        0
      ],
      [
        0,
        1,
        0,
        0,
        20,
        5,
        1,
        2,
        0,
        0
      ],
      [
        0,
        1,
        0,
        0,
        2,
        4,
        0,
        1,
        0,
        0
      ],
      [
        0,
        0,
        0,
        0,
        4,
        1,
        0,
        0,
        0,
        0
      ]
    ]
  },
  "test": {
    "exact_acc": 0.44758327890267796,
    "micro_f1": 0.44758327890267796,
    "relaxed_acc": 0.7965382103200522,
    "within2_acc": 0.9150881776616591,
    "macro_f1": 0.20002421930328662,
    "weighted_f1": 0.42048848885407125,
    "rare_f1_5_9": 0.05478036175710595,
    "rare_recall_5_9": 0.04308176100628931,
    "rare_precision_5_9": 0.07575757575757576,
    "mse_argmax": 1.8303396472893534,
    "rmse_argmax": 1.3529004572729486,
    "mae_argmax": 0.8724689745264533,
    "mse_expected": 1.2906207034933073,
    "rmse_expected": 1.136054885775026,
    "mae_expected": 0.810730438665489,
    "confusion_matrix": [
      [
        1449,
        488,
        37,
        12,
        41,
        5,
        0,
        0,
        0,
        0
      ],
      [
        587,
        836,
        146,
        25,
        90,
        6,
        0,
        1,
        0,
        0
      ],
      [
        130,
        363,
        119,
        31,
        152,
        11,
        1,
        2,
        0,
        0
      ],
      [
        45,
        230,
        88,
        31,
        208,
        13,
        0,
        0,
        0,
        0
      ],
      [
        24,
        165,
        75,
        47,
        275,
        43,
        0,
        6,
        0,
        0
      ],
      [
        5,
        28,
        22,
        13,
        112,
        28,
        3,
        1,
        0,
        0
      ],
      [
        2,
        7,
        6,
        2,
        42,
        15,
        0,
        4,
        0,
        0
      ],
      [
        0,
        4,
        1,
        1,
        18,
        8,
        1,
        3,
        0,
        0
      ],
      [
        1,
        0,
        1,
        0,
        4,
        3,
        0,
        1,
        0,
        0
      ],
      [
        0,
        0,
        1,
        0,
        5,
        0,
        0,
        0,
        0,
        0
      ]
    ]
  },
  "bias": [
    0.0,
    0.0,
    -0.25,
    -0.5,
    0.125,
    0.0,
    -0.5,
    0.5,
    0.0,
    0.0
  ]
}