{
  "val": {
    "exact_acc": 0.46356399265156156,
    "micro_f1": 0.46356399265156156,
    "relaxed_acc": 0.7985303123086344,
    "within2_acc": 0.907736272708716,
    "macro_f1": 0.16485012481256578,
    "weighted_f1": 0.3997291455147392,
    "rare_f1_5_9": 0.01875,
    "rare_recall_5_9": 0.010588235294117647,
    "rare_precision_5_9": 0.08181818181818182,
    "mse_argmax": 1.7977138191467645,
    "rmse_argmax": 1.3407885064941318,
    "mae_argmax": 0.8558889569299857,
    "mse_expected": 1.2850042356741893,
    "rmse_expected": 1.133580273149718,
    "mae_expected": 0.8225767450953888,
    "confusion_matrix": [
      [
        1233,
        363,
        1,
        0,
        29,
        0,
        0,
        0,
        0,
        0
      ],
      [
        520,
        729,
        0,
        0,
        103,
        0,
        0,
        0,
        0,
        0
      ],
      [
        86,
        422,
        0,
        0,
        139,
        0,
        0,
        0,
        0,
        0
      ],
      [
        22,
        255,
        2,
        5,
        205,
        3,
        0,
        0,
        0,
        0
      ],
      [
        10,
        199,
        2,
        0,
        295,
        2,
        0,
        0,
        0,
        0
      ],
      [
        3,
        34,
        0,
        0,
        124,
        9,
        0,
        0,
        0,
        0
      ],
      [
        2,
        10,
        0,
        0,
        47,
        3,
        0,
        0,
        0,
        0
      ],
      [
        0,
        0,
        0,
        0,
        27,
        2,
        0,
        0,
        0,
        0
      ],
      [
        0,
        1,
        0,
        0,
        5,
        2,
        0,
        0,
        0,
        0
      ],
      [
        0,
        1,
        0,
        0,
        3,
        1,
        0,
        0,
        0,
        0
      ]
    ]
  },
  "test": {
    "exact_acc": 0.4769758327890268,
    "micro_f1": 0.4769758327890268,
    "relaxed_acc": 0.8007838014369693,
    "within2_acc": 0.91263879817113,
    "macro_f1": 0.16236721815340036,
    "weighted_f1": 0.4098317477865257,
    "rare_f1_5_9": 0.006425702811244979,
    "rare_recall_5_9": 0.0037735849056603774,
    "rare_precision_5_9": 0.021621621621621623,
    "mse_argmax": 1.745101241018942,
    "rmse_argmax": 1.3210228010972944,
    "mae_argmax": 0.8345852384062704,
    "mse_expected": 1.228059699511024,
    "rmse_expected": 1.1081785503749042,
    "mae_expected": 0.7956095493911413,
    "confusion_matrix": [
      [
        1577,
        418,
        1,
        0,
        34,
        2,
        0,
        0,
        0,
        0
      ],
      [
        615,
        959,
        3,
        0,
        114,
        0,
        0,
        0,
        0,
        0
      ],
      [
        95,
        514,
        3,
        0,
        196,
        1,
        0,
        0,
        0,
        0
      ],
      [
        31,
        327,
        2,
        0,
        252,
        3,
        0,
        0,
        0,
        0
      ],
      [
        12,
        238,
        1,
        0,
        378,
        6,
        0,
        0,
        0,
        0
      ],
      [
        1,
        44,
        0,
        0,
        163,
        4,
        0,
        0,
        0,
        0
      ],
      [
        1,
        13,
        0,
        0,
        54,
        10,
        0,
        0,
        0,
        0
      ],
      [
        0,
        2,
        0,
        0,
        26,
        8,
        0,
        0,
        0,
        0
      ],
      [
        0,
        0,
        0,
        0,
        8,
        2,
        0,
        0,
        0,
        0
      ],
      [
        0,
        1,
        0,
        0,
        4,
        1,
        0,
        0,
        0,
        0
      ]
    ]
  },
  "bias": [
    0.21875,
    0.0625,
    -0.25,
    -0.5,
    0.25,
    0.5,
    0.0,
    0.0,
    0.0,
    0.0
  ]
}