{
  "val": {
    "exact_acc": 0.4615227597468871,
    "micro_f1": 0.4615227597468871,
    "relaxed_acc": 0.7930189834660135,
    "within2_acc": 0.9050826699326393,
    "macro_f1": 0.18217657686455083,
    "weighted_f1": 0.4139734103481026,
    "rare_f1_5_9": 0.03611111111111111,
    "rare_recall_5_9": 0.03058823529411765,
    "rare_precision_5_9": 0.04406779661016949,
    "mse_argmax": 1.8338436415595019,
    "rmse_argmax": 1.3541948314624088,
    "mae_argmax": 0.8675239844866299,
    "mse_expected": 1.3245531071629189,
    "rmse_expected": 1.1508923091075545,
    "mae_expected": 0.8300792506731498,
    "confusion_matrix": [
      [
        1118,
        467,
        5,
        0,
        34,
        2,
        0,
        0,
        0,
        0
      ],
      [
        405,
        796,
        16,
        2,
        120,
        13,
        0,
        0,
        0,
        0
      ],
      [
        75,
        390,
        21,
        4,
        147,
        10,
        0,
        0,
        0,
        0
      ],
      [
        24,
        229,
        12,
        11,
        188,
        28,
        0,
        0,
        0,
        0
      ],
      [
        16,
        167,
        8,
        4,
        289,
        24,
        0,
        0,
        0,
        0
      ],
      [
        2,
        27,
        4,
        0,
        111,
        26,
        0,
        0,
        0,
        0
      ],
      [
        0,
        10,
        0,
        0,
        49,
        3,
        0,
        0,
        0,
        0
      ],
      [
        0,
        0,
        0,
        0,
        23,
        6,
        0,
        0,
        0,
        0
      ],
      [
        0,
        1,
        0,
        0,
        2,
        5,
        0,
        0,
        0,
        0
      ],
      [
        0,
        0,
        0,
        0,
        4,
        1,
        0,
        0,
        0,
        0
      ]
    ]
  },
  "test": {
    "exact_acc": 0.4697909862834749,
    "micro_f1": 0.4697909862834749,
    "relaxed_acc": 0.7944154147615937,
    "within2_acc": 0.9121489222730241,
    "macro_f1": 0.1763145306185644,
    "weighted_f1": 0.4171590680895656,
    "rare_f1_5_9": 0.03068181818181818,
    "rare_recall_5_9": 0.02547169811320755,
    "rare_precision_5_9": 0.038571428571428576,
    "mse_argmax": 1.7782495101241018,
    "rmse_argmax": 1.333510221229707,
    "mae_argmax": 0.8494448073154801,
    "mse_expected": 1.2518850353304865,
    "rmse_expected": 1.1188766845950837,
    "mae_expected": 0.7999529852737809,
    "confusion_matrix": [
      [
        1419,
        561,
        3,
        1,
        44,
        4,
        0,
        0,
        0,
        0
      ],
      [
        469,
        1057,
        13,
        5,
        139,
        8,
        0,
        0,
        0,
        0
      ],
      [
        96,
        455,
        16,
        4,
        229,
        9,
        0,
        0,
        0,
        0
      ],
      [
        35,
        290,
        13,
        3,
        260,
        14,
        0,
        0,
        0,
        0
      ],
      [
        16,
        200,
        14,
        3,
        355,
        47,
        0,
        0,
        0,
        0
      ],
      [
        3,
        30,
        1,
        1,
        150,
        27,
        0,
        0,
        0,
        0
      ],
      [
        0,
        10,
        1,
        0,
        54,
        13,
        0,
        0,
        0,
        0
      ],
      [
        0,
        1,
        0,
        0,
        20,
        15,
        0,
        0,
        0,
        0
      ],
      [
        0,
        0,
        0,
        0,
        7,
        3,
        0,
        0,
        0,
        0
      ],
      [
        0,
        1,
        0,
        0,
        5,
        0,
        0,
        0,
        0,
        0
      ]
    ]
  },
  "bias": [
    0.09375,
    0.25,
    -0.5,
    -0.75,
    0.5,
    0.5,
    -0.5,
    0.0,
    0.0,
    0.0
  ]
}