{
  "thresholds": [
    0.8287511467933655,
    2.00173282623291,
    2.1480844020843506,
    2.273979663848877,
    6.323911666870117,
    6.387819766998291,
    7.1095781326293945,
    7.5221405029296875,
    7.739760398864746
  ],
  "test": {
    "exact_acc": 0.41263879817113,
    "micro_f1": 0.41263879817113,
    "relaxed_acc": 0.7519595035924233,
    "within2_acc": 0.8736120182887002,
    "macro_f1": 0.15337458307755913,
    "weighted_f1": 0.3679481521639771,
    "rare_f1_5_9": 0.016,
    "rare_recall_5_9": 0.010256410256410256,
    "rare_precision_5_9": 0.03636363636363636,
    "mse_argmax": 2.358262573481385,
    "rmse_argmax": 1.5356635612924416,
    "mae_argmax": 1.0130633572828216,
    "mse_expected": 2.144571378754021,
    "rmse_expected": 1.464435515396298,
    "mae_expected": 0.9887372172696589,
    "confusion_matrix": [
      [
        1281,
        637,
        27,
        0,
        87,
        0,
        0,
        0,
        0,
        0
      ],
      [
        545,
        856,
        45,
        0,
        244,
        0,
        1,
        0,
        0,
        0
      ],
      [
        136,
        402,
        35,
        0,
        235,
        0,
        0,
        0,
        0,
        1
      ],
      [
        59,
        246,
        42,
        0,
        265,
        0,
        2,
        0,
        0,
        1
      ],
      [
        50,
        188,
        34,
        0,
        351,
        0,
        8,
        0,
        0,
        4
      ],
      [
        6,
        53,
        12,
        0,
        136,
        0,
        4,
        0,
        0,
        1
      ],
      [
        1,
        12,
        2,
        0,
        58,
        0,
        4,
        0,
        0,
        1
      ],
      [
        2,
        6,
        2,
        0,
        24,
        0,
        2,
        0,
        0,
        0
      ],
      [
        1,
        0,
        1,
        0,
        7,
        0,
        1,
        0,
        0,
        0
      ],
      [
        1,
        0,
        2,
        0,
        3,
        0,
        0,
        0,
        0,
        0
      ]
    ]
  }
}