{
  "val": {
    "exact_acc": 0.4649928556848336,
    "micro_f1": 0.4649928556848336,
    "relaxed_acc": 0.8046540110226577,
    "within2_acc": 0.9116146152275975,
    "macro_f1": 0.17529242777917586,
    "weighted_f1": 0.41411997860587346,
    "rare_f1_5_9": 0.02222222222222222,
    "rare_recall_5_9": 0.01411764705882353,
    "rare_precision_5_9": 0.05217391304347826,
    "mse_argmax": 1.7621963666054297,
    "rmse_argmax": 1.3274774448575124,
    "mae_argmax": 0.8448662992447439,
    "mse_expected": 1.3022373078167941,
    "rmse_expected": 1.141156127712941,
    "mae_expected": 0.8227499135172781,
    "confusion_matrix": [
      [
        1148,
        447,
        6,
        0,
        24,
        1,
        0,
        0,
        0,
        0
      ],
      [
        421,
        811,
        22,
        0,
        96,
        2,
        0,
        0,
        0,
        0
      ],
      [
        65,
        440,
        27,
        0,
        113,
        2,
        0,
        0,
        0,
        0
      ],
      [
        17,
        258,
        15,
        5,
        188,
        9,
        0,
        0,
        0,
        0
      ],
      [
        10,
        189,
        22,
        0,
        275,
        11,
        1,
        0,
        0,
        0
      ],
      [
        2,
        37,
        2,
        0,
        116,
        12,
        1,
        0,
        0,
        0
      ],
      [
        1,
        11,
        2,
        0,
        46,
        2,
        0,
        0,
        0,
        0
      ],
      [
        0,
        1,
        0,
        0,
        24,
        3,
        1,
        0,
        0,
        0
      ],
      [
        0,
        1,
        0,
        0,
        2,
        4,
        1,
        0,
        0,
        0
      ],
      [
        0,
        1,
        0,
        0,
        4,
        0,
        0,
        0,
        0,
        0
      ]
    ]
  },
  "test": {
    "exact_acc": 0.47550620509470937,
    "micro_f1": 0.47550620509470937,
    "relaxed_acc": 0.8029065969954279,
    "within2_acc": 0.910842586544742,
    "macro_f1": 0.1748358718640149,
    "weighted_f1": 0.4227205137529404,
    "rare_f1_5_9": 0.01702127659574468,
    "rare_recall_5_9": 0.011320754716981133,
    "rare_precision_5_9": 0.03428571428571429,
    "mse_argmax": 1.7629000653167863,
    "rmse_argmax": 1.327742469501065,
    "mae_argmax": 0.83736120182887,
    "mse_expected": 1.2358360123703593,
    "rmse_expected": 1.1116816146587831,
    "mae_expected": 0.7938376426113678,
    "confusion_matrix": [
      [
        1459,
        525,
        9,
        0,
        37,
        2,
        0,
        0,
        0,
        0
      ],
      [
        501,
        1062,
        17,
        0,
        109,
        2,
        0,
        0,
        0,
        0
      ],
      [
        82,
        512,
        42,
        0,
        169,
        4,
        0,
        0,
        0,
        0
      ],
      [
        29,
        317,
        26,
        0,
        238,
        5,
        0,
        0,
        0,
        0
      ],
      [
        11,
        241,
        20,
        0,
        337,
        26,
        0,
        0,
        0,
        0
      ],
      [
        4,
        39,
        8,
        0,
        148,
        12,
        1,
        0,
        0,
        0
      ],
      [
        1,
        14,
        1,
        0,
        53,
        9,
        0,
        0,
        0,
        0
      ],
      [
        0,
        3,
        0,
        0,
        25,
        6,
        2,
        0,
        0,
        0
      ],
      [
        0,
        0,
        0,
        0,
        7,
        3,
        0,
        0,
        0,
        0
      ],
      [
        0,
        1,
        0,
        0,
        4,
        1,
        0,
        0,
        0,
        0
      ]
    ]
  },
  "bias": [
    -0.0625,
    0.0,
    -0.5,
    -1.5,
    0.0,
    0.0,
    0.0,
    0.0,
    0.0,
    0.0
  ]
}