{
  "thresholds": [
    0.812000036239624,
    2.011666774749756,
    2.7170279026031494,
    2.8236398696899414,
    4.53000020980835,
    5.5,
    6.5,
    7.5,
    8.5
  ],
  "test": {
    "exact_acc": 0.47599608099281515,
    "micro_f1": 0.47599608099281515,
    "relaxed_acc": 0.819888961463096,
    "within2_acc": 0.9371325930764206,
    "macro_f1": 0.19294050906642224,
    "weighted_f1": 0.4397460506678547,
    "rare_f1_5_9": 0.015151515151515152,
    "rare_recall_5_9": 0.009433962264150945,
    "rare_precision_5_9": 0.038461538461538464,
    "mse_argmax": 1.5207380796864793,
    "rmse_argmax": 1.233182095104563,
    "mae_argmax": 0.7859242325277597,
    "mse_expected": 1.1975732517909892,
    "rmse_expected": 1.0943369004977348,
    "mae_expected": 0.7871477987344508,
    "confusion_matrix": [
      [
        1606,
        353,
        41,
        3,
        28,
        1,
        0,
        0,
        0,
        0
      ],
      [
        683,
        771,
        150,
        9,
        78,
        0,
        0,
        0,
        0,
        0
      ],
      [
        103,
        375,
        166,
        22,
        143,
        0,
        0,
        0,
        0,
        0
      ],
      [
        21,
        226,
        133,
        23,
        209,
        3,
        0,
        0,
        0,
        0
      ],
      [
        12,
        131,
        127,
        17,
        339,
        9,
        0,
        0,
        0,
        0
      ],
      [
        1,
        21,
        32,
        7,
        141,
        10,
        0,
        0,
        0,
        0
      ],
      [
        1,
        5,
        10,
        0,
        48,
        14,
        0,
        0,
        0,
        0
      ],
      [
        0,
        0,
        3,
        0,
        22,
        11,
        0,
        0,
        0,
        0
      ],
      [
        0,
        0,
        0,
        0,
        7,
        3,
        0,
        0,
        0,
        0
      ],
      [
        0,
        1,
        0,
        1,
        3,
        1,
        0,
        0,
        0,
        0
      ]
    ]
  }
}