{
  "thresholds": [
    0.75,
    2.523066520690918,
    2.6519999504089355,
    2.681999921798706,
    4.638000011444092,
    5.5,
    6.5,
    7.5,
    8.5
  ],
  "test": {
    "exact_acc": 0.4733834095362508,
    "micro_f1": 0.4733834095362508,
    "relaxed_acc": 0.798824297844546,
    "within2_acc": 0.9159046374918354,
    "macro_f1": 0.16895538490986664,
    "weighted_f1": 0.4151977452123665,
    "rare_f1_5_9": 0.009917355371900827,
    "rare_recall_5_9": 0.0056603773584905665,
    "rare_precision_5_9": 0.04,
    "mse_argmax": 1.7351404310907903,
    "rmse_argmax": 1.317247293066412,
    "mae_argmax": 0.8363814500326584,
    "mse_expected": 1.248856764947835,
    "rmse_expected": 1.1175226015378101,
    "mae_expected": 0.8067703097209472,
    "confusion_matrix": [
      [
        1581,
        403,
        7,
        3,
        38,
        0,
        0,
        0,
        0,
        0
      ],
      [
        629,
        896,
        30,
        4,
        132,
        0,
        0,
        0,
        0,
        0
      ],
      [
        92,
        469,
        24,
        6,
        218,
        0,
        0,
        0,
        0,
        0
      ],
      [
        21,
        305,
        21,
        5,
        261,
        2,
        0,
        0,
        0,
        0
      ],
      [
        10,
        202,
        20,
        8,
        387,
        8,
        0,
        0,
        0,
        0
      ],
      [
        1,
        43,
        7,
        2,
        153,
        6,
        0,
        0,
        0,
        0
      ],
      [
        1,
        10,
        2,
        0,
        60,
        5,
        0,
        0,
        0,
        0
      ],
      [
        0,
        2,
        0,
        1,
        26,
        7,
        0,
        0,
        0,
        0
      ],
      [
        0,
        0,
        0,
        0,
        8,
        2,
        0,
        0,
        0,
        0
      ],
      [
        0,
        1,
        1,
        0,
        4,
        0,
        0,
        0,
        0,
        0
      ]
    ]
  }
}