{
  "thresholds": [
    0.6323034763336182,
    1.9998106956481934,
    2.972682476043701,
    3.4362878799438477,
    4.660498142242432,
    5.959864139556885,
    6.449099063873291,
    7.586917877197266,
    8.516603469848633
  ],
  "test": {
    "exact_acc": 0.44970607446113653,
    "micro_f1": 0.44970607446113653,
    "relaxed_acc": 0.8082952318745917,
    "within2_acc": 0.934356629653821,
    "macro_f1": 0.1966589956209391,
    "weighted_f1": 0.4360183845141831,
    "rare_f1_5_9": 0.021721488388155054,
    "rare_recall_5_9": 0.013884857281083695,
    "rare_precision_5_9": 0.0990990990990991,
    "mse_argmax": 1.6190398432397126,
    "rmse_argmax": 1.2724149650329144,
    "mae_argmax": 0.8290333115610712,
    "mse_expected": 1.4590707543214103,
    "rmse_expected": 1.2079200115576405,
    "mae_expected": 0.8520111020100405,
    "confusion_matrix": [
      [
        1494,
        423,
        65,
        26,
        22,
        2,
        0,
        0,
        0,
        0
      ],
      [
        575,
        740,
        218,
        87,
        70,
        1,
        0,
        0,
        0,
        0
      ],
      [
        84,
        332,
        182,
        83,
        120,
        8,
        0,
        0,
        0,
        0
      ],
      [
        21,
        179,
        154,
        94,
        161,
        6,
        0,
        0,
        0,
        0
      ],
      [
        13,
        112,
        139,
        109,
        231,
        28,
        1,
        2,
        0,
        0
      ],
      [
        0,
        20,
        33,
        41,
        105,
        12,
        1,
        0,
        0,
        0
      ],
      [
        1,
        5,
        10,
        11,
        42,
        7,
        1,
        0,
        1,
        0
      ],
      [
        0,
        3,
        3,
        5,
        18,
        7,
        0,
        0,
        0,
        0
      ],
      [
        0,
        0,
        1,
        1,
        5,
        3,
        0,
        0,
        0,
        0
      ],
      [
        0,
        1,
        1,
        1,
        3,
        0,
        0,
        0,
        0,
        0
      ]
    ]
  }
}