{
  "thresholds": [
    0.6239999532699585,
    1.9033334255218506,
    2.5,
    2.7906665802001953,
    4.949999809265137,
    5.695333480834961,
    6.5,
    7.5,
    8.5
  ],
  "test": {
    "exact_acc": 0.4691378184193338,
    "micro_f1": 0.4691378184193338,
    "relaxed_acc": 0.8112344872632267,
    "within2_acc": 0.934356629653821,
    "macro_f1": 0.19292947167350688,
    "weighted_f1": 0.4388501259046578,
    "rare_f1_5_9": 0.013118032295155726,
    "rare_recall_5_9": 0.007281083696178037,
    "rare_precision_5_9": 0.07448275862068966,
    "mse_argmax": 1.5772370999346832,
    "rmse_argmax": 1.2558810054836738,
    "mae_argmax": 0.8048661005878511,
    "mse_expected": 1.3014014295242533,
    "rmse_expected": 1.140789827060293,
    "mae_expected": 0.807205353087233,
    "confusion_matrix": [
      [
        1566,
        382,
        42,
        14,
        27,
        1,
        0,
        0,
        0,
        0
      ],
      [
        628,
        782,
        140,
        43,
        98,
        0,
        0,
        0,
        0,
        0
      ],
      [
        96,
        363,
        120,
        51,
        176,
        3,
        0,
        0,
        0,
        0
      ],
      [
        20,
        220,
        101,
        58,
        216,
        0,
        0,
        0,
        0,
        0
      ],
      [
        9,
        126,
        90,
        59,
        341,
        8,
        2,
        0,
        0,
        0
      ],
      [
        1,
        21,
        21,
        23,
        139,
        5,
        2,
        0,
        0,
        0
      ],
      [
        1,
        5,
        6,
        3,
        56,
        6,
        1,
        0,
        0,
        0
      ],
      [
        0,
        1,
        2,
        2,
        25,
        6,
        0,
        0,
        0,
        0
      ],
      [
        1,
        0,
        0,
        0,
        9,
        0,
        0,
        0,
        0,
        0
      ],
      [
        0,
        1,
        1,
        0,
        4,
        0,
        0,
        0,
        0,
        0
      ]
    ]
  }
}