{
  "val": {
    "exact_acc": 0.4625433761992243,
    "micro_f1": 0.4625433761992243,
    "relaxed_acc": 0.7942437232088181,
    "within2_acc": 0.9046744233517044,
    "macro_f1": 0.18118582210300274,
    "weighted_f1": 0.4108981407712471,
    "rare_f1_5_9": 0.0373134328358209,
    "rare_recall_5_9": 0.029411764705882353,
    "rare_precision_5_9": 0.05102040816326531,
    "mse_argmax": 1.8728311900387835,
    "rmse_argmax": 1.3685142271963355,
    "mae_argmax": 0.8701775872627067,
    "mse_expected": 1.3565926596481956,
    "rmse_expected": 1.1647285776730112,
    "mae_expected": 0.8331714769124844,
    "confusion_matrix": [
      [
        1139,
        461,
        2,
        0,
        22,
        2,
        0,
        0,
        0,
        0
      ],
      [
        432,
        818,
        12,
        3,
        79,
        8,
        0,
        0,
        0,
        0
      ],
      [
        85,
        426,
        18,
        4,
        106,
        8,
        0,
        0,
        0,
        0
      ],
      [
        30,
        263,
        10,
        10,
        156,
        23,
        0,
        0,
        0,
        0
      ],
      [
        21,
        201,
        8,
        4,
        256,
        18,
        0,
        0,
        0,
        0
      ],
      [
        4,
        38,
        4,
        0,
        99,
        25,
        0,
        0,
        0,
        0
      ],
      [
        0,
        15,
        0,
        0,
        44,
        3,
        0,
        0,
        0,
        0
      ],
      [
        0,
        1,
        0,
        0,
        22,
        6,
        0,
        0,
        0,
        0
      ],
      [
        0,
        2,
        0,
        0,
        1,
        4,
        1,
        0,
        0,
        0
      ],
      [
        0,
        1,
        0,
        0,
        3,
        1,
        0,
        0,
        0,
        0
      ]
    ]
  },
  "test": {
    "exact_acc": 0.46848465055519267,
    "micro_f1": 0.46848465055519267,
    "relaxed_acc": 0.7922926192031352,
    "within2_acc": 0.9077400391900718,
    "macro_f1": 0.17416490519409505,
    "weighted_f1": 0.4134556971995941,
    "rare_f1_5_9": 0.028915662650602407,
    "rare_recall_5_9": 0.022641509433962266,
    "rare_precision_5_9": 0.04,
    "mse_argmax": 1.8551600261267145,
    "rmse_argmax": 1.362042593359956,
    "mae_argmax": 0.8629980404964076,
    "mse_expected": 1.2904443578695641,
    "rmse_expected": 1.135977269961668,
    "mae_expected": 0.8060709978568895,
    "confusion_matrix": [
      [
        1444,
        546,
        2,
        0,
        38,
        2,
        0,
        0,
        0,
        0
      ],
      [
        502,
        1078,
        12,
        6,
        87,
        6,
        0,
        0,
        0,
        0
      ],
      [
        105,
        512,
        19,
        4,
        163,
        6,
        0,
        0,
        0,
        0
      ],
      [
        40,
        340,
        14,
        3,
        206,
        12,
        0,
        0,
        0,
        0
      ],
      [
        17,
        256,
        14,
        5,
        301,
        42,
        0,
        0,
        0,
        0
      ],
      [
        5,
        52,
        3,
        1,
        127,
        24,
        0,
        0,
        0,
        0
      ],
      [
        0,
        13,
        2,
        0,
        51,
        12,
        0,
        0,
        0,
        0
      ],
      [
        0,
        4,
        0,
        0,
        18,
        13,
        1,
        0,
        0,
        0
      ],
      [
        1,
        0,
        0,
        0,
        6,
        3,
        0,
        0,
        0,
        0
      ],
      [
        0,
        1,
        0,
        0,
        5,
        0,
        0,
        0,
        0,
        0
      ]
    ]
  },
  "bias": [
    0.3125,
    0.4375,
    -0.5,
    -0.8125,
    0.25,
    0.25,
    -0.5,
    0.0,
    0.0,
    0.0
  ]
}