{
  "thresholds": [
    0.6733332872390747,
    2.5910754203796387,
    2.798799991607666,
    3.0890400409698486,
    4.699999809265137,
    5.599999904632568,
    6.5,
    7.5,
    8.5
  ],
  "test": {
    "exact_acc": 0.46750489875898105,
    "micro_f1": 0.46750489875898105,
    "relaxed_acc": 0.8064990202482037,
    "within2_acc": 0.924069235793599,
    "macro_f1": 0.18411759439828884,
    "weighted_f1": 0.42716433110746216,
    "rare_f1_5_9": 0.01834742398056892,
    "rare_recall_5_9": 0.011054668601838413,
    "rare_precision_5_9": 0.2305084745762712,
    "mse_argmax": 1.664435009797518,
    "rmse_argmax": 1.2901298422242307,
    "mae_argmax": 0.8244611365120836,
    "mse_expected": 1.265985784904652,
    "rmse_expected": 1.1251603374206949,
    "mae_expected": 0.806328462327392,
    "confusion_matrix": [
      [
        1537,
        450,
        8,
        16,
        20,
        1,
        0,
        0,
        0,
        0
      ],
      [
        600,
        916,
        42,
        50,
        80,
        3,
        0,
        0,
        0,
        0
      ],
      [
        80,
        478,
        41,
        56,
        150,
        4,
        0,
        0,
        0,
        0
      ],
      [
        19,
        302,
        39,
        51,
        199,
        5,
        0,
        0,
        0,
        0
      ],
      [
        9,
        195,
        46,
        59,
        308,
        18,
        0,
        0,
        0,
        0
      ],
      [
        1,
        41,
        16,
        18,
        127,
        9,
        0,
        0,
        0,
        0
      ],
      [
        1,
        9,
        5,
        2,
        52,
        8,
        1,
        0,
        0,
        0
      ],
      [
        0,
        1,
        0,
        4,
        22,
        9,
        0,
        0,
        0,
        0
      ],
      [
        0,
        1,
        0,
        0,
        7,
        2,
        0,
        0,
        0,
        0
      ],
      [
        0,
        1,
        1,
        0,
        4,
        0,
        0,
        0,
        0,
        0
      ]
    ]
  }
}