{
  "thresholds": [
    0.6788605451583862,
    2.272010087966919,
    2.5621633529663086,
    2.5662951469421387,
    4.606551647186279,
    5.893233776092529,
    6.541810035705566,
    7.045094966888428,
    8.717900276184082
  ],
  "test": {
    "exact_acc": 0.4818745917700849,
    "micro_f1": 0.4818745917700849,
    "relaxed_acc": 0.8128674069235794,
    "within2_acc": 0.9234160679294579,
    "macro_f1": 0.18185709096482033,
    "weighted_f1": 0.43480673796826297,
    "rare_f1_5_9": 0.015658362989323844,
    "rare_recall_5_9": 0.010377358490566039,
    "rare_precision_5_9": 0.03188405797101449,
    "mse_argmax": 1.6303069888961463,
    "rmse_argmax": 1.2768347539506224,
    "mae_argmax": 0.8040496407576747,
    "mse_expected": 1.2505764154378742,
    "rmse_expected": 1.1182917398594494,
    "mae_expected": 0.8019798128774607,
    "confusion_matrix": [
      [
        1439,
        541,
        15,
        0,
        36,
        1,
        0,
        0,
        0,
        0
      ],
      [
        470,
        1081,
        39,
        1,
        100,
        0,
        0,
        0,
        0,
        0
      ],
      [
        66,
        506,
        67,
        0,
        168,
        2,
        0,
        0,
        0,
        0
      ],
      [
        15,
        303,
        64,
        1,
        227,
        5,
        0,
        0,
        0,
        0
      ],
      [
        7,
        201,
        60,
        0,
        352,
        15,
        0,
        0,
        0,
        0
      ],
      [
        1,
        36,
        16,
        0,
        148,
        11,
        0,
        0,
        0,
        0
      ],
      [
        1,
        13,
        1,
        0,
        46,
        17,
        0,
        0,
        0,
        0
      ],
      [
        0,
        0,
        0,
        0,
        23,
        13,
        0,
        0,
        0,
        0
      ],
      [
        0,
        1,
        0,
        0,
        5,
        4,
        0,
        0,
        0,
        0
      ],
      [
        0,
        1,
        0,
        0,
        4,
        1,
        0,
        0,
        0,
        0
      ]
    ]
  }
}