{
  "val": {
    "exact_acc": 0.4649928556848336,
    "micro_f1": 0.4649928556848336,
    "relaxed_acc": 0.8113900796080833,
    "within2_acc": 0.9171259440702184,
    "macro_f1": 0.1804795194886635,
    "weighted_f1": 0.4268926025488074,
    "rare_f1_5_9": 0.01111111111111111,
    "rare_recall_5_9": 0.0058823529411764705,
    "rare_precision_5_9": 0.1,
    "mse_argmax": 1.6938150642988365,
    "rmse_argmax": 1.3014665052542984,
    "mae_argmax": 0.8307817922024903,
    "mse_expected": 1.2713566731187906,
    "rmse_expected": 1.127544532654383,
    "mae_expected": 0.824168533592677,
    "confusion_matrix": [
      [
        1121,
        438,
        25,
        0,
        42,
        0,
        0,
        0,
        0,
        0
      ],
      [
        394,
        745,
        80,
        0,
        132,
        1,
        0,
        0,
        0,
        0
      ],
      [
        54,
        353,
        86,
        0,
        154,
        0,
        0,
        0,
        0,
        0
      ],
      [
        16,
        176,
        58,
        5,
        237,
        0,
        0,
        0,
        0,
        0
      ],
      [
        9,
        122,
        59,
        0,
        316,
        2,
        0,
        0,
        0,
        0
      ],
      [
        2,
        22,
        7,
        0,
        134,
        5,
        0,
        0,
        0,
        0
      ],
      [
        0,
        8,
        4,
        0,
        49,
        1,
        0,
        0,
        0,
        0
      ],
      [
        0,
        0,
        0,
        0,
        28,
        1,
        0,
        0,
        0,
        0
      ],
      [
        0,
        1,
        0,
        0,
        7,
        0,
        0,
        0,
        0,
        0
      ],
      [
        0,
        0,
        0,
        0,
        5,
        0,
        0,
        0,
        0,
        0
      ]
    ]
  },
  "test": {
    "exact_acc": 0.47419986936642716,
    "micro_f1": 0.47419986936642716,
    "relaxed_acc": 0.806009144350098,
    "within2_acc": 0.9212932723709993,
    "macro_f1": 0.18018806571522525,
    "weighted_f1": 0.43202662181327794,
    "rare_f1_5_9": 0.010084033613445379,
    "rare_recall_5_9": 0.0056603773584905665,
    "rare_precision_5_9": 0.046153846153846156,
    "mse_argmax": 1.6631286740692357,
    "rmse_argmax": 1.2896234621273124,
    "mae_argmax": 0.8202155453951666,
    "mse_expected": 1.2057560841107795,
    "rmse_expected": 1.0980692528756004,
    "mae_expected": 0.7964650965048589,
    "confusion_matrix": [
      [
        1424,
        524,
        36,
        0,
        46,
        2,
        0,
        0,
        0,
        0
      ],
      [
        470,
        971,
        91,
        0,
        159,
        0,
        0,
        0,
        0,
        0
      ],
      [
        71,
        422,
        91,
        0,
        225,
        0,
        0,
        0,
        0,
        0
      ],
      [
        25,
        241,
        66,
        1,
        281,
        1,
        0,
        0,
        0,
        0
      ],
      [
        10,
        142,
        65,
        0,
        411,
        7,
        0,
        0,
        0,
        0
      ],
      [
        3,
        21,
        15,
        0,
        167,
        6,
        0,
        0,
        0,
        0
      ],
      [
        0,
        7,
        5,
        0,
        62,
        4,
        0,
        0,
        0,
        0
      ],
      [
        0,
        1,
        0,
        0,
        30,
        5,
        0,
        0,
        0,
        0
      ],
      [
        0,
        0,
        0,
        0,
        9,
        1,
        0,
        0,
        0,
        0
      ],
      [
        0,
        1,
        0,
        0,
        5,
        0,
        0,
        0,
        0,
        0
      ]
    ]
  },
  "bias": [
    -0.125,
    0.0,
    0.0,
    -1.0,
    0.5,
    0.125,
    -0.5,
    0.0,
    0.0,
    0.0
  ]
}