{
  "val": {
    "exact_acc": 0.46417636252296385,
    "micro_f1": 0.46417636252296385,
    "relaxed_acc": 0.8166972851602368,
    "within2_acc": 0.9224331496223719,
    "macro_f1": 0.17732628565021083,
    "weighted_f1": 0.4245661295924409,
    "rare_f1_5_9": 0.0023391812865497076,
    "rare_recall_5_9": 0.001176470588235294,
    "rare_precision_5_9": 0.2,
    "mse_argmax": 1.6503368034292714,
    "rmse_argmax": 1.2846543517340652,
    "mae_argmax": 0.8199632578077158,
    "mse_expected": 1.2923119318562872,
    "rmse_expected": 1.1367989848061473,
    "mae_expected": 0.8249286535408584,
    "confusion_matrix": [
      [
        1173,
        400,
        24,
        0,
        29,
        0,
        0,
        0,
        0,
        0
      ],
      [
        460,
        697,
        97,
        0,
        98,
        0,
        0,
        0,
        0,
        0
      ],
      [
        58,
        364,
        104,
        0,
        121,
        0,
        0,
        0,
        0,
        0
      ],
      [
        12,
        197,
        73,
        5,
        205,
        0,
        0,
        0,
        0,
        0
      ],
      [
        9,
        134,
        71,
        0,
        294,
        0,
        0,
        0,
        0,
        0
      ],
      [
        2,
        19,
        20,
        0,
        128,
        1,
        0,
        0,
        0,
        0
      ],
      [
        0,
        12,
        3,
        0,
        47,
        0,
        0,
        0,
        0,
        0
      ],
      [
        0,
        1,
        0,
        0,
        28,
        0,
        0,
        0,
        0,
        0
      ],
      [
        0,
        0,
        1,
        0,
        7,
        0,
        0,
        0,
        0,
        0
      ],
      [
        0,
        1,
        0,
        0,
        4,
        0,
        0,
        0,
        0,
        0
      ]
    ]
  },
  "test": {
    "exact_acc": 0.4743631613324624,
    "micro_f1": 0.4743631613324624,
    "relaxed_acc": 0.8025800130633572,
    "within2_acc": 0.9181907250163291,
    "macro_f1": 0.1764672826246297,
    "weighted_f1": 0.43204250742512285,
    "rare_f1_5_9": 0.0018779342723004694,
    "rare_recall_5_9": 0.0009433962264150943,
    "rare_precision_5_9": 0.2,
    "mse_argmax": 1.7112998040496408,
    "rmse_argmax": 1.3081665811545717,
    "mae_argmax": 0.8291966035271064,
    "mse_expected": 1.248856764947835,
    "rmse_expected": 1.1175226015378101,
    "mae_expected": 0.8067703097209472,
    "confusion_matrix": [
      [
        1500,
        461,
        30,
        0,
        41,
        0,
        0,
        0,
        0,
        0
      ],
      [
        525,
        926,
        116,
        0,
        124,
        0,
        0,
        0,
        0,
        0
      ],
      [
        72,
        423,
        114,
        0,
        200,
        0,
        0,
        0,
        0,
        0
      ],
      [
        20,
        259,
        98,
        0,
        238,
        0,
        0,
        0,
        0,
        0
      ],
      [
        7,
        180,
        84,
        0,
        364,
        0,
        0,
        0,
        0,
        0
      ],
      [
        1,
        35,
        26,
        0,
        147,
        1,
        2,
        0,
        0,
        0
      ],
      [
        1,
        9,
        5,
        0,
        63,
        0,
        0,
        0,
        0,
        0
      ],
      [
        0,
        3,
        1,
        0,
        32,
        0,
        0,
        0,
        0,
        0
      ],
      [
        0,
        0,
        0,
        0,
        10,
        0,
        0,
        0,
        0,
        0
      ],
      [
        0,
        1,
        1,
        0,
        4,
        0,
        0,
        0,
        0,
        0
      ]
    ]
  },
  "bias": [
    0.15625,
    0.5,
    0.375,
    -0.5,
    0.03125,
    -0.5,
    0.0,
    0.0,
    0.0,
    0.0
  ]
}