{
  "thresholds": [
    0.7813587784767151,
    2.552807331085205,
    2.975898504257202,
    2.975898504257202,
    4.868853569030762,
    6.724923610687256,
    6.835224151611328,
    7.658476829528809,
    8.764364242553711
  ],
  "test": {
    "exact_acc": 0.4492161985630307,
    "micro_f1": 0.4492161985630307,
    "relaxed_acc": 0.7772697583278902,
    "within2_acc": 0.8964728935336381,
    "macro_f1": 0.16967805485926118,
    "weighted_f1": 0.4012861337191323,
    "rare_f1_5_9": 0.027440913516862887,
    "rare_recall_5_9": 0.01765844218674407,
    "rare_precision_5_9": 0.24324324324324326,
    "mse_argmax": 2.0166557805355976,
    "rmse_argmax": 1.4200900607129103,
    "mae_argmax": 0.9128020901371653,
    "mse_expected": 1.5553889548684927,
    "rmse_expected": 1.2471523382764804,
    "mae_expected": 0.8726394433101976,
    "confusion_matrix": [
      [
        1539,
        431,
        20,
        0,
        42,
        0,
        0,
        0,
        0,
        0
      ],
      [
        636,
        852,
        51,
        0,
        151,
        1,
        0,
        0,
        0,
        0
      ],
      [
        119,
        457,
        52,
        0,
        176,
        5,
        0,
        0,
        0,
        0
      ],
      [
        47,
        290,
        60,
        0,
        211,
        7,
        0,
        0,
        0,
        0
      ],
      [
        26,
        222,
        64,
        0,
        291,
        32,
        0,
        0,
        0,
        0
      ],
      [
        0,
        53,
        18,
        0,
        125,
        16,
        0,
        0,
        0,
        0
      ],
      [
        1,
        13,
        8,
        0,
        48,
        6,
        1,
        0,
        1,
        0
      ],
      [
        1,
        4,
        3,
        0,
        23,
        5,
        0,
        0,
        0,
        0
      ],
      [
        0,
        2,
        0,
        0,
        6,
        2,
        0,
        0,
        0,
        0
      ],
      [
        0,
        4,
        0,
        0,
        2,
        0,
        0,
        0,
        0,
        0
      ]
    ]
  }
}