{
  "val": {
    "exact_acc": 0.4649928556848336,
    "micro_f1": 0.4649928556848336,
    "relaxed_acc": 0.8109818330271484,
    "within2_acc": 0.9148805878750765,
    "macro_f1": 0.17840946718511028,
    "weighted_f1": 0.41942999449426066,
    "rare_f1_5_9": 0.01693121693121693,
    "rare_recall_5_9": 0.009411764705882352,
    "rare_precision_5_9": 0.08421052631578947,
    "mse_argmax": 1.7117779138599714,
    "rmse_argmax": 1.3083493088086116,
    "mae_argmax": 0.8336395182690345,
    "mse_expected": 1.3093694835466427,
    "rmse_expected": 1.1442768386831235,
    "mae_expected": 0.8298294227966444,
    "confusion_matrix": [
      [
        1180,
        401,
        13,
        0,
        32,
        0,
        0,
        0,
        0,
        0
      ],
      [
        466,
        724,
        51,
        0,
        110,
        1,
        0,
        0,
        0,
        0
      ],
      [
        60,
        394,
        57,
        0,
        136,
        0,
        0,
        0,
        0,
        0
      ],
      [
        13,
        213,
        43,
        5,
        212,
        6,
        0,
        0,
        0,
        0
      ],
      [
        9,
        157,
        35,
        0,
        304,
        3,
        0,
        0,
        0,
        0
      ],
      [
        2,
        23,
        13,
        0,
        124,
        8,
        0,
        0,
        0,
        0
      ],
      [
        0,
        12,
        3,
        0,
        46,
        1,
        0,
        0,
        0,
        0
      ],
      [
        0,
        1,
        0,
        0,
        28,
        0,
        0,
        0,
        0,
        0
      ],
      [
        0,
        0,
        0,
        0,
        8,
        0,
        0,
        0,
        0,
        0
      ],
      [
        0,
        1,
        0,
        0,
        4,
        0,
        0,
        0,
        0,
        0
      ]
    ]
  },
  "test": {
    "exact_acc": 0.4768125408229915,
    "micro_f1": 0.4768125408229915,
    "relaxed_acc": 0.8001306335728282,
    "within2_acc": 0.9147615937295885,
    "macro_f1": 0.1773609862669402,
    "weighted_f1": 0.42974940729066397,
    "rare_f1_5_9": 0.010126582278481013,
    "rare_recall_5_9": 0.0056603773584905665,
    "rare_precision_5_9": 0.048,
    "mse_argmax": 1.7344872632266493,
    "rmse_argmax": 1.3169993406325795,
    "mae_argmax": 0.8327890267798824,
    "mse_expected": 1.2628316204657037,
    "rmse_expected": 1.123757812193403,
    "mae_expected": 0.8102116988291591,
    "confusion_matrix": [
      [
        1506,
        467,
        18,
        0,
        41,
        0,
        0,
        0,
        0,
        0
      ],
      [
        533,
        960,
        60,
        0,
        138,
        0,
        0,
        0,
        0,
        0
      ],
      [
        73,
        450,
        78,
        0,
        207,
        1,
        0,
        0,
        0,
        0
      ],
      [
        19,
        286,
        58,
        0,
        250,
        2,
        0,
        0,
        0,
        0
      ],
      [
        7,
        201,
        52,
        0,
        370,
        5,
        0,
        0,
        0,
        0
      ],
      [
        1,
        40,
        13,
        0,
        152,
        6,
        0,
        0,
        0,
        0
      ],
      [
        1,
        9,
        3,
        0,
        60,
        5,
        0,
        0,
        0,
        0
      ],
      [
        0,
        3,
        1,
        0,
        28,
        4,
        0,
        0,
        0,
        0
      ],
      [
        0,
        0,
        0,
        0,
        8,
        2,
        0,
        0,
        0,
        0
      ],
      [
        0,
        1,
        1,
        0,
        4,
        0,
        0,
        0,
        0,
        0
      ]
    ]
  },
  "bias": [
    0.15625,
    0.5,
    0.25,
    -0.5,
    0.0,
    0.09375,
    0.0,
    0.0,
    0.0,
    0.0
  ]
}