{
  "thresholds": [
    0.6639999747276306,
    2.0,
    2.552999973297119,
    3.0122666358947754,
    4.433333396911621,
    6.2863335609436035,
    6.5,
    7.5,
    8.5
  ],
  "test": {
    "exact_acc": 0.4655453951665578,
    "micro_f1": 0.4655453951665578,
    "relaxed_acc": 0.81629653821032,
    "within2_acc": 0.9346832135858916,
    "macro_f1": 0.20111639374733006,
    "weighted_f1": 0.4444743740414762,
    "rare_f1_5_9": 0.03346565800314583,
    "rare_recall_5_9": 0.02520561199806483,
    "rare_precision_5_9": 0.23809523809523808,
    "mse_argmax": 1.5760940561724364,
    "rmse_argmax": 1.255425846544684,
    "mae_argmax": 0.8047028086218158,
    "mse_expected": 1.3221691783850855,
    "rmse_expected": 1.1498561555190656,
    "mae_expected": 0.8168565913162206,
    "confusion_matrix": [
      [
        1491,
        465,
        37,
        15,
        21,
        3,
        0,
        0,
        0,
        0
      ],
      [
        548,
        927,
        119,
        51,
        46,
        0,
        0,
        0,
        0,
        0
      ],
      [
        78,
        432,
        125,
        72,
        97,
        5,
        0,
        0,
        0,
        0
      ],
      [
        19,
        247,
        110,
        83,
        147,
        9,
        0,
        0,
        0,
        0
      ],
      [
        11,
        163,
        119,
        102,
        200,
        40,
        0,
        0,
        0,
        0
      ],
      [
        0,
        26,
        33,
        41,
        88,
        24,
        0,
        0,
        0,
        0
      ],
      [
        1,
        11,
        4,
        4,
        32,
        25,
        1,
        0,
        0,
        0
      ],
      [
        0,
        1,
        2,
        6,
        13,
        14,
        0,
        0,
        0,
        0
      ],
      [
        0,
        1,
        0,
        0,
        4,
        5,
        0,
        0,
        0,
        0
      ],
      [
        0,
        1,
        1,
        0,
        3,
        1,
        0,
        0,
        0,
        0
      ]
    ]
  }
}