{
  "thresholds": [
    0.6547161936759949,
    1.689025640487671,
    2.2012648582458496,
    2.2641983032226562,
    4.591055393218994,
    5.981139659881592,
    6.449493885040283,
    7.865848541259766,
    8.92519760131836
  ],
  "test": {
    "exact_acc": 0.47207707380796865,
    "micro_f1": 0.47207707380796865,
    "relaxed_acc": 0.8141737426518615,
    "within2_acc": 0.9304376224689745,
    "macro_f1": 0.1875093817328744,
    "weighted_f1": 0.4328820003104638,
    "rare_f1_5_9": 0.020253164556962026,
    "rare_recall_5_9": 0.01509433962264151,
    "rare_precision_5_9": 0.03076923076923077,
    "mse_argmax": 1.5676028739386023,
    "rmse_argmax": 1.2520394857745512,
    "mae_argmax": 0.8014369693011104,
    "mse_expected": 1.2595927713662376,
    "rmse_expected": 1.1223158073226258,
    "mae_expected": 0.7955175517385129,
    "confusion_matrix": [
      [
        1575,
        379,
        34,
        4,
        37,
        3,
        0,
        0,
        0,
        0
      ],
      [
        636,
        791,
        125,
        9,
        130,
        0,
        0,
        0,
        0,
        0
      ],
      [
        97,
        362,
        119,
        13,
        215,
        3,
        0,
        0,
        0,
        0
      ],
      [
        25,
        211,
        88,
        8,
        276,
        7,
        0,
        0,
        0,
        0
      ],
      [
        11,
        128,
        80,
        7,
        382,
        27,
        0,
        0,
        0,
        0
      ],
      [
        1,
        18,
        16,
        4,
        157,
        16,
        0,
        0,
        0,
        0
      ],
      [
        1,
        3,
        9,
        1,
        40,
        24,
        0,
        0,
        0,
        0
      ],
      [
        0,
        0,
        1,
        1,
        18,
        15,
        1,
        0,
        0,
        0
      ],
      [
        0,
        0,
        0,
        0,
        4,
        6,
        0,
        0,
        0,
        0
      ],
      [
        0,
        1,
        0,
        0,
        2,
        3,
        0,
        0,
        0,
        0
      ]
    ]
  }
}