{
  "thresholds": [
    0.5710774064064026,
    2.2780027389526367,
    2.487426519393921,
    2.622330665588379,
    4.643747329711914,
    5.240931034088135,
    7.012564182281494,
    7.548587322235107,
    8.522204399108887
  ],
  "test": {
    "exact_acc": 0.4724036577400392,
    "micro_f1": 0.4724036577400392,
    "relaxed_acc": 0.8022534291312867,
    "within2_acc": 0.9201502286087524,
    "macro_f1": 0.17703824721559744,
    "weighted_f1": 0.4205037226504682,
    "rare_f1_5_9": 0.016818463170925814,
    "rare_recall_5_9": 0.010111272375423318,
    "rare_precision_5_9": 0.056372549019607844,
    "mse_argmax": 1.696440235140431,
    "rmse_argmax": 1.302474658156707,
    "mae_argmax": 0.8283801436969301,
    "mse_expected": 1.3071438847255195,
    "rmse_expected": 1.1433039336613513,
    "mae_expected": 0.807701748378924,
    "confusion_matrix": [
      [
        1591,
        387,
        7,
        5,
        41,
        1,
        0,
        0,
        0,
        0
      ],
      [
        643,
        852,
        31,
        20,
        145,
        0,
        0,
        0,
        0,
        0
      ],
      [
        100,
        426,
        29,
        21,
        231,
        1,
        1,
        0,
        0,
        0
      ],
      [
        21,
        263,
        35,
        20,
        272,
        4,
        0,
        0,
        0,
        0
      ],
      [
        11,
        167,
        26,
        22,
        392,
        16,
        1,
        0,
        0,
        0
      ],
      [
        1,
        32,
        8,
        9,
        151,
        8,
        3,
        0,
        0,
        0
      ],
      [
        1,
        9,
        0,
        2,
        54,
        11,
        1,
        0,
        0,
        0
      ],
      [
        0,
        1,
        0,
        2,
        24,
        7,
        2,
        0,
        0,
        0
      ],
      [
        0,
        1,
        0,
        0,
        6,
        3,
        0,
        0,
        0,
        0
      ],
      [
        0,
        1,
        1,
        0,
        4,
        0,
        0,
        0,
        0,
        0
      ]
    ]
  }
}