{
  "val": {
    "exact_acc": 0.4639722392324964,
    "micro_f1": 0.4639722392324964,
    "relaxed_acc": 0.8111859563176158,
    "within2_acc": 0.925699122269851,
    "macro_f1": 0.22739593676716527,
    "weighted_f1": 0.44638476708399993,
    "rare_f1_5_9": 0.07576849970505342,
    "rare_recall_5_9": 0.04699993456782045,
    "rare_precision_5_9": 0.22351097178683385,
    "mse_argmax": 1.6319657072872014,
    "rmse_argmax": 1.277484131912096,
    "mae_argmax": 0.8199632578077158,
    "mse_expected": 1.3381053105872602,
    "rmse_expected": 1.156765019607379,
    "mae_expected": 0.8059691439966807,
    "confusion_matrix": [
      [
        1100,
        439,
        29,
        11,
        45,
        1,
        0,
        1,
        0,
        0
      ],
      [
        372,
        697,
        89,
        64,
        128,
        1,
        0,
        0,
        0,
        1
      ],
      [
        45,
        288,
        71,
        68,
        172,
        3,
        0,
        0,
        0,
        0
      ],
      [
        11,
        138,
        60,
        75,
        196,
        10,
        2,
        0,
        0,
        0
      ],
      [
        7,
        90,
        34,
        55,
        305,
        14,
        2,
        0,
        1,
        0
      ],
      [
        1,
        11,
        6,
        19,
        111,
        20,
        1,
        1,
        0,
        0
      ],
      [
        0,
        2,
        3,
        6,
        43,
        5,
        3,
        0,
        0,
        0
      ],
      [
        0,
        0,
        0,
        0,
        22,
        3,
        2,
        2,
        0,
        0
      ],
      [
        0,
        1,
        0,
        0,
        5,
        1,
        1,
        0,
        0,
        0
      ],
      [
        0,
        0,
        0,
        0,
        4,
        0,
        0,
        0,
        1,
        0
      ]
    ]
  },
  "test": {
    "exact_acc": 0.47142390594382755,
    "micro_f1": 0.47142390594382755,
    "relaxed_acc": 0.8203788373612019,
    "within2_acc": 0.9274983670803396,
    "macro_f1": 0.2026474833895457,
    "weighted_f1": 0.4502497809547488,
    "rare_f1_5_9": 0.023262456363059347,
    "rare_recall_5_9": 0.014296081277213352,
    "rare_precision_5_9": 0.06543778801843317,
    "mse_argmax": 1.5801763553233181,
    "rmse_argmax": 1.2570506574212983,
    "mae_argmax": 0.800620509470934,
    "mse_expected": 1.2851975713494743,
    "rmse_expected": 1.1336655465124952,
    "mae_expected": 0.7791408618857678,
    "confusion_matrix": [
      [
        1426,
        498,
        28,
        23,
        54,
        2,
        1,
        0,
        0,
        0
      ],
      [
        453,
        901,
        114,
        67,
        153,
        3,
        0,
        0,
        0,
        0
      ],
      [
        54,
        362,
        88,
        95,
        207,
        3,
        0,
        0,
        0,
        0
      ],
      [
        18,
        175,
        67,
        86,
        265,
        4,
        0,
        0,
        0,
        0
      ],
      [
        6,
        105,
        46,
        75,
        376,
        20,
        3,
        4,
        0,
        0
      ],
      [
        0,
        14,
        8,
        12,
        166,
        7,
        4,
        1,
        0,
        0
      ],
      [
        2,
        2,
        3,
        6,
        49,
        12,
        3,
        1,
        0,
        0
      ],
      [
        1,
        0,
        0,
        1,
        22,
        9,
        2,
        0,
        1,
        0
      ],
      [
        0,
        0,
        0,
        0,
        6,
        1,
        1,
        2,
        0,
        0
      ],
      [
        0,
        1,
        0,
        0,
        4,
        1,
        0,
        0,
        0,
        0
      ]
    ]
  },
  "bias": [
    -0.46875,
    0.0,
    0.0,
    -0.125,
    0.0,
    0.0,
    0.0,
    0.0,
    0.0,
    0.0
  ]
}