{
  "thresholds": [
    0.5053333044052124,
    1.7619999647140503,
    2.6459999084472656,
    3.0,
    4.260000705718994,
    5.5,
    6.5,
    7.5,
    8.5
  ],
  "test": {
    "exact_acc": 0.48677335075114303,
    "micro_f1": 0.48677335075114303,
    "relaxed_acc": 0.8283801436969301,
    "within2_acc": 0.9386022207707381,
    "macro_f1": 0.20461726789070428,
    "weighted_f1": 0.45739553917617587,
    "rare_f1_5_9": 0.026506024096385545,
    "rare_recall_5_9": 0.020754716981132078,
    "rare_precision_5_9": 0.03666666666666667,
    "mse_argmax": 1.4497060744611365,
    "rmse_argmax": 1.204037405756622,
    "mae_argmax": 0.7615937295885042,
    "mse_expected": 1.2500850275300974,
    "rmse_expected": 1.1180720135707258,
    "mae_expected": 0.757359013945646,
    "confusion_matrix": [
      [
        1542,
        412,
        29,
        12,
        34,
        3,
        0,
        0,
        0,
        0
      ],
      [
        536,
        908,
        119,
        39,
        89,
        0,
        0,
        0,
        0,
        0
      ],
      [
        68,
        413,
        107,
        49,
        169,
        3,
        0,
        0,
        0,
        0
      ],
      [
        15,
        223,
        87,
        49,
        233,
        8,
        0,
        0,
        0,
        0
      ],
      [
        8,
        129,
        77,
        38,
        353,
        30,
        0,
        0,
        0,
        0
      ],
      [
        0,
        15,
        19,
        7,
        149,
        22,
        0,
        0,
        0,
        0
      ],
      [
        1,
        4,
        4,
        5,
        38,
        26,
        0,
        0,
        0,
        0
      ],
      [
        0,
        0,
        1,
        0,
        18,
        17,
        0,
        0,
        0,
        0
      ],
      [
        0,
        0,
        0,
        0,
        3,
        7,
        0,
        0,
        0,
        0
      ],
      [
        0,
        1,
        0,
        0,
        1,
        4,
        0,
        0,
        0,
        0
      ]
    ]
  }
}