{
  "thresholds": [
    0.6200000643730164,
    2.630000114440918,
    3.1713333129882812,
    3.1978888511657715,
    4.51200008392334,
    5.650000095367432,
    5.670000076293945,
    7.5,
    8.5
  ],
  "test": {
    "exact_acc": 0.482527759634226,
    "micro_f1": 0.482527759634226,
    "relaxed_acc": 0.8192357935989549,
    "within2_acc": 0.9294578706727629,
    "macro_f1": 0.20675417835731,
    "weighted_f1": 0.44234620546400333,
    "rare_f1_5_9": 0.05802469135802468,
    "rare_recall_5_9": 0.04109014675052411,
    "rare_precision_5_9": 0.10238095238095238,
    "mse_argmax": 1.5609079033311561,
    "rmse_argmax": 1.2493629990243653,
    "mae_argmax": 0.788536903984324,
    "mse_expected": 1.2851975713494743,
    "rmse_expected": 1.1336655465124952,
    "mae_expected": 0.7791408618857678,
    "confusion_matrix": [
      [
        1494,
        469,
        25,
        1,
        39,
        4,
        0,
        0,
        0,
        0
      ],
      [
        514,
        984,
        73,
        3,
        114,
        3,
        0,
        0,
        0,
        0
      ],
      [
        67,
        471,
        92,
        1,
        175,
        3,
        0,
        0,
        0,
        0
      ],
      [
        17,
        266,
        73,
        4,
        247,
        8,
        0,
        0,
        0,
        0
      ],
      [
        4,
        164,
        70,
        4,
        357,
        33,
        0,
        3,
        0,
        0
      ],
      [
        0,
        22,
        16,
        1,
        152,
        20,
        0,
        1,
        0,
        0
      ],
      [
        1,
        7,
        5,
        0,
        42,
        21,
        0,
        2,
        0,
        0
      ],
      [
        0,
        1,
        0,
        0,
        14,
        17,
        0,
        4,
        0,
        0
      ],
      [
        0,
        0,
        0,
        0,
        6,
        2,
        0,
        2,
        0,
        0
      ],
      [
        0,
        1,
        0,
        0,
        4,
        1,
        0,
        0,
        0,
        0
      ]
    ]
  }
}