{
  "val": {
    "exact_acc": 0.4764237599510104,
    "micro_f1": 0.4764237599510104,
    "relaxed_acc": 0.815880791998367,
    "within2_acc": 0.920596040008165,
    "macro_f1": 0.17678086890366937,
    "weighted_f1": 0.42141176938494973,
    "rare_f1_5_9": 0.019801980198019802,
    "rare_recall_5_9": 0.011764705882352941,
    "rare_precision_5_9": 0.0625,
    "mse_argmax": 1.6254337619922432,
    "rmse_argmax": 1.274925002497105,
    "mae_argmax": 0.8077158603796694,
    "mse_expected": 1.3094353230494642,
    "rmse_expected": 1.1443056073660849,
    "mae_expected": 0.7886861146727162,
    "confusion_matrix": [
      [
        1126,
        461,
        3,
        0,
        36,
        0,
        0,
        0,
        0,
        0
      ],
      [
        391,
        843,
        6,
        0,
        112,
        0,
        0,
        0,
        0,
        0
      ],
      [
        42,
        429,
        23,
        0,
        153,
        0,
        0,
        0,
        0,
        0
      ],
      [
        14,
        241,
        10,
        0,
        224,
        3,
        0,
        0,
        0,
        0
      ],
      [
        4,
        153,
        15,
        0,
        332,
        4,
        0,
        0,
        0,
        0
      ],
      [
        2,
        23,
        1,
        0,
        134,
        10,
        0,
        0,
        0,
        0
      ],
      [
        0,
        8,
        1,
        0,
        49,
        4,
        0,
        0,
        0,
        0
      ],
      [
        0,
        0,
        0,
        0,
        22,
        7,
        0,
        0,
        0,
        0
      ],
      [
        0,
        1,
        0,
        0,
        4,
        3,
        0,
        0,
        0,
        0
      ],
      [
        0,
        0,
        0,
        0,
        4,
        1,
        0,
        0,
        0,
        0
      ]
    ]
  },
  "test": {
    "exact_acc": 0.488569562377531,
    "micro_f1": 0.488569562377531,
    "relaxed_acc": 0.8161332462442847,
    "within2_acc": 0.9211299804049641,
    "macro_f1": 0.17785513797778174,
    "weighted_f1": 0.4301898305561676,
    "rare_f1_5_9": 0.01977186311787072,
    "rare_recall_5_9": 0.012264150943396227,
    "rare_precision_5_9": 0.050980392156862744,
    "mse_argmax": 1.6087524493794905,
    "rmse_argmax": 1.2683660549618514,
    "mae_argmax": 0.794578706727629,
    "mse_expected": 1.2457301443729045,
    "rmse_expected": 1.1161228177816742,
    "mae_expected": 0.7560147281562792,
    "confusion_matrix": [
      [
        1458,
        522,
        6,
        0,
        45,
        1,
        0,
        0,
        0,
        0
      ],
      [
        454,
        1093,
        12,
        0,
        132,
        0,
        0,
        0,
        0,
        0
      ],
      [
        59,
        530,
        16,
        0,
        202,
        2,
        0,
        0,
        0,
        0
      ],
      [
        14,
        298,
        17,
        0,
        284,
        2,
        0,
        0,
        0,
        0
      ],
      [
        7,
        195,
        13,
        0,
        412,
        8,
        0,
        0,
        0,
        0
      ],
      [
        0,
        31,
        3,
        0,
        165,
        13,
        0,
        0,
        0,
        0
      ],
      [
        1,
        7,
        1,
        0,
        55,
        14,
        0,
        0,
        0,
        0
      ],
      [
        0,
        0,
        0,
        0,
        28,
        8,
        0,
        0,
        0,
        0
      ],
      [
        0,
        0,
        0,
        0,
        7,
        3,
        0,
        0,
        0,
        0
      ],
      [
        0,
        1,
        0,
        0,
        5,
        0,
        0,
        0,
        0,
        0
      ]
    ]
  },
  "bias": [
    0.0,
    0.0,
    0.125,
    0.0,
    -0.0625,
    -0.0625,
    0.0,
    0.0,
    0.0,
    0.0
  ]
}