{
  "val": {
    "exact_acc": 0.4602980200040825,
    "micro_f1": 0.4602980200040825,
    "relaxed_acc": 0.8132271892222903,
    "within2_acc": 0.9254949989793836,
    "macro_f1": 0.22093686377683275,
    "weighted_f1": 0.44369918762512844,
    "rare_f1_5_9": 0.06372096486003573,
    "rare_recall_5_9": 0.04010338284368252,
    "rare_precision_5_9": 0.18787878787878784,
    "mse_argmax": 1.6315574607062666,
    "rmse_argmax": 1.277324336535661,
    "mae_argmax": 0.8220044907123902,
    "mse_expected": 1.237351088277114,
    "rmse_expected": 1.1123628402086767,
    "mae_expected": 0.8159350062165182,
    "confusion_matrix": [
      [
        1121,
        411,
        38,
        8,
        46,
        1,
        0,
        1,
        0,
        0
      ],
      [
        403,
        638,
        136,
        39,
        134,
        1,
        0,
        0,
        0,
        1
      ],
      [
        50,
        268,
        109,
        46,
        171,
        3,
        0,
        0,
        0,
        0
      ],
      [
        13,
        123,
        88,
        54,
        202,
        10,
        2,
        0,
        0,
        0
      ],
      [
        8,
        81,
        52,
        40,
        309,
        15,
        2,
        0,
        1,
        0
      ],
      [
        1,
        10,
        10,
        16,
        111,
        20,
        1,
        1,
        0,
        0
      ],
      [
        0,
        1,
        5,
        5,
        43,
        5,
        3,
        0,
        0,
        0
      ],
      [
        0,
        0,
        0,
        0,
        22,
        4,
        2,
        1,
        0,
        0
      ],
      [
        0,
        1,
        0,
        0,
        5,
        1,
        1,
        0,
        0,
        0
      ],
      [
        0,
        0,
        0,
        0,
        4,
        0,
        0,
        0,
        1,
        0
      ]
    ],
    "per_class": {
      "0": {
        "grade": "6B/6B+",
        "precision": 0.7023809523809523,
        "recall": 0.6894218942189422,
        "f1": 0.6958410924891372,
        "support": 1626
      },
      "1": {
        "grade": "6C/6C+",
        "precision": 0.41617742987606,
        "recall": 0.4718934911242604,
        "f1": 0.44228769497400344,
        "support": 1352
      },
      "2": {
        "grade": "7A",
        "precision": 0.24885844748858446,
        "recall": 0.16846986089644514,
        "f1": 0.20092165898617512,
        "support": 647
      },
      "3": {
        "grade": "7A+",
        "precision": 0.25961538461538464,
        "recall": 0.10975609756097561,
        "f1": 0.15428571428571428,
        "support": 492
      },
      "4": {
        "grade": "7B/7B+",
        "precision": 0.29512893982808025,
        "recall": 0.6082677165354331,
        "f1": 0.397427652733119,
        "support": 508
      },
      "5": {
        "grade": "7C",
        "precision": 0.3333333333333333,
        "recall": 0.11764705882352941,
        "f1": 0.17391304347826086,
        "support": 170
      },
      "6": {
        "grade": "7C+",
        "precision": 0.2727272727272727,
        "recall": 0.04838709677419355,
        "f1": 0.0821917808219178,
        "support": 62
      },
      "7": {
        "grade": "8A",
        "precision": 0.3333333333333333,
        "recall": 0.034482758620689655,
        "f1": 0.0625,
        "support": 29
      },
      "8": {
        "grade": "8A+",
        "precision": 0.0,
        "recall": 0.0,
        "f1": 0.0,
        "support": 8
      },
      "9": {
        "grade": "8B",
        "precision": 0.0,
        "recall": 0.0,
        "f1": 0.0,
        "support": 5
      }
    }
  },
  "test": {
    "exact_acc": 0.4719137818419334,
    "micro_f1": 0.4719137818419334,
    "relaxed_acc": 0.8202155453951666,
    "within2_acc": 0.9306009144350098,
    "macro_f1": 0.20378517951964498,
    "weighted_f1": 0.4519923714175617,
    "rare_f1_5_9": 0.022939068100358423,
    "rare_recall_5_9": 0.014296081277213352,
    "rare_precision_5_9": 0.06089552238805971,
    "mse_argmax": 1.5635205747877206,
    "rmse_argmax": 1.2504081632761843,
    "mae_argmax": 0.797028086218158,
    "mse_expected": 1.1911625292073758,
    "rmse_expected": 1.091403925779716,
    "mae_expected": 0.7924994929571368,
    "confusion_matrix": [
      [
        1463,
        448,
        51,
        14,
        53,
        2,
        1,
        0,
        0,
        0
      ],
      [
        483,
        837,
        170,
        43,
        155,
        3,
        0,
        0,
        0,
        0
      ],
      [
        63,
        334,
        137,
        65,
        207,
        3,
        0,
        0,
        0,
        0
      ],
      [
        20,
        157,
        104,
        62,
        268,
        4,
        0,
        0,
        0,
        0
      ],
      [
        7,
        89,
        76,
        54,
        381,
        23,
        3,
        2,
        0,
        0
      ],
      [
        0,
        12,
        15,
        10,
        163,
        7,
        4,
        1,
        0,
        0
      ],
      [
        2,
        2,
        5,
        4,
        49,
        13,
        3,
        0,
        0,
        0
      ],
      [
        1,
        0,
        0,
        0,
        22,
        10,
        2,
        0,
        1,
        0
      ],
      [
        0,
        0,
        0,
        0,
        6,
        1,
        2,
        1,
        0,
        0
      ],
      [
        0,
        1,
        0,
        0,
        4,
        1,
        0,
        0,
        0,
        0
      ]
    ],
    "per_class": {
      "0": {
        "grade": "6B/6B+",
        "precision": 0.7175085826385483,
        "recall": 0.71998031496063,
        "f1": 0.7187423237533775,
        "support": 2032
      },
      "1": {
        "grade": "6C/6C+",
        "precision": 0.4452127659574468,
        "recall": 0.4949733885274985,
        "f1": 0.468776253150378,
        "support": 1691
      },
      "2": {
        "grade": "7A",
        "precision": 0.24551971326164876,
        "recall": 0.16934487021013597,
        "f1": 0.20043891733723482,
        "support": 809
      },
      "3": {
        "grade": "7A+",
        "precision": 0.24603174603174602,
        "recall": 0.1008130081300813,
        "f1": 0.14302191464821223,
        "support": 615
      },
      "4": {
        "grade": "7B/7B+",
        "precision": 0.29128440366972475,
        "recall": 0.6,
        "f1": 0.3921770458054555,
        "support": 635
      },
      "5": {
        "grade": "7C",
        "precision": 0.1044776119402985,
        "recall": 0.0330188679245283,
        "f1": 0.05017921146953405,
        "support": 212
      },
      "6": {
        "grade": "7C+",
        "precision": 0.2,
        "recall": 0.038461538461538464,
        "f1": 0.06451612903225806,
        "support": 78
      },
      "7": {
        "grade": "8A",
        "precision": 0.0,
        "recall": 0.0,
        "f1": 0.0,
        "support": 36
      },
      "8": {
        "grade": "8A+",
        "precision": 0.0,
        "recall": 0.0,
        "f1": 0.0,
        "support": 10
      },
      "9": {
        "grade": "8B",
        "precision": 0.0,
        "recall": 0.0,
        "f1": 0.0,
        "support": 6
      }
    }
  },
  "epoch": 149
}