{
  "val": {
    "exact_acc": 0.4739742804654011,
    "micro_f1": 0.4739742804654011,
    "relaxed_acc": 0.8138395590936925,
    "within2_acc": 0.9226372729128394,
    "macro_f1": 0.18294394098440186,
    "weighted_f1": 0.4280617531032983,
    "rare_f1_5_9": 0.012903225806451613,
    "rare_recall_5_9": 0.007058823529411765,
    "rare_precision_5_9": 0.075,
    "mse_argmax": 1.6119616248213922,
    "rmse_argmax": 1.269630507203333,
    "mae_argmax": 0.8085323535415391,
    "mse_expected": 1.2027733827702705,
    "rmse_expected": 1.0967102547027954,
    "mae_expected": 0.8016513900259697,
    "confusion_matrix": [
      [
        1171,
        406,
        9,
        6,
        34,
        0,
        0,
        0,
        0,
        0
      ],
      [
        438,
        757,
        18,
        29,
        110,
        0,
        0,
        0,
        0,
        0
      ],
      [
        57,
        384,
        29,
        29,
        148,
        0,
        0,
        0,
        0,
        0
      ],
      [
        17,
        212,
        25,
        29,
        208,
        1,
        0,
        0,
        0,
        0
      ],
      [
        6,
        132,
        17,
        22,
        330,
        1,
        0,
        0,
        0,
        0
      ],
      [
        2,
        18,
        4,
        8,
        132,
        6,
        0,
        0,
        0,
        0
      ],
      [
        0,
        7,
        0,
        3,
        50,
        2,
        0,
        0,
        0,
        0
      ],
      [
        0,
        0,
        0,
        0,
        27,
        2,
        0,
        0,
        0,
        0
      ],
      [
        0,
        1,
        0,
        0,
        4,
        3,
        0,
        0,
        0,
        0
      ],
      [
        0,
        0,
        0,
        0,
        4,
        1,
        0,
        0,
        0,
        0
      ]
    ],
    "per_class": {
      "0": {
        "grade": "6B/6B+",
        "precision": 0.6924896510940272,
        "recall": 0.7201722017220172,
        "f1": 0.7060596924932168,
        "support": 1626
      },
      "1": {
        "grade": "6C/6C+",
        "precision": 0.39488784559207096,
        "recall": 0.5599112426035503,
        "f1": 0.46313857448761087,
        "support": 1352
      },
      "2": {
        "grade": "7A",
        "precision": 0.28431372549019607,
        "recall": 0.04482225656877898,
        "f1": 0.0774365821094793,
        "support": 647
      },
      "3": {
        "grade": "7A+",
        "precision": 0.23015873015873015,
        "recall": 0.05894308943089431,
        "f1": 0.09385113268608414,
        "support": 492
      },
      "4": {
        "grade": "7B/7B+",
        "precision": 0.3151862464183381,
        "recall": 0.6496062992125984,
        "f1": 0.42443729903536975,
        "support": 508
      },
      "5": {
        "grade": "7C",
        "precision": 0.375,
        "recall": 0.03529411764705882,
        "f1": 0.06451612903225806,
        "support": 170
      },
      "6": {
        "grade": "7C+",
        "precision": 0.0,
        "recall": 0.0,
        "f1": 0.0,
        "support": 62
      },
      "7": {
        "grade": "8A",
        "precision": 0.0,
        "recall": 0.0,
        "f1": 0.0,
        "support": 29
      },
      "8": {
        "grade": "8A+",
        "precision": 0.0,
        "recall": 0.0,
        "f1": 0.0,
        "support": 8
      },
      "9": {
        "grade": "8B",
        "precision": 0.0,
        "recall": 0.0,
        "f1": 0.0,
        "support": 5
      }
    }
  },
  "test": {
    "exact_acc": 0.484323971260614,
    "micro_f1": 0.484323971260614,
    "relaxed_acc": 0.8154800783801437,
    "within2_acc": 0.9261920313520575,
    "macro_f1": 0.17803265506220947,
    "weighted_f1": 0.43384906211721475,
    "rare_f1_5_9": 0.005128205128205128,
    "rare_recall_5_9": 0.0028301886792452833,
    "rare_precision_5_9": 0.02727272727272727,
    "mse_argmax": 1.5793598954931418,
    "rmse_argmax": 1.2567258633023917,
    "mae_argmax": 0.7929457870672763,
    "mse_expected": 1.1424816709167502,
    "rmse_expected": 1.0688693423037028,
    "mae_expected": 0.7711284511256811,
    "confusion_matrix": [
      [
        1527,
        442,
        10,
        9,
        43,
        1,
        0,
        0,
        0,
        0
      ],
      [
        526,
        981,
        26,
        37,
        121,
        0,
        0,
        0,
        0,
        0
      ],
      [
        66,
        484,
        22,
        34,
        203,
        0,
        0,
        0,
        0,
        0
      ],
      [
        15,
        274,
        20,
        32,
        274,
        0,
        0,
        0,
        0,
        0
      ],
      [
        9,
        171,
        16,
        36,
        401,
        2,
        0,
        0,
        0,
        0
      ],
      [
        0,
        22,
        4,
        7,
        176,
        3,
        0,
        0,
        0,
        0
      ],
      [
        1,
        6,
        1,
        2,
        60,
        8,
        0,
        0,
        0,
        0
      ],
      [
        0,
        0,
        1,
        0,
        30,
        5,
        0,
        0,
        0,
        0
      ],
      [
        0,
        0,
        0,
        0,
        7,
        3,
        0,
        0,
        0,
        0
      ],
      [
        0,
        1,
        0,
        0,
        5,
        0,
        0,
        0,
        0,
        0
      ]
    ],
    "per_class": {
      "0": {
        "grade": "6B/6B+",
        "precision": 0.7122201492537313,
        "recall": 0.7514763779527559,
        "f1": 0.7313218390804598,
        "support": 2032
      },
      "1": {
        "grade": "6C/6C+",
        "precision": 0.4120117597648047,
        "recall": 0.5801301005322295,
        "f1": 0.4818271119842829,
        "support": 1691
      },
      "2": {
        "grade": "7A",
        "precision": 0.22,
        "recall": 0.027194066749072928,
        "f1": 0.0484048404840484,
        "support": 809
      },
      "3": {
        "grade": "7A+",
        "precision": 0.20382165605095542,
        "recall": 0.05203252032520325,
        "f1": 0.08290155440414508,
        "support": 615
      },
      "4": {
        "grade": "7B/7B+",
        "precision": 0.3037878787878788,
        "recall": 0.631496062992126,
        "f1": 0.41023017902813297,
        "support": 635
      },
      "5": {
        "grade": "7C",
        "precision": 0.13636363636363635,
        "recall": 0.014150943396226415,
        "f1": 0.02564102564102564,
        "support": 212
      },
      "6": {
        "grade": "7C+",
        "precision": 0.0,
        "recall": 0.0,
        "f1": 0.0,
        "support": 78
      },
      "7": {
        "grade": "8A",
        "precision": 0.0,
        "recall": 0.0,
        "f1": 0.0,
        "support": 36
      },
      "8": {
        "grade": "8A+",
        "precision": 0.0,
        "recall": 0.0,
        "f1": 0.0,
        "support": 10
      },
      "9": {
        "grade": "8B",
        "precision": 0.0,
        "recall": 0.0,
        "f1": 0.0,
        "support": 6
      }
    }
  },
  "epoch": 18
}