{
  "thresholds": [
    0.5119999647140503,
    1.812000036239624,
    2.453866720199585,
    2.676053285598755,
    4.349999904632568,
    5.5,
    6.5,
    7.5,
    8.5
  ],
  "test": {
    "exact_acc": 0.48840627041149576,
    "micro_f1": 0.48840627041149576,
    "relaxed_acc": 0.8254408883082952,
    "within2_acc": 0.931907250163292,
    "macro_f1": 0.19869515869889068,
    "weighted_f1": 0.45348891829583254,
    "rare_f1_5_9": 0.024516129032258062,
    "rare_recall_5_9": 0.017924528301886792,
    "rare_precision_5_9": 0.03877551020408163,
    "mse_argmax": 1.4998367080339647,
    "rmse_argmax": 1.2246782059112364,
    "mae_argmax": 0.7709013716525147,
    "mse_expected": 1.2457301443729045,
    "rmse_expected": 1.1161228177816742,
    "mae_expected": 0.7560147281562792,
    "confusion_matrix": [
      [
        1463,
        500,
        23,
        4,
        40,
        2,
        0,
        0,
        0,
        0
      ],
      [
        459,
        1021,
        78,
        21,
        112,
        0,
        0,
        0,
        0,
        0
      ],
      [
        60,
        452,
        91,
        22,
        182,
        2,
        0,
        0,
        0,
        0
      ],
      [
        14,
        242,
        75,
        26,
        252,
        6,
        0,
        0,
        0,
        0
      ],
      [
        6,
        155,
        53,
        27,
        371,
        23,
        0,
        0,
        0,
        0
      ],
      [
        0,
        17,
        16,
        8,
        152,
        19,
        0,
        0,
        0,
        0
      ],
      [
        1,
        4,
        4,
        4,
        41,
        24,
        0,
        0,
        0,
        0
      ],
      [
        0,
        0,
        0,
        1,
        19,
        16,
        0,
        0,
        0,
        0
      ],
      [
        0,
        0,
        0,
        0,
        5,
        5,
        0,
        0,
        0,
        0
      ],
      [
        0,
        1,
        0,
        0,
        4,
        1,
        0,
        0,
        0,
        0
      ]
    ]
  }
}