{
  "val": {
    "exact_acc": 0.4627474994896918,
    "micro_f1": 0.4627474994896918,
    "relaxed_acc": 0.8307817922024903,
    "within2_acc": 0.9403959991835068,
    "macro_f1": 0.20789206976407854,
    "weighted_f1": 0.44754851278305935,
    "rare_f1_5_9": 0.03389830508474576,
    "rare_recall_5_9": 0.023529411764705882,
    "rare_precision_5_9": 0.06060606060606061,
    "mse_argmax": 1.4529495815472546,
    "rmse_argmax": 1.205383582743375,
    "mae_argmax": 0.7809757093284344,
    "mse_expected": 1.2096402107640676,
    "rmse_expected": 1.0998364472793523,
    "mae_expected": 0.8119079676376145,
    "confusion_matrix": [
      [
        1156,
        391,
        47,
        7,
        24,
        1,
        0,
        0,
        0,
        0
      ],
      [
        428,
        653,
        165,
        36,
        70,
        0,
        0,
        0,
        0,
        0
      ],
      [
        47,
        307,
        153,
        33,
        105,
        2,
        0,
        0,
        0,
        0
      ],
      [
        17,
        135,
        134,
        54,
        146,
        6,
        0,
        0,
        0,
        0
      ],
      [
        5,
        86,
        104,
        68,
        231,
        14,
        0,
        0,
        0,
        0
      ],
      [
        2,
        9,
        21,
        9,
        109,
        20,
        0,
        0,
        0,
        0
      ],
      [
        0,
        6,
        4,
        4,
        40,
        8,
        0,
        0,
        0,
        0
      ],
      [
        0,
        0,
        0,
        0,
        21,
        8,
        0,
        0,
        0,
        0
      ],
      [
        0,
        0,
        1,
        0,
        3,
        4,
        0,
        0,
        0,
        0
      ],
      [
        0,
        0,
        0,
        0,
        2,
        3,
        0,
        0,
        0,
        0
      ]
    ],
    "per_class": {
      "0": {
        "grade": "6B/6B+",
        "precision": 0.6984894259818731,
        "recall": 0.7109471094710947,
        "f1": 0.7046632124352331,
        "support": 1626
      },
      "1": {
        "grade": "6C/6C+",
        "precision": 0.4114681789540013,
        "recall": 0.48298816568047337,
        "f1": 0.4443688329363729,
        "support": 1352
      },
      "2": {
        "grade": "7A",
        "precision": 0.24324324324324326,
        "recall": 0.23647604327666152,
        "f1": 0.23981191222570533,
        "support": 647
      },
      "3": {
        "grade": "7A+",
        "precision": 0.2559241706161137,
        "recall": 0.10975609756097561,
        "f1": 0.15362731152204837,
        "support": 492
      },
      "4": {
        "grade": "7B/7B+",
        "precision": 0.30758988015978694,
        "recall": 0.4547244094488189,
        "f1": 0.3669579030976966,
        "support": 508
      },
      "5": {
        "grade": "7C",
        "precision": 0.30303030303030304,
        "recall": 0.11764705882352941,
        "f1": 0.1694915254237288,
        "support": 170
      },
      "6": {
        "grade": "7C+",
        "precision": 0.0,
        "recall": 0.0,
        "f1": 0.0,
        "support": 62
      },
      "7": {
        "grade": "8A",
        "precision": 0.0,
        "recall": 0.0,
        "f1": 0.0,
        "support": 29
      },
      "8": {
        "grade": "8A+",
        "precision": 0.0,
        "recall": 0.0,
        "f1": 0.0,
        "support": 8
      },
      "9": {
        "grade": "8B",
        "precision": 0.0,
        "recall": 0.0,
        "f1": 0.0,
        "support": 5
      }
    }
  },
  "test": {
    "exact_acc": 0.48416067929457873,
    "micro_f1": 0.48416067929457873,
    "relaxed_acc": 0.8324624428478119,
    "within2_acc": 0.9435009797517963,
    "macro_f1": 0.2095267025904591,
    "weighted_f1": 0.46542500452242874,
    "rare_f1_5_9": 0.020408163265306124,
    "rare_recall_5_9": 0.014150943396226415,
    "rare_precision_5_9": 0.036585365853658534,
    "mse_argmax": 1.4248856956237752,
    "rmse_argmax": 1.1936857608364837,
    "mae_argmax": 0.7563683866753755,
    "mse_expected": 1.1390046595393595,
    "rmse_expected": 1.067241612541115,
    "mae_expected": 0.7772995757368977,
    "confusion_matrix": [
      [
        1496,
        446,
        45,
        11,
        32,
        2,
        0,
        0,
        0,
        0
      ],
      [
        497,
        887,
        186,
        45,
        76,
        0,
        0,
        0,
        0,
        0
      ],
      [
        65,
        359,
        197,
        48,
        138,
        2,
        0,
        0,
        0,
        0
      ],
      [
        14,
        195,
        156,
        64,
        181,
        5,
        0,
        0,
        0,
        0
      ],
      [
        9,
        106,
        124,
        72,
        306,
        18,
        0,
        0,
        0,
        0
      ],
      [
        0,
        16,
        24,
        10,
        147,
        15,
        0,
        0,
        0,
        0
      ],
      [
        1,
        4,
        7,
        1,
        42,
        23,
        0,
        0,
        0,
        0
      ],
      [
        0,
        0,
        1,
        0,
        24,
        11,
        0,
        0,
        0,
        0
      ],
      [
        0,
        0,
        0,
        0,
        5,
        5,
        0,
        0,
        0,
        0
      ],
      [
        0,
        1,
        0,
        1,
        3,
        1,
        0,
        0,
        0,
        0
      ]
    ],
    "per_class": {
      "0": {
        "grade": "6B/6B+",
        "precision": 0.7185398655139289,
        "recall": 0.7362204724409449,
        "f1": 0.7272727272727273,
        "support": 2032
      },
      "1": {
        "grade": "6C/6C+",
        "precision": 0.4404170804369414,
        "recall": 0.524541691306919,
        "f1": 0.47881241565452093,
        "support": 1691
      },
      "2": {
        "grade": "7A",
        "precision": 0.2662162162162162,
        "recall": 0.24351050679851668,
        "f1": 0.2543576500968367,
        "support": 809
      },
      "3": {
        "grade": "7A+",
        "precision": 0.25396825396825395,
        "recall": 0.1040650406504065,
        "f1": 0.14763552479815456,
        "support": 615
      },
      "4": {
        "grade": "7B/7B+",
        "precision": 0.32075471698113206,
        "recall": 0.4818897637795276,
        "f1": 0.38514789175582126,
        "support": 635
      },
      "5": {
        "grade": "7C",
        "precision": 0.18292682926829268,
        "recall": 0.07075471698113207,
        "f1": 0.10204081632653061,
        "support": 212
      },
      "6": {
        "grade": "7C+",
        "precision": 0.0,
        "recall": 0.0,
        "f1": 0.0,
        "support": 78
      },
      "7": {
        "grade": "8A",
        "precision": 0.0,
        "recall": 0.0,
        "f1": 0.0,
        "support": 36
      },
      "8": {
        "grade": "8A+",
        "precision": 0.0,
        "recall": 0.0,
        "f1": 0.0,
        "support": 10
      },
      "9": {
        "grade": "8B",
        "precision": 0.0,
        "recall": 0.0,
        "f1": 0.0,
        "support": 6
      }
    }
  },
  "epoch": 13
}