{
  "val": {
    "exact_acc": 0.4764237599510104,
    "micro_f1": 0.4764237599510104,
    "relaxed_acc": 0.8136354358032252,
    "within2_acc": 0.9226372729128394,
    "macro_f1": 0.18370021155043378,
    "weighted_f1": 0.4289859180364747,
    "rare_f1_5_9": 0.014893617021276595,
    "rare_recall_5_9": 0.00823529411764706,
    "rare_precision_5_9": 0.07777777777777778,
    "mse_argmax": 1.6129822412737294,
    "rmse_argmax": 1.2700323780414928,
    "mae_argmax": 0.8066952439273322,
    "mse_expected": 1.3086454385085904,
    "rmse_expected": 1.1439604182438265,
    "mae_expected": 0.7862631919358891,
    "confusion_matrix": [
      [
        1189,
        388,
        10,
        5,
        34,
        0,
        0,
        0,
        0,
        0
      ],
      [
        451,
        745,
        28,
        17,
        111,
        0,
        0,
        0,
        0,
        0
      ],
      [
        60,
        381,
        37,
        16,
        153,
        0,
        0,
        0,
        0,
        0
      ],
      [
        19,
        211,
        27,
        20,
        214,
        1,
        0,
        0,
        0,
        0
      ],
      [
        8,
        130,
        20,
        13,
        336,
        1,
        0,
        0,
        0,
        0
      ],
      [
        2,
        18,
        5,
        7,
        131,
        7,
        0,
        0,
        0,
        0
      ],
      [
        0,
        7,
        0,
        1,
        52,
        2,
        0,
        0,
        0,
        0
      ],
      [
        0,
        0,
        0,
        0,
        26,
        3,
        0,
        0,
        0,
        0
      ],
      [
        0,
        1,
        0,
        0,
        4,
        3,
        0,
        0,
        0,
        0
      ],
      [
        0,
        0,
        0,
        0,
        4,
        1,
        0,
        0,
        0,
        0
      ]
    ]
  },
  "test": {
    "exact_acc": 0.48416067929457873,
    "micro_f1": 0.48416067929457873,
    "relaxed_acc": 0.813847158719791,
    "within2_acc": 0.9248856956237753,
    "macro_f1": 0.1765892185655577,
    "weighted_f1": 0.4313537860849703,
    "rare_f1_5_9": 0.008368200836820083,
    "rare_recall_5_9": 0.004716981132075472,
    "rare_precision_5_9": 0.037037037037037035,
    "mse_argmax": 1.5978118876551273,
    "rmse_argmax": 1.2640458408044888,
    "mae_argmax": 0.797028086218158,
    "mse_expected": 1.2500850275300974,
    "rmse_expected": 1.1180720135707258,
    "mae_expected": 0.757359013945646,
    "confusion_matrix": [
      [
        1552,
        417,
        10,
        5,
        47,
        1,
        0,
        0,
        0,
        0
      ],
      [
        549,
        960,
        35,
        20,
        127,
        0,
        0,
        0,
        0,
        0
      ],
      [
        71,
        479,
        27,
        21,
        211,
        0,
        0,
        0,
        0,
        0
      ],
      [
        15,
        277,
        24,
        17,
        281,
        1,
        0,
        0,
        0,
        0
      ],
      [
        10,
        172,
        21,
        24,
        404,
        4,
        0,
        0,
        0,
        0
      ],
      [
        0,
        22,
        4,
        4,
        177,
        5,
        0,
        0,
        0,
        0
      ],
      [
        1,
        6,
        2,
        1,
        60,
        8,
        0,
        0,
        0,
        0
      ],
      [
        0,
        0,
        1,
        0,
        30,
        5,
        0,
        0,
        0,
        0
      ],
      [
        0,
        0,
        0,
        0,
        7,
        3,
        0,
        0,
        0,
        0
      ],
      [
        0,
        1,
        0,
        0,
        5,
        0,
        0,
        0,
        0,
        0
      ]
    ]
  },
  "bias": [
    0.0,
    0.0,
    0.0,
    0.0,
    0.0,
    0.0,
    0.0,
    0.0,
    0.0,
    0.0
  ]
}